// Auto-generated colored RGB565A8 icons for the status page (v2.1).
// Generated by tools/gen_status_icons.py (PIL supersample -> RGB565A8).
// Union Jack + 7 weather-condition icons + 5 agent icons. Color preserved.
#pragma once
#include <stdint.h>

#define ICON_FLAG_UK_W 30
#define ICON_FLAG_UK_H 18
static const uint8_t icon_flag_uk_data[1620] = {
    0x24, 0xC0, 0x65, 0xC0, 0x0B, 0xD2, 0x5A, 0xF6, 0xFF, 0xFF, 0xDD, 0xCE, 0xB2, 0x3A, 0xED, 0x00,
    0x4E, 0x01, 0xAF, 0x09, 0x0E, 0x01, 0x13, 0x43, 0xFF, 0xFF, 0x6C, 0xD2, 0x24, 0xC0, 0x24, 0xC0,
    0x6C, 0xD2, 0xFF, 0xFF, 0x13, 0x43, 0x0E, 0x01, 0xAF, 0x09, 0x4E, 0x01, 0xED, 0x00, 0x51, 0x2A,
    0x5B, 0xBE, 0xFF, 0xFF, 0xDB, 0xF6, 0x8C, 0xD2, 0x65, 0xC0, 0x24, 0xC0, 0xCE, 0xD2, 0x44, 0xC0,
    0x03, 0xC0, 0xA6, 0xC8, 0xD1, 0xE3, 0xBE, 0xFF, 0xFF, 0xFF, 0x18, 0x95, 0xCF, 0x11, 0x0E, 0x01,
    0x0E, 0x01, 0x13, 0x43, 0xFF, 0xFF, 0x6C, 0xD2, 0x24, 0xC0, 0x24, 0xC0, 0x6C, 0xD2, 0xFF, 0xFF,
    0x13, 0x43, 0x2E, 0x01, 0x0E, 0x01, 0x8F, 0x09, 0x97, 0x84, 0xFF, 0xF7, 0xFF, 0xFF, 0x53, 0xE4,
    0xE7, 0xC8, 0x03, 0xC0, 0x24, 0xC0, 0x4C, 0xD2, 0xFF, 0xFF, 0xF8, 0xF5, 0xA9, 0xC9, 0x03, 0xC0,
    0x03, 0xC0, 0x48, 0xC9, 0x36, 0xED, 0xFF, 0xFF, 0xBF, 0xEF, 0xF5, 0x63, 0xCD, 0x00, 0xD2, 0x32,
    0xFF, 0xFF, 0x6C, 0xD2, 0x24, 0xC0, 0x24, 0xC0, 0x6C, 0xD2, 0xFF, 0xFF, 0xD2, 0x3A, 0xAD, 0x00,
    0x74, 0x53, 0x5E, 0xDF, 0xFF, 0xFF, 0xB7, 0xF5, 0xA9, 0xC9, 0x03, 0xC0, 0x03, 0xC0, 0x48, 0xC9,
    0x77, 0xED, 0xFF, 0xFF, 0x56, 0x7C, 0xFF, 0xF7, 0xFF, 0xFF, 0x93, 0xE4, 0xE7, 0xC8, 0x03, 0xC0,
    0x04, 0xC0, 0x4C, 0xD2, 0xBB, 0xFE, 0xFF, 0xFF, 0x5B, 0xBE, 0x56, 0x74, 0xFF, 0xFF, 0x6C, 0xD2,
    0x24, 0xC0, 0x24, 0xC0, 0x6C, 0xD2, 0xFF, 0xFF, 0xF5, 0x63, 0xDA, 0xAD, 0xFF, 0xFF, 0x3C, 0xFF,
    0xCE, 0xD2, 0x24, 0xC0, 0x03, 0xC0, 0xA6, 0xC8, 0xF1, 0xE3, 0xFF, 0xFF, 0xFF, 0xFF, 0xF7, 0x8C,
    0x8C, 0x00, 0x8F, 0x09, 0x38, 0x95, 0xFF, 0xFF, 0x1C, 0xFF, 0x0E, 0xDB, 0x45, 0xC0, 0x02, 0xC0,
    0x04, 0xC0, 0x2F, 0xDB, 0x5D, 0xFF, 0xFF, 0xFF, 0xFF, 0xFF, 0x6C, 0xD2, 0x24, 0xC0, 0x24, 0xC0,
    0x6C, 0xD2, 0xFF, 0xFF, 0xFF, 0xFF, 0xBE, 0xFF, 0xD1, 0xDB, 0x24, 0xC0, 0x02, 0xC0, 0x24, 0xC0,
    0x8C, 0xD2, 0x9B, 0xF6, 0xFF, 0xFF, 0xBA, 0xA5, 0xF0, 0x19, 0x8C, 0x00, 0x33, 0x43, 0xF2, 0x3A,
    0x91, 0x32, 0xB7, 0x84, 0xDF, 0xF7, 0xFF, 0xFF, 0xB8, 0xED, 0x8D, 0xD2, 0x4C, 0xD2, 0xCA, 0xD1,
    0x0E, 0xDB, 0xBB, 0xF6, 0xFF, 0xFF, 0x6C, 0xD2, 0x24, 0xC0, 0x24, 0xC0, 0x6C, 0xD2, 0xFF, 0xFF,
    0x1C, 0xFF, 0x70, 0xDB, 0xCA, 0xD1, 0x4C, 0xD2, 0x6C, 0xD2, 0x56, 0xED, 0xFF, 0xFF, 0xFF, 0xFF,
    0x18, 0x95, 0xB2, 0x3A, 0xD2, 0x3A, 0x33, 0x43, 0xFF, 0xFF, 0xFF, 0xFF, 0xFF, 0xFF, 0xFF, 0xFF,
    0xFF, 0xFF, 0xFF, 0xFF, 0xFF, 0xFF, 0xFF, 0xFF, 0xFF, 0xFF, 0xFF, 0xFF, 0xFF, 0xFF, 0xFF, 0xFF,
    0xFF, 0xFF, 0x8C, 0xD2, 0x24, 0xC0, 0x24, 0xC0, 0x8C, 0xD2, 0xFF, 0xFF, 0xFF, 0xFF, 0xFF, 0xFF,
    0xFF, 0xFF, 0xFF, 0xFF, 0xFF, 0xFF, 0xFF, 0xFF, 0xFF, 0xFF, 0xFF, 0xFF, 0xFF, 0xFF, 0xFF, 0xFF,
    0xFF, 0xFF, 0xFF, 0xFF, 0x6C, 0xD2, 0x6C, 0xD2, 0x6C, 0xD2, 0x6C, 0xD2, 0x6C, 0xD2, 0x6C, 0xD2,
    0x4C, 0xD2, 0x4C, 0xD2, 0x6C, 0xD2, 0x4C, 0xD2, 0x6C, 0xD2, 0x6C, 0xD2, 0x6C, 0xD2, 0x07, 0xC9,
    0x65, 0xC0, 0x65, 0xC0, 0x07, 0xC9, 0x6C, 0xD2, 0x6C, 0xD2, 0x6C, 0xD2, 0x4C, 0xD2, 0x6C, 0xD2,
    0x4C, 0xD2, 0x4C, 0xD2, 0x6C, 0xD2, 0x6C, 0xD2, 0x6C, 0xD2, 0x6C, 0xD2, 0x6C, 0xD2, 0x6C, 0xD2,
    0x24, 0xC0, 0x24, 0xC0, 0x24, 0xC0, 0x24, 0xC0, 0x24, 0xC0, 0x24, 0xC0, 0x24, 0xC0, 0x24, 0xC0,
    0x24, 0xC0, 0x24, 0xC0, 0x24, 0xC0, 0x24, 0xC0, 0x24, 0xC0, 0x65, 0xC0, 0x85, 0xC8, 0x85, 0xC8,
    0x65, 0xC0, 0x24, 0xC0, 0x24, 0xC0, 0x24, 0xC0, 0x24, 0xC0, 0x24, 0xC0, 0x24, 0xC0, 0x24, 0xC0,
    0x24, 0xC0, 0x24, 0xC0, 0x24, 0xC0, 0x24, 0xC0, 0x24, 0xC0, 0x24, 0xC0, 0x24, 0xC0, 0x24, 0xC0,
    0x24, 0xC0, 0x24, 0xC0, 0x24, 0xC0, 0x24, 0xC0, 0x24, 0xC0, 0x24, 0xC0, 0x24, 0xC0, 0x24, 0xC0,
    0x24, 0xC0, 0x24, 0xC0, 0x24, 0xC0, 0x65, 0xC0, 0x85, 0xC8, 0x85, 0xC8, 0x65, 0xC0, 0x24, 0xC0,
    0x24, 0xC0, 0x24, 0xC0, 0x24, 0xC0, 0x24, 0xC0, 0x24, 0xC0, 0x24, 0xC0, 0x24, 0xC0, 0x24, 0xC0,
    0x24, 0xC0, 0x24, 0xC0, 0x24, 0xC0, 0x24, 0xC0, 0x6C, 0xD2, 0x6C, 0xD2, 0x6C, 0xD2, 0x6C, 0xD2,
    0x6C, 0xD2, 0x6C, 0xD2, 0x6C, 0xD2, 0x4C, 0xD2, 0x6C, 0xD2, 0x4C, 0xD2, 0x6C, 0xD2, 0x6C, 0xD2,
    0x6C, 0xD2, 0x07, 0xC9, 0x65, 0xC0, 0x65, 0xC0, 0x07, 0xC9, 0x6C, 0xD2, 0x6C, 0xD2, 0x6C, 0xD2,
    0x4C, 0xD2, 0x6C, 0xD2, 0x4C, 0xD2, 0x4C, 0xD2, 0x6C, 0xD2, 0x6C, 0xD2, 0x6C, 0xD2, 0x6C, 0xD2,
    0x6C, 0xD2, 0x6C, 0xD2, 0xFF, 0xFF, 0xFF, 0xFF, 0xFF, 0xFF, 0xFF, 0xFF, 0xFF, 0xFF, 0xFF, 0xFF,
    0xFF, 0xFF, 0xFF, 0xFF, 0xFF, 0xFF, 0xFF, 0xFF, 0xFF, 0xFF, 0xFF, 0xFF, 0xFF, 0xFF, 0x8C, 0xD2,
    0x24, 0xC0, 0x24, 0xC0, 0x8C, 0xD2, 0xFF, 0xFF, 0xFF, 0xFF, 0xFF, 0xFF, 0xFF, 0xFF, 0xFF, 0xFF,
    0xFF, 0xFF, 0xFF, 0xFF, 0xFF, 0xFF, 0xFF, 0xFF, 0xFF, 0xFF, 0xFF, 0xFF, 0xFF, 0xFF, 0xFF, 0xFF,
    0x33, 0x43, 0x13, 0x43, 0x91, 0x32, 0xF5, 0x6B, 0x5E, 0xE7, 0xFF, 0xFF, 0xDB, 0xF6, 0x2E, 0xDB,
    0x4C, 0xD2, 0xEA, 0xD1, 0x4C, 0xD2, 0xD8, 0xED, 0xFF, 0xFF, 0x6C, 0xD2, 0x24, 0xC0, 0x24, 0xC0,
    0x6C, 0xD2, 0xFF, 0xFF, 0x39, 0xF6, 0x8D, 0xD2, 0xEA, 0xD1, 0x6C, 0xD2, 0xCD, 0xDA, 0x7A, 0xF6,
    0xFF, 0xFF, 0x9F, 0xEF, 0x56, 0x7C, 0x91, 0x32, 0xF2, 0x3A, 0x33, 0x43, 0xAD, 0x00, 0x2E, 0x01,
    0x56, 0x74, 0xDF, 0xEF, 0xDF, 0xFF, 0x52, 0xE4, 0xC6, 0xC8, 0x03, 0xC0, 0x02, 0xC0, 0x0B, 0xD2,
    0x7A, 0xFE, 0xFF, 0xFF, 0xFF, 0xFF, 0x6C, 0xD2, 0x24, 0xC0, 0x24, 0xC0, 0x6C, 0xD2, 0xFF, 0xFF,
    0xFF, 0xFF, 0xFB, 0xFE, 0x8C, 0xD2, 0x03, 0xC0, 0x03, 0xC0, 0x85, 0xC8, 0xB1, 0xDB, 0x9E, 0xFF,
    0xFF, 0xF7, 0xD7, 0x84, 0x6E, 0x09, 0x8C, 0x00, 0x94, 0x5B, 0x5E, 0xDF, 0xFF, 0xFF, 0xD8, 0xF5,
    0xA9, 0xD1, 0x03, 0xC0, 0x03, 0xC0, 0x68, 0xC9, 0x77, 0xED, 0xFF, 0xFF, 0x3E, 0xD7, 0xF7, 0x8C,
    0xFF, 0xFF, 0x6C, 0xD2, 0x24, 0xC0, 0x24, 0xC0, 0x6C, 0xD2, 0xFF, 0xFF, 0x96, 0x7C, 0xBC, 0xC6,
    0xFF, 0xFF, 0xF8, 0xF5, 0xCA, 0xC9, 0x03, 0xC0, 0x03, 0xC0, 0x48, 0xC9, 0x36, 0xED, 0xFF, 0xFF,
    0xBF, 0xEF, 0x15, 0x6C, 0xFF, 0xFF, 0x3C, 0xFF, 0xCD, 0xD2, 0x24, 0xC0, 0x03, 0xC0, 0x86, 0xC8,
    0xF1, 0xE3, 0xFF, 0xFF, 0xFF, 0xFF, 0xB7, 0x84, 0x0E, 0x01, 0xB2, 0x32, 0xFF, 0xFF, 0x6C, 0xD2,
    0x24, 0xC0, 0x24, 0xC0, 0x6C, 0xD2, 0xFF, 0xFF, 0xB2, 0x32, 0xED, 0x00, 0x36, 0x74, 0xFF, 0xF7,
    0xFF, 0xFF, 0x73, 0xE4, 0xC6, 0xC8, 0x03, 0xC0, 0x04, 0xC0, 0x4C, 0xD2, 0xBB, 0xFE, 0xFF, 0xFF,
    0x12, 0xE4, 0xA6, 0xC8, 0x03, 0xC0, 0x45, 0xC0, 0xAD, 0xDA, 0xBB, 0xFE, 0xFF, 0xFF, 0xFA, 0xAD,
    0x51, 0x2A, 0x0E, 0x01, 0x0E, 0x01, 0x33, 0x43, 0xFF, 0xFF, 0x6C, 0xD2, 0x24, 0xC0, 0x24, 0xC0,
    0x6C, 0xD2, 0xFF, 0xFF, 0x33, 0x43, 0x0E, 0x01, 0x0E, 0x01, 0xF0, 0x19, 0x79, 0x9D, 0xFF, 0xFF,
    0x3C, 0xFF, 0x2E, 0xDB, 0x65, 0xC0, 0x03, 0xC0, 0x85, 0xC0, 0x90, 0xDB, 0x04, 0xC0, 0x45, 0xC0,
    0x28, 0xC9, 0x35, 0xED, 0xFF, 0xFF, 0x9F, 0xE7, 0x94, 0x5B, 0x0E, 0x01, 0x2E, 0x01, 0xAF, 0x09,
    0x0E, 0x01, 0x13, 0x43, 0xFF, 0xFF, 0x6C, 0xD2, 0x24, 0xC0, 0x24, 0xC0, 0x6C, 0xD2, 0xFF, 0xFF,
    0x13, 0x43, 0x0E, 0x01, 0xAF, 0x09, 0x4E, 0x01, 0xED, 0x00, 0x13, 0x4B, 0x3E, 0xDF, 0xFF, 0xFF,
    0xB7, 0xED, 0x69, 0xC9, 0x45, 0xC0, 0x04, 0xC0, 0xFF, 0xFF, 0xFF, 0xFF, 0xFF, 0xFF, 0xFF, 0xFF,
    0xFF, 0xFF, 0xFF, 0xFF, 0xFF, 0xFF, 0xFF, 0xFF, 0xFF, 0xFF, 0xFF, 0xFF, 0xFF, 0xFF, 0xFF, 0xFF,
    0xFF, 0xFF, 0xFF, 0xFF, 0xFF, 0xFF, 0xFF, 0xFF, 0xFF, 0xFF, 0xFF, 0xFF, 0xFF, 0xFF, 0xFF, 0xFF,
    0xFF, 0xFF, 0xFF, 0xFF, 0xFF, 0xFF, 0xFF, 0xFF, 0xFF, 0xFF, 0xFF, 0xFF, 0xFF, 0xFF, 0xFF, 0xFF,
    0xFF, 0xFF, 0xFF, 0xFF, 0xFF, 0xFF, 0xFF, 0xFF, 0xFF, 0xFF, 0xFF, 0xFF, 0xFF, 0xFF, 0xFF, 0xFF,
    0xFF, 0xFF, 0xFF, 0xFF, 0xFF, 0xFF, 0xFF, 0xFF, 0xFF, 0xFF, 0xFF, 0xFF, 0xFF, 0xFF, 0xFF, 0xFF,
    0xFF, 0xFF, 0xFF, 0xFF, 0xFF, 0xFF, 0xFF, 0xFF, 0xFF, 0xFF, 0xFF, 0xFF, 0xFF, 0xFF, 0xFF, 0xFF,
    0xFF, 0xFF, 0xFF, 0xFF, 0xFF, 0xFF, 0xFF, 0xFF, 0xFF, 0xFF, 0xFF, 0xFF, 0xFF, 0xFF, 0xFF, 0xFF,
    0xFF, 0xFF, 0xFF, 0xFF, 0xFF, 0xFF, 0xFF, 0xFF, 0xFF, 0xFF, 0xFF, 0xFF, 0xFF, 0xFF, 0xFF, 0xFF,
    0xFF, 0xFF, 0xFF, 0xFF, 0xFF, 0xFF, 0xFF, 0xFF, 0xFF, 0xFF, 0xFF, 0xFF, 0xFF, 0xFF, 0xFF, 0xFF,
    0xFF, 0xFF, 0xFF, 0xFF, 0xFF, 0xFF, 0xFF, 0xFF, 0xFF, 0xFF, 0xFF, 0xFF, 0xFF, 0xFF, 0xFF, 0xFF,
    0xFF, 0xFF, 0xFF, 0xFF, 0xFF, 0xFF, 0xFF, 0xFF, 0xFF, 0xFF, 0xFF, 0xFF, 0xFF, 0xFF, 0xFF, 0xFF,
    0xFF, 0xFF, 0xFF, 0xFF, 0xFF, 0xFF, 0xFF, 0xFF, 0xFF, 0xFF, 0xFF, 0xFF, 0xFF, 0xFF, 0xFF, 0xFF,
    0xFF, 0xFF, 0xFF, 0xFF, 0xFF, 0xFF, 0xFF, 0xFF, 0xFF, 0xFF, 0xFF, 0xFF, 0xFF, 0xFF, 0xFF, 0xFF,
    0xFF, 0xFF, 0xFF, 0xFF, 0xFF, 0xFF, 0xFF, 0xFF, 0xFF, 0xFF, 0xFF, 0xFF, 0xFF, 0xFF, 0xFF, 0xFF,
    0xFF, 0xFF, 0xFF, 0xFF, 0xFF, 0xFF, 0xFF, 0xFF, 0xFF, 0xFF, 0xFF, 0xFF, 0xFF, 0xFF, 0xFF, 0xFF,
    0xFF, 0xFF, 0xFF, 0xFF, 0xFF, 0xFF, 0xFF, 0xFF, 0xFF, 0xFF, 0xFF, 0xFF, 0xFF, 0xFF, 0xFF, 0xFF,
    0xFF, 0xFF, 0xFF, 0xFF, 0xFF, 0xFF, 0xFF, 0xFF, 0xFF, 0xFF, 0xFF, 0xFF, 0xFF, 0xFF, 0xFF, 0xFF,
    0xFF, 0xFF, 0xFF, 0xFF, 0xFF, 0xFF, 0xFF, 0xFF, 0xFF, 0xFF, 0xFF, 0xFF, 0xFF, 0xFF, 0xFF, 0xFF,
    0xFF, 0xFF, 0xFF, 0xFF, 0xFF, 0xFF, 0xFF, 0xFF, 0xFF, 0xFF, 0xFF, 0xFF, 0xFF, 0xFF, 0xFF, 0xFF,
    0xFF, 0xFF, 0xFF, 0xFF, 0xFF, 0xFF, 0xFF, 0xFF, 0xFF, 0xFF, 0xFF, 0xFF, 0xFF, 0xFF, 0xFF, 0xFF,
    0xFF, 0xFF, 0xFF, 0xFF, 0xFF, 0xFF, 0xFF, 0xFF, 0xFF, 0xFF, 0xFF, 0xFF, 0xFF, 0xFF, 0xFF, 0xFF,
    0xFF, 0xFF, 0xFF, 0xFF, 0xFF, 0xFF, 0xFF, 0xFF, 0xFF, 0xFF, 0xFF, 0xFF, 0xFF, 0xFF, 0xFF, 0xFF,
    0xFF, 0xFF, 0xFF, 0xFF, 0xFF, 0xFF, 0xFF, 0xFF, 0xFF, 0xFF, 0xFF, 0xFF, 0xFF, 0xFF, 0xFF, 0xFF,
    0xFF, 0xFF, 0xFF, 0xFF, 0xFF, 0xFF, 0xFF, 0xFF, 0xFF, 0xFF, 0xFF, 0xFF, 0xFF, 0xFF, 0xFF, 0xFF,
    0xFF, 0xFF, 0xFF, 0xFF, 0xFF, 0xFF, 0xFF, 0xFF, 0xFF, 0xFF, 0xFF, 0xFF, 0xFF, 0xFF, 0xFF, 0xFF,
    0xFF, 0xFF, 0xFF, 0xFF, 0xFF, 0xFF, 0xFF, 0xFF, 0xFF, 0xFF, 0xFF, 0xFF, 0xFF, 0xFF, 0xFF, 0xFF,
    0xFF, 0xFF, 0xFF, 0xFF, 0xFF, 0xFF, 0xFF, 0xFF, 0xFF, 0xFF, 0xFF, 0xFF, 0xFF, 0xFF, 0xFF, 0xFF,
    0xFF, 0xFF, 0xFF, 0xFF, 0xFF, 0xFF, 0xFF, 0xFF, 0xFF, 0xFF, 0xFF, 0xFF, 0xFF, 0xFF, 0xFF, 0xFF,
    0xFF, 0xFF, 0xFF, 0xFF, 0xFF, 0xFF, 0xFF, 0xFF, 0xFF, 0xFF, 0xFF, 0xFF, 0xFF, 0xFF, 0xFF, 0xFF,
    0xFF, 0xFF, 0xFF, 0xFF, 0xFF, 0xFF, 0xFF, 0xFF, 0xFF, 0xFF, 0xFF, 0xFF, 0xFF, 0xFF, 0xFF, 0xFF,
    0xFF, 0xFF, 0xFF, 0xFF, 0xFF, 0xFF, 0xFF, 0xFF, 0xFF, 0xFF, 0xFF, 0xFF, 0xFF, 0xFF, 0xFF, 0xFF,
    0xFF, 0xFF, 0xFF, 0xFF, 0xFF, 0xFF, 0xFF, 0xFF, 0xFF, 0xFF, 0xFF, 0xFF, 0xFF, 0xFF, 0xFF, 0xFF,
    0xFF, 0xFF, 0xFF, 0xFF, 0xFF, 0xFF, 0xFF, 0xFF, 0xFF, 0xFF, 0xFF, 0xFF, 0xFF, 0xFF, 0xFF, 0xFF,
    0xFF, 0xFF, 0xFF, 0xFF
};

#define ICON_WX_SUN_W 40
#define ICON_WX_SUN_H 40
static const uint8_t icon_wx_sun_data[4800] = {
    0x00, 0x00, 0x00, 0x00, 0x00, 0x00, 0x00, 0x00, 0x00, 0x00, 0x00, 0x00, 0x00, 0x00, 0x00, 0x00,
    0x00, 0x00, 0x00, 0x00, 0x00, 0x00, 0x00, 0x00, 0x00, 0x00, 0x00, 0x00, 0x00, 0x00, 0x00, 0x00,
    0xE7, 0xFD, 0x00, 0x00, 0xE7, 0xF5, 0x47, 0xFE, 0x47, 0xFE, 0xE7, 0xF5, 0x00, 0x00, 0xE7, 0xFD,
    0x00, 0x00, 0x00, 0x00, 0x00, 0x00, 0x00, 0x00, 0x00, 0x00, 0x00, 0x00, 0x00, 0x00, 0x00, 0x00,
    0x00, 0x00, 0x00, 0x00, 0x00, 0x00, 0x00, 0x00, 0x00, 0x00, 0x00, 0x00, 0x00, 0x00, 0x00, 0x00,
    0x00, 0x00, 0x00, 0x00, 0x00, 0x00, 0x00, 0x00, 0x00, 0x00, 0x00, 0x00, 0x00, 0x00, 0x00, 0x00,
    0x00, 0x00, 0x00, 0x00, 0x00, 0x00, 0x00, 0x00, 0x00, 0x00, 0x00, 0x00, 0x00, 0x00, 0x00, 0x00,
    0xE7, 0xFD, 0x00, 0x00, 0xE7, 0xF5, 0x48, 0xFE, 0x47, 0xFE, 0xE7, 0xF5, 0x00, 0x00, 0xE7, 0xFD,
    0x00, 0x00, 0x00, 0x00, 0x00, 0x00, 0x00, 0x00, 0x00, 0x00, 0x00, 0x00, 0x00, 0x00, 0x00, 0x00,
    0x00, 0x00, 0x00, 0x00, 0x00, 0x00, 0x00, 0x00, 0x00, 0x00, 0x00, 0x00, 0x00, 0x00, 0x00, 0x00,
    0x00, 0x00, 0x00, 0x00, 0x00, 0x00, 0x00, 0x00, 0x00, 0x00, 0x00, 0xF8, 0xE0, 0xFB, 0x00, 0x00,
    0x00, 0x00, 0x00, 0x00, 0x00, 0x00, 0x00, 0x00, 0x00, 0x00, 0x00, 0x00, 0x00, 0x00, 0x00, 0x00,
    0xE7, 0xFD, 0x00, 0x00, 0xE7, 0xF5, 0x48, 0xFE, 0x27, 0xFE, 0xC7, 0xF5, 0x00, 0x00, 0xE7, 0xFD,
    0x00, 0x00, 0x00, 0x00, 0x00, 0x00, 0x00, 0x00, 0x00, 0x00, 0x00, 0x00, 0x00, 0x00, 0x00, 0x00,
    0x00, 0x00, 0xE0, 0xFB, 0x00, 0xF8, 0x00, 0x00, 0x00, 0x00, 0x00, 0x00, 0x00, 0x00, 0x00, 0x00,
    0x00, 0x00, 0x00, 0x00, 0x00, 0x00, 0x00, 0x00, 0x00, 0x00, 0x00, 0x00, 0x00, 0x00, 0xE0, 0xFB,
    0x00, 0x00, 0x00, 0x00, 0x00, 0x00, 0x00, 0x00, 0x00, 0x00, 0x00, 0x00, 0x00, 0x00, 0x00, 0x00,
    0xE7, 0xFD, 0x00, 0x00, 0xE7, 0xF5, 0x48, 0xFE, 0x27, 0xFE, 0xE7, 0xF5, 0x00, 0x00, 0xE7, 0xFD,
    0x00, 0x00, 0x00, 0x00, 0x00, 0x00, 0x00, 0x00, 0x00, 0x00, 0x00, 0x00, 0x00, 0x00, 0x00, 0x00,
    0xE0, 0xFB, 0x00, 0x00, 0x00, 0x00, 0x00, 0x00, 0x00, 0x00, 0x00, 0x00, 0x00, 0x00, 0x00, 0x00,
    0x00, 0x00, 0x00, 0x00, 0x00, 0x00, 0xE0, 0xFF, 0x00, 0x00, 0xE0, 0xFB, 0x67, 0xFE, 0x00, 0x00,
    0xE0, 0xFF, 0x00, 0xF8, 0x00, 0x00, 0x00, 0x00, 0x00, 0x00, 0x00, 0x00, 0x00, 0x00, 0x00, 0x00,
    0xE7, 0xFD, 0x00, 0x00, 0xE7, 0xF5, 0x48, 0xFE, 0x27, 0xFE, 0xE7, 0xF5, 0x00, 0x00, 0xE7, 0xFD,
    0x00, 0x00, 0x00, 0x00, 0x00, 0x00, 0x00, 0x00, 0x00, 0x00, 0x00, 0x00, 0x00, 0xF8, 0xE0, 0xFF,
    0x00, 0x00, 0x67, 0xFE, 0xE0, 0xFB, 0x00, 0x00, 0xE0, 0xFF, 0x00, 0x00, 0x00, 0x00, 0x00, 0x00,
    0x00, 0x00, 0x00, 0x00, 0x00, 0x00, 0xE0, 0xFB, 0x27, 0xFE, 0xE7, 0xF5, 0x68, 0xFE, 0xE7, 0xF5,
    0x00, 0x00, 0xEA, 0xFF, 0xE0, 0xFF, 0x00, 0x00, 0x00, 0x00, 0x00, 0x00, 0x00, 0x00, 0x00, 0x00,
    0xE7, 0xFD, 0x00, 0x00, 0xE7, 0xF5, 0x48, 0xFE, 0x27, 0xFE, 0xE7, 0xF5, 0x00, 0x00, 0xE7, 0xFD,
    0x00, 0x00, 0x00, 0x00, 0x00, 0x00, 0x00, 0x00, 0x00, 0x00, 0xE0, 0xFF, 0xEA, 0xFF, 0x00, 0x00,
    0xE7, 0xF5, 0x68, 0xFE, 0xE7, 0xF5, 0x27, 0xFE, 0xE0, 0xFB, 0x00, 0x00, 0x00, 0x00, 0x00, 0x00,
    0x00, 0x00, 0x00, 0x00, 0xE0, 0xFF, 0x00, 0x00, 0x07, 0xF6, 0x47, 0xFE, 0xE7, 0xF5, 0x68, 0xFE,
    0xE7, 0xF5, 0x00, 0x00, 0xE7, 0xBD, 0xE0, 0xFF, 0x00, 0x00, 0x00, 0x00, 0x00, 0x00, 0x00, 0x00,
    0xE7, 0xFD, 0x00, 0x00, 0xE7, 0xF5, 0x48, 0xFE, 0x27, 0xFE, 0xE7, 0xF5, 0x00, 0x00, 0xE7, 0xFD,
    0x00, 0x00, 0x00, 0x00, 0x00, 0x00, 0x00, 0x00, 0xE0, 0xFF, 0xE7, 0xBD, 0x00, 0x00, 0xE7, 0xF5,
    0x68, 0xFE, 0xE7, 0xF5, 0x47, 0xFE, 0x07, 0xF6, 0x00, 0x00, 0xE0, 0xFF, 0x00, 0x00, 0x00, 0x00,
    0x00, 0x00, 0x00, 0x00, 0x00, 0x00, 0xEF, 0xFF, 0xE0, 0xFB, 0xE7, 0xF5, 0x68, 0xFE, 0xE7, 0xF5,
    0x68, 0xFE, 0xE7, 0xF5, 0x00, 0x00, 0x4A, 0xFD, 0x00, 0x00, 0x00, 0x00, 0x00, 0x00, 0x00, 0x00,
    0x00, 0xF8, 0x00, 0x00, 0xE7, 0xF5, 0x48, 0xFE, 0x48, 0xFE, 0xC8, 0xED, 0x00, 0x00, 0x00, 0xF8,
    0x00, 0x00, 0x00, 0x00, 0x00, 0x00, 0x00, 0x00, 0x4A, 0xFD, 0x00, 0x00, 0xE7, 0xF5, 0x68, 0xFE,
    0xE7, 0xF5, 0x68, 0xFE, 0xE7, 0xF5, 0xE0, 0xFB, 0xEF, 0xFF, 0x00, 0x00, 0x00, 0x00, 0x00, 0x00,
    0x00, 0x00, 0x00, 0x00, 0x00, 0x00, 0x00, 0x00, 0xE0, 0xFB, 0x00, 0x00, 0xE7, 0xF5, 0x68, 0xFE,
    0xE7, 0xF5, 0x68, 0xFE, 0xE7, 0xF5, 0x00, 0x00, 0xEF, 0xFF, 0x00, 0x00, 0x00, 0x00, 0x00, 0x00,
    0xE0, 0xFF, 0x4A, 0xFD, 0x00, 0x00, 0x00, 0x00, 0x00, 0x00, 0xE0, 0xFF, 0x4A, 0xFD, 0xE0, 0xFF,
    0x00, 0x00, 0x00, 0x00, 0x00, 0x00, 0xEF, 0xFF, 0x00, 0x00, 0xE7, 0xF5, 0x68, 0xFE, 0xE7, 0xF5,
    0x68, 0xFE, 0xE7, 0xF5, 0x00, 0x00, 0xE0, 0xFB, 0x00, 0x00, 0x00, 0x00, 0x00, 0x00, 0x00, 0x00,
    0x00, 0x00, 0x00, 0x00, 0x00, 0x00, 0x00, 0x00, 0x00, 0xF8, 0xEA, 0xFF, 0x00, 0x00, 0xE7, 0xF5,
    0x68, 0xFE, 0xE7, 0xF5, 0x88, 0xFE, 0xE7, 0xF5, 0x00, 0x00, 0x4A, 0xFD, 0xE0, 0xFF, 0xEA, 0xFF,
    0x00, 0x00, 0x00, 0x00, 0x00, 0x00, 0x00, 0x00, 0x00, 0x00, 0x00, 0x00, 0x00, 0x00, 0x00, 0x00,
    0xEA, 0xFF, 0xE0, 0xFF, 0x4A, 0xFD, 0x00, 0x00, 0xE7, 0xF5, 0x88, 0xFE, 0xE7, 0xF5, 0x68, 0xFE,
    0xE7, 0xF5, 0x00, 0x00, 0xEA, 0xFF, 0x00, 0xF8, 0x00, 0x00, 0x00, 0x00, 0x00, 0x00, 0x00, 0x00,
    0x00, 0x00, 0x00, 0x00, 0x00, 0x00, 0x00, 0x00, 0x00, 0x00, 0xE0, 0xFF, 0xE7, 0xBD, 0x00, 0x00,
    0xE7, 0xF5, 0x88, 0xFE, 0x07, 0xFE, 0xE7, 0xF5, 0x00, 0xF8, 0xE7, 0xFD, 0x00, 0x00, 0x00, 0x00,
    0x27, 0xEE, 0x07, 0xFE, 0x07, 0xFE, 0xE7, 0xF5, 0xE7, 0xF5, 0x07, 0xFE, 0x07, 0xFE, 0x27, 0xEE,
    0x00, 0x00, 0x00, 0x00, 0xE7, 0xFD, 0x00, 0xF8, 0xE7, 0xF5, 0x07, 0xFE, 0x88, 0xFE, 0xE7, 0xF5,
    0x00, 0x00, 0xE7, 0xBD, 0xE0, 0xFF, 0x00, 0x00, 0x00, 0x00, 0x00, 0x00, 0x00, 0x00, 0x00, 0x00,
    0x00, 0x00, 0x00, 0x00, 0x00, 0x00, 0x00, 0x00, 0x00, 0x00, 0x00, 0x00, 0xE0, 0xFF, 0x4A, 0xFD,
    0x00, 0x00, 0x07, 0xF6, 0xE7, 0xF5, 0x00, 0x00, 0x66, 0xFE, 0x00, 0x00, 0x67, 0xE4, 0x07, 0xFE,
    0x07, 0xFE, 0x47, 0xFE, 0x68, 0xFE, 0x48, 0xFE, 0x48, 0xFE, 0x68, 0xFE, 0x47, 0xFE, 0x07, 0xFE,
    0x07, 0xFE, 0x67, 0xE4, 0x00, 0x00, 0x66, 0xFE, 0x00, 0x00, 0xE7, 0xF5, 0x07, 0xF6, 0x00, 0x00,
    0x4A, 0xFD, 0xE0, 0xFF, 0x00, 0x00, 0x00, 0x00, 0x00, 0x00, 0x00, 0x00, 0x00, 0x00, 0x00, 0x00,
    0x00, 0x00, 0x00, 0x00, 0x00, 0x00, 0x00, 0x00, 0x00, 0x00, 0x00, 0x00, 0x00, 0x00, 0x00, 0x00,
    0xE0, 0xFF, 0x00, 0x00, 0x00, 0x00, 0xC6, 0xCC, 0x00, 0x00, 0xC7, 0xF5, 0x07, 0xFE, 0x68, 0xFE,
    0x07, 0xFE, 0xE7, 0xF5, 0xE7, 0xF5, 0xE7, 0xF5, 0xE7, 0xF5, 0xE7, 0xF5, 0xE7, 0xF5, 0x07, 0xFE,
    0x68, 0xFE, 0x07, 0xFE, 0xC7, 0xF5, 0x00, 0x00, 0xC6, 0xCC, 0x00, 0x00, 0x00, 0x00, 0xE0, 0xFF,
    0x00, 0x00, 0x00, 0x00, 0x00, 0x00, 0x00, 0x00, 0x00, 0x00, 0x00, 0x00, 0x00, 0x00, 0x00, 0x00,
    0x00, 0x00, 0x00, 0x00, 0x00, 0x00, 0x00, 0x00, 0x00, 0x00, 0x00, 0x00, 0x00, 0x00, 0x00, 0x00,
    0x00, 0x00, 0x4A, 0xFD, 0xE7, 0xFD, 0x00, 0x00, 0xE7, 0xF5, 0x27, 0xFE, 0x47, 0xFE, 0xE7, 0xF5,
    0xE7, 0xF5, 0x07, 0xF6, 0xE7, 0xF5, 0xE7, 0xF5, 0xE7, 0xF5, 0xE7, 0xF5, 0x07, 0xF6, 0xE7, 0xF5,
    0xE7, 0xF5, 0x47, 0xFE, 0x27, 0xFE, 0xE7, 0xF5, 0x00, 0x00, 0xE7, 0xFD, 0x4A, 0xFD, 0x00, 0x00,
    0x00, 0x00, 0x00, 0x00, 0x00, 0x00, 0x00, 0x00, 0x00, 0x00, 0x00, 0x00, 0x00, 0x00, 0x00, 0x00,
    0x00, 0x00, 0x00, 0x00, 0x00, 0x00, 0x00, 0x00, 0x00, 0x00, 0x00, 0x00, 0x00, 0x00, 0x00, 0x00,
    0x00, 0x00, 0xE0, 0xFF, 0xEF, 0xFF, 0x27, 0xFE, 0xE7, 0xF5, 0x47, 0xFE, 0xE7, 0xF5, 0xE7, 0xF5,
    0xE7, 0xF5, 0x86, 0xF5, 0x25, 0xF5, 0x05, 0xF5, 0x05, 0xF5, 0x25, 0xF5, 0x86, 0xF5, 0xE7, 0xF5,
    0xE7, 0xF5, 0xE7, 0xF5, 0x47, 0xFE, 0xE7, 0xF5, 0x27, 0xFE, 0xEF, 0xFF, 0xE0, 0xFF, 0x00, 0x00,
    0x00, 0x00, 0x00, 0x00, 0x00, 0x00, 0x00, 0x00, 0x00, 0x00, 0x00, 0x00, 0x00, 0x00, 0x00, 0x00,
    0x00, 0x00, 0x00, 0x00, 0x00, 0x00, 0x00, 0x00, 0x00, 0x00, 0x00, 0x00, 0x00, 0x00, 0x00, 0x00,
    0x00, 0x00, 0xE7, 0xFD, 0x00, 0x00, 0xE7, 0xF5, 0x68, 0xFE, 0xE7, 0xF5, 0xE7, 0xF5, 0xE7, 0xF5,
    0x25, 0xF5, 0xE4, 0xF4, 0xE4, 0xF4, 0xE5, 0xF4, 0xE5, 0xF4, 0xE4, 0xF4, 0xE4, 0xF4, 0x25, 0xF5,
    0xE7, 0xF5, 0xE7, 0xF5, 0xE7, 0xF5, 0x68, 0xFE, 0xE7, 0xF5, 0x00, 0x00, 0xE7, 0xFD, 0x00, 0x00,
    0x00, 0x00, 0x00, 0x00, 0x00, 0x00, 0x00, 0x00, 0x00, 0x00, 0x00, 0x00, 0x00, 0x00, 0x00, 0x00,
    0xE7, 0xFD, 0xE7, 0xFD, 0xE7, 0xFD, 0xE7, 0xFD, 0xE7, 0xFD, 0xE7, 0xFD, 0xE7, 0xFD, 0x00, 0xF8,
    0xE0, 0xFF, 0x00, 0x00, 0xE7, 0xFD, 0xE7, 0xF5, 0x07, 0xFE, 0xE7, 0xF5, 0xE7, 0xF5, 0x25, 0xF5,
    0xE4, 0xF4, 0x05, 0xF5, 0x05, 0xF5, 0x05, 0xF5, 0x05, 0xF5, 0x05, 0xF5, 0x05, 0xF5, 0xE4, 0xF4,
    0x25, 0xF5, 0xE7, 0xF5, 0xE7, 0xF5, 0x07, 0xFE, 0xE7, 0xF5, 0xE7, 0xFD, 0x00, 0x00, 0xE0, 0xFF,
    0x00, 0xF8, 0xE7, 0xFD, 0xE7, 0xFD, 0xE7, 0xFD, 0xE7, 0xFD, 0xE7, 0xFD, 0xE7, 0xFD, 0xE7, 0xFD,
    0x00, 0x00, 0x00, 0x00, 0x00, 0x00, 0x00, 0x00, 0x00, 0x00, 0x00, 0x00, 0x00, 0x00, 0x00, 0x00,
    0xE7, 0xFD, 0x00, 0x00, 0xE7, 0xF5, 0x47, 0xFE, 0xE7, 0xF5, 0x07, 0xF6, 0x86, 0xF5, 0xE4, 0xF4,
    0x05, 0xF5, 0x05, 0xF5, 0x05, 0xF5, 0x05, 0xF5, 0x05, 0xF5, 0x05, 0xF5, 0x05, 0xF5, 0x05, 0xF5,
    0xE4, 0xF4, 0x86, 0xF5, 0x07, 0xF6, 0xE7, 0xF5, 0x47, 0xFE, 0xE7, 0xF5, 0x00, 0x00, 0xE7, 0xFD,
    0x00, 0x00, 0x00, 0x00, 0x00, 0x00, 0x00, 0x00, 0x00, 0x00, 0x00, 0x00, 0x00, 0x00, 0x00, 0x00,
    0xE7, 0xF5, 0xE7, 0xF5, 0xE7, 0xF5, 0xE7, 0xF5, 0xE7, 0xF5, 0xE7, 0xF5, 0xE7, 0xF5, 0xC6, 0xED,
    0x4A, 0xFD, 0x00, 0x00, 0xE7, 0xF5, 0x68, 0xFE, 0xE7, 0xF5, 0xE7, 0xF5, 0x25, 0xF5, 0xE4, 0xF4,
    0x05, 0xF5, 0x05, 0xF5, 0x05, 0xF5, 0x05, 0xF5, 0x05, 0xF5, 0x05, 0xF5, 0x05, 0xF5, 0x05, 0xF5,
    0xE4, 0xF4, 0x25, 0xF5, 0xE7, 0xF5, 0xE7, 0xF5, 0x68, 0xFE, 0xE7, 0xF5, 0x00, 0x00, 0x4A, 0xFD,
    0xC6, 0xED, 0xE7, 0xF5, 0xE7, 0xF5, 0xE7, 0xF5, 0xE7, 0xF5, 0xE7, 0xF5, 0xE7, 0xF5, 0xE7, 0xF5,
    0x47, 0xFE, 0x47, 0xFE, 0x27, 0xFE, 0x27, 0xFE, 0x27, 0xFE, 0x27, 0xFE, 0x27, 0xFE, 0xC6, 0xFD,
    0x00, 0x00, 0x00, 0x00, 0xE7, 0xF5, 0x48, 0xFE, 0xE7, 0xF5, 0xE7, 0xF5, 0x05, 0xF5, 0xE5, 0xF4,
    0x05, 0xF5, 0x05, 0xF5, 0x05, 0xF5, 0x05, 0xF5, 0x05, 0xF5, 0x05, 0xF5, 0x05, 0xF5, 0x05, 0xF5,
    0xE5, 0xF4, 0x05, 0xF5, 0xE7, 0xF5, 0xE7, 0xF5, 0x48, 0xFE, 0xE7, 0xF5, 0x00, 0x00, 0x00, 0x00,
    0xC6, 0xFD, 0x27, 0xFE, 0x27, 0xFE, 0x27, 0xFE, 0x27, 0xFE, 0x27, 0xFE, 0x47, 0xFE, 0x47, 0xFE,
    0x47, 0xFE, 0x48, 0xFE, 0x48, 0xFE, 0x48, 0xFE, 0x48, 0xFE, 0x48, 0xFE, 0x48, 0xFE, 0x07, 0xFE,
    0x00, 0x00, 0x00, 0x00, 0xE7, 0xF5, 0x48, 0xFE, 0xE7, 0xF5, 0xE7, 0xF5, 0x05, 0xF5, 0xE5, 0xF4,
    0x05, 0xF5, 0x05, 0xF5, 0x05, 0xF5, 0x05, 0xF5, 0x05, 0xF5, 0x05, 0xF5, 0x05, 0xF5, 0x05, 0xF5,
    0xE5, 0xF4, 0x05, 0xF5, 0xE7, 0xF5, 0xE7, 0xF5, 0x48, 0xFE, 0xE7, 0xF5, 0x00, 0x00, 0x00, 0x00,
    0x07, 0xFE, 0x48, 0xFE, 0x48, 0xFE, 0x48, 0xFE, 0x48, 0xFE, 0x48, 0xFE, 0x48, 0xFE, 0x47, 0xFE,
    0xE7, 0xF5, 0x07, 0xFE, 0xE7, 0xF5, 0xE7, 0xF5, 0xE7, 0xF5, 0xE7, 0xF5, 0xE7, 0xF5, 0xC6, 0xFD,
    0xEF, 0xFF, 0x00, 0x00, 0xE7, 0xF5, 0x68, 0xFE, 0xE7, 0xF5, 0xE7, 0xF5, 0x25, 0xF5, 0xE4, 0xF4,
    0x05, 0xF5, 0x05, 0xF5, 0x05, 0xF5, 0x05, 0xF5, 0x05, 0xF5, 0x05, 0xF5, 0x05, 0xF5, 0x05, 0xF5,
    0xE4, 0xF4, 0x25, 0xF5, 0xE7, 0xF5, 0xE7, 0xF5, 0x68, 0xFE, 0xE7, 0xF5, 0x00, 0x00, 0xEF, 0xFF,
    0xC6, 0xFD, 0xE7, 0xF5, 0xE7, 0xF5, 0xE7, 0xF5, 0xE7, 0xF5, 0xE7, 0xF5, 0x07, 0xFE, 0xE7, 0xF5,
    0x00, 0x00, 0x00, 0x00, 0x00, 0x00, 0x00, 0x00, 0x00, 0x00, 0x00, 0x00, 0x00, 0x00, 0x00, 0x00,
    0xE7, 0xFD, 0x00, 0x00, 0xE7, 0xF5, 0x47, 0xFE, 0xE7, 0xF5, 0x07, 0xF6, 0x86, 0xF5, 0xE4, 0xF4,
    0x05, 0xF5, 0x05, 0xF5, 0x05, 0xF5, 0x05, 0xF5, 0x05, 0xF5, 0x05, 0xF5, 0x05, 0xF5, 0x05, 0xF5,
    0xE4, 0xF4, 0x86, 0xF5, 0x07, 0xF6, 0xE7, 0xF5, 0x47, 0xFE, 0xE7, 0xF5, 0x00, 0x00, 0xE7, 0xFD,
    0x00, 0x00, 0x00, 0x00, 0x00, 0x00, 0x00, 0x00, 0x00, 0x00, 0x00, 0x00, 0x00, 0x00, 0x00, 0x00,
    0xE7, 0xFD, 0xE7, 0xFD, 0xE7, 0xFD, 0xE7, 0xFD, 0xE7, 0xFD, 0xE7, 0xFD, 0xE7, 0xFD, 0x00, 0xF8,
    0xE0, 0xFF, 0x00, 0x00, 0xE7, 0xFD, 0xE7, 0xF5, 0x07, 0xFE, 0xE7, 0xF5, 0xE7, 0xF5, 0x25, 0xF5,
    0xE4, 0xF4, 0x05, 0xF5, 0x05, 0xF5, 0x05, 0xF5, 0x05, 0xF5, 0x05, 0xF5, 0x05, 0xF5, 0xE4, 0xF4,
    0x25, 0xF5, 0xE7, 0xF5, 0xE7, 0xF5, 0x07, 0xFE, 0xE7, 0xF5, 0xE7, 0xFD, 0x00, 0x00, 0xE0, 0xFF,
    0x00, 0xF8, 0xE7, 0xFD, 0xE7, 0xFD, 0xE7, 0xFD, 0xE7, 0xFD, 0xE7, 0xFD, 0xE7, 0xFD, 0xE7, 0xFD,
    0x00, 0x00, 0x00, 0x00, 0x00, 0x00, 0x00, 0x00, 0x00, 0x00, 0x00, 0x00, 0x00, 0x00, 0x00, 0x00,
    0x00, 0x00, 0xE7, 0xFD, 0x00, 0x00, 0xE7, 0xF5, 0x68, 0xFE, 0xE7, 0xF5, 0xE7, 0xF5, 0xE7, 0xF5,
    0x25, 0xF5, 0xE4, 0xF4, 0xE4, 0xF4, 0xE5, 0xF4, 0xE5, 0xF4, 0xE4, 0xF4, 0xE4, 0xF4, 0x25, 0xF5,
    0xE7, 0xF5, 0xE7, 0xF5, 0xE7, 0xF5, 0x68, 0xFE, 0xE7, 0xF5, 0x00, 0x00, 0xE7, 0xFD, 0x00, 0x00,
    0x00, 0x00, 0x00, 0x00, 0x00, 0x00, 0x00, 0x00, 0x00, 0x00, 0x00, 0x00, 0x00, 0x00, 0x00, 0x00,
    0x00, 0x00, 0x00, 0x00, 0x00, 0x00, 0x00, 0x00, 0x00, 0x00, 0x00, 0x00, 0x00, 0x00, 0x00, 0x00,
    0x00, 0x00, 0xE0, 0xFF, 0xEF, 0xFF, 0x27, 0xFE, 0xE7, 0xF5, 0x47, 0xFE, 0xE7, 0xF5, 0xE7, 0xF5,
    0xE7, 0xF5, 0x86, 0xF5, 0x25, 0xF5, 0x05, 0xF5, 0x05, 0xF5, 0x25, 0xF5, 0x86, 0xF5, 0xE7, 0xF5,
    0xE7, 0xF5, 0xE7, 0xF5, 0x47, 0xFE, 0xE7, 0xF5, 0x27, 0xFE, 0xEF, 0xFF, 0xE0, 0xFF, 0x00, 0x00,
    0x00, 0x00, 0x00, 0x00, 0x00, 0x00, 0x00, 0x00, 0x00, 0x00, 0x00, 0x00, 0x00, 0x00, 0x00, 0x00,
    0x00, 0x00, 0x00, 0x00, 0x00, 0x00, 0x00, 0x00, 0x00, 0x00, 0x00, 0x00, 0x00, 0x00, 0x00, 0x00,
    0x00, 0x00, 0x4A, 0xFD, 0xE7, 0xFD, 0x00, 0x00, 0xE7, 0xF5, 0x27, 0xFE, 0x47, 0xFE, 0xE7, 0xF5,
    0xE7, 0xF5, 0x07, 0xF6, 0xE7, 0xF5, 0xE7, 0xF5, 0xE7, 0xF5, 0xE7, 0xF5, 0x07, 0xF6, 0xE7, 0xF5,
    0xE7, 0xF5, 0x47, 0xFE, 0x27, 0xFE, 0xE7, 0xF5, 0x00, 0x00, 0xE7, 0xFD, 0x4A, 0xFD, 0x00, 0x00,
    0x00, 0x00, 0x00, 0x00, 0x00, 0x00, 0x00, 0x00, 0x00, 0x00, 0x00, 0x00, 0x00, 0x00, 0x00, 0x00,
    0x00, 0x00, 0x00, 0x00, 0x00, 0x00, 0x00, 0x00, 0x00, 0x00, 0x00, 0x00, 0x00, 0x00, 0x00, 0x00,
    0xE0, 0xFF, 0x00, 0x00, 0x00, 0x00, 0xC6, 0xCC, 0x00, 0x00, 0xC7, 0xF5, 0x07, 0xFE, 0x68, 0xFE,
    0x07, 0xFE, 0xE7, 0xF5, 0xE7, 0xF5, 0xE7, 0xF5, 0xE7, 0xF5, 0xE7, 0xF5, 0xE7, 0xF5, 0x07, 0xFE,
    0x68, 0xFE, 0x07, 0xFE, 0xC7, 0xF5, 0x00, 0x00, 0xC6, 0xCC, 0x00, 0x00, 0x00, 0x00, 0xE0, 0xFF,
    0x00, 0x00, 0x00, 0x00, 0x00, 0x00, 0x00, 0x00, 0x00, 0x00, 0x00, 0x00, 0x00, 0x00, 0x00, 0x00,
    0x00, 0x00, 0x00, 0x00, 0x00, 0x00, 0x00, 0x00, 0x00, 0x00, 0x00, 0x00, 0xE0, 0xFF, 0x4A, 0xFD,
    0x00, 0x00, 0x07, 0xF6, 0xE7, 0xF5, 0x00, 0x00, 0x66, 0xFE, 0x00, 0x00, 0x67, 0xE4, 0x07, 0xFE,
    0x07, 0xFE, 0x47, 0xFE, 0x68, 0xFE, 0x48, 0xFE, 0x48, 0xFE, 0x68, 0xFE, 0x47, 0xFE, 0x07, 0xFE,
    0x07, 0xFE, 0x67, 0xE4, 0x00, 0x00, 0x66, 0xFE, 0x00, 0x00, 0xE7, 0xF5, 0x07, 0xF6, 0x00, 0x00,
    0x4A, 0xFD, 0xE0, 0xFF, 0x00, 0x00, 0x00, 0x00, 0x00, 0x00, 0x00, 0x00, 0x00, 0x00, 0x00, 0x00,
    0x00, 0x00, 0x00, 0x00, 0x00, 0x00, 0x00, 0x00, 0x00, 0x00, 0xE0, 0xFF, 0xE7, 0xBD, 0x00, 0x00,
    0xE7, 0xF5, 0x88, 0xFE, 0x07, 0xFE, 0xE7, 0xF5, 0x00, 0xF8, 0xE7, 0xFD, 0x00, 0x00, 0x00, 0x00,
    0x27, 0xEE, 0x07, 0xFE, 0x07, 0xFE, 0xE7, 0xF5, 0xE7, 0xF5, 0x07, 0xFE, 0x07, 0xFE, 0x27, 0xEE,
    0x00, 0x00, 0x00, 0x00, 0xE7, 0xFD, 0x00, 0xF8, 0xE7, 0xF5, 0x07, 0xFE, 0x88, 0xFE, 0xE7, 0xF5,
    0x00, 0x00, 0xE7, 0xBD, 0xE0, 0xFF, 0x00, 0x00, 0x00, 0x00, 0x00, 0x00, 0x00, 0x00, 0x00, 0x00,
    0x00, 0x00, 0x00, 0x00, 0x00, 0x00, 0x00, 0x00, 0x00, 0xF8, 0xEA, 0xFF, 0x00, 0x00, 0xE7, 0xF5,
    0x68, 0xFE, 0xE7, 0xF5, 0x88, 0xFE, 0xE7, 0xF5, 0x00, 0x00, 0x4A, 0xFD, 0xE0, 0xFF, 0xEA, 0xFF,
    0x00, 0x00, 0x00, 0x00, 0x00, 0x00, 0x00, 0x00, 0x00, 0x00, 0x00, 0x00, 0x00, 0x00, 0x00, 0x00,
    0xEA, 0xFF, 0xE0, 0xFF, 0x4A, 0xFD, 0x00, 0x00, 0xE7, 0xF5, 0x88, 0xFE, 0xE7, 0xF5, 0x68, 0xFE,
    0xE7, 0xF5, 0x00, 0x00, 0xEA, 0xFF, 0x00, 0xF8, 0x00, 0x00, 0x00, 0x00, 0x00, 0x00, 0x00, 0x00,
    0x00, 0x00, 0x00, 0x00, 0x00, 0x00, 0x00, 0x00, 0xE0, 0xFB, 0x00, 0x00, 0xE7, 0xF5, 0x68, 0xFE,
    0xE7, 0xF5, 0x68, 0xFE, 0xE7, 0xF5, 0x00, 0x00, 0xEF, 0xFF, 0x00, 0x00, 0x00, 0x00, 0x00, 0x00,
    0xE0, 0xFF, 0x4A, 0xFD, 0xE0, 0xFF, 0x00, 0x00, 0x00, 0x00, 0x00, 0x00, 0x4A, 0xFD, 0xE0, 0xFF,
    0x00, 0x00, 0x00, 0x00, 0x00, 0x00, 0xEF, 0xFF, 0x00, 0x00, 0xE7, 0xF5, 0x68, 0xFE, 0xE7, 0xF5,
    0x68, 0xFE, 0xE7, 0xF5, 0x00, 0x00, 0xE0, 0xFB, 0x00, 0x00, 0x00, 0x00, 0x00, 0x00, 0x00, 0x00,
    0x00, 0x00, 0x00, 0x00, 0x00, 0x00, 0xEF, 0xFF, 0xE0, 0xFB, 0xE7, 0xF5, 0x68, 0xFE, 0xE7, 0xF5,
    0x68, 0xFE, 0xE7, 0xF5, 0x00, 0x00, 0x4A, 0xFD, 0x00, 0x00, 0x00, 0x00, 0x00, 0x00, 0x00, 0x00,
    0x00, 0xF8, 0x00, 0x00, 0xC8, 0xED, 0x48, 0xFE, 0x48, 0xFE, 0xE7, 0xF5, 0x00, 0x00, 0x00, 0xF8,
    0x00, 0x00, 0x00, 0x00, 0x00, 0x00, 0x00, 0x00, 0x4A, 0xFD, 0x00, 0x00, 0xE7, 0xF5, 0x68, 0xFE,
    0xE7, 0xF5, 0x68, 0xFE, 0xE7, 0xF5, 0xE0, 0xFB, 0xEF, 0xFF, 0x00, 0x00, 0x00, 0x00, 0x00, 0x00,
    0x00, 0x00, 0x00, 0x00, 0xE0, 0xFF, 0x00, 0x00, 0x07, 0xF6, 0x47, 0xFE, 0xE7, 0xF5, 0x68, 0xFE,
    0xE7, 0xF5, 0x00, 0x00, 0xE7, 0xBD, 0xE0, 0xFF, 0x00, 0x00, 0x00, 0x00, 0x00, 0x00, 0x00, 0x00,
    0xE7, 0xFD, 0x00, 0x00, 0xE7, 0xF5, 0x27, 0xFE, 0x48, 0xFE, 0xE7, 0xF5, 0x00, 0x00, 0xE7, 0xFD,
    0x00, 0x00, 0x00, 0x00, 0x00, 0x00, 0x00, 0x00, 0xE0, 0xFF, 0xE7, 0xBD, 0x00, 0x00, 0xE7, 0xF5,
    0x68, 0xFE, 0xE7, 0xF5, 0x47, 0xFE, 0x07, 0xF6, 0x00, 0x00, 0xE0, 0xFF, 0x00, 0x00, 0x00, 0x00,
    0x00, 0x00, 0x00, 0x00, 0x00, 0x00, 0xE0, 0xFB, 0x27, 0xFE, 0xE7, 0xF5, 0x68, 0xFE, 0xE7, 0xF5,
    0x00, 0x00, 0xEA, 0xFF, 0xE0, 0xFF, 0x00, 0x00, 0x00, 0x00, 0x00, 0x00, 0x00, 0x00, 0x00, 0x00,
    0xE7, 0xFD, 0x00, 0x00, 0xE7, 0xF5, 0x27, 0xFE, 0x48, 0xFE, 0xE7, 0xF5, 0x00, 0x00, 0xE7, 0xFD,
    0x00, 0x00, 0x00, 0x00, 0x00, 0x00, 0x00, 0x00, 0x00, 0x00, 0xE0, 0xFF, 0xEA, 0xFF, 0x00, 0x00,
    0xE7, 0xF5, 0x68, 0xFE, 0xE7, 0xF5, 0x27, 0xFE, 0xE0, 0xFB, 0x00, 0x00, 0x00, 0x00, 0x00, 0x00,
    0x00, 0x00, 0x00, 0x00, 0x00, 0x00, 0xE0, 0xFF, 0x00, 0x00, 0xE0, 0xFB, 0x67, 0xFE, 0x00, 0x00,
    0xE0, 0xFF, 0x00, 0xF8, 0x00, 0x00, 0x00, 0x00, 0x00, 0x00, 0x00, 0x00, 0x00, 0x00, 0x00, 0x00,
    0xE7, 0xFD, 0x00, 0x00, 0xE7, 0xF5, 0x27, 0xFE, 0x48, 0xFE, 0xE7, 0xF5, 0x00, 0x00, 0xE7, 0xFD,
    0x00, 0x00, 0x00, 0x00, 0x00, 0x00, 0x00, 0x00, 0x00, 0x00, 0x00, 0x00, 0x00, 0xF8, 0xE0, 0xFF,
    0x00, 0x00, 0x67, 0xFE, 0xE0, 0xFB, 0x00, 0x00, 0xE0, 0xFF, 0x00, 0x00, 0x00, 0x00, 0x00, 0x00,
    0x00, 0x00, 0x00, 0x00, 0x00, 0x00, 0x00, 0x00, 0x00, 0x00, 0x00, 0x00, 0x00, 0x00, 0xE0, 0xFB,
    0x00, 0x00, 0x00, 0x00, 0x00, 0x00, 0x00, 0x00, 0x00, 0x00, 0x00, 0x00, 0x00, 0x00, 0x00, 0x00,
    0xE7, 0xFD, 0x00, 0x00, 0xE7, 0xF5, 0x27, 0xFE, 0x48, 0xFE, 0xE7, 0xF5, 0x00, 0x00, 0xE7, 0xFD,
    0x00, 0x00, 0x00, 0x00, 0x00, 0x00, 0x00, 0x00, 0x00, 0x00, 0x00, 0x00, 0x00, 0x00, 0x00, 0x00,
    0xE0, 0xFB, 0x00, 0x00, 0x00, 0x00, 0x00, 0x00, 0x00, 0x00, 0x00, 0x00, 0x00, 0x00, 0x00, 0x00,
    0x00, 0x00, 0x00, 0x00, 0x00, 0x00, 0x00, 0x00, 0x00, 0x00, 0x00, 0xF8, 0xE0, 0xFB, 0x00, 0x00,
    0x00, 0x00, 0x00, 0x00, 0x00, 0x00, 0x00, 0x00, 0x00, 0x00, 0x00, 0x00, 0x00, 0x00, 0x00, 0x00,
    0xE7, 0xFD, 0x00, 0x00, 0xE7, 0xF5, 0x27, 0xFE, 0x48, 0xFE, 0xE7, 0xF5, 0x00, 0x00, 0xE7, 0xFD,
    0x00, 0x00, 0x00, 0x00, 0x00, 0x00, 0x00, 0x00, 0x00, 0x00, 0x00, 0x00, 0x00, 0x00, 0x00, 0x00,
    0x00, 0x00, 0xE0, 0xFB, 0x00, 0xF8, 0x00, 0x00, 0x00, 0x00, 0x00, 0x00, 0x00, 0x00, 0x00, 0x00,
    0x00, 0x00, 0x00, 0x00, 0x00, 0x00, 0x00, 0x00, 0x00, 0x00, 0x00, 0x00, 0x00, 0x00, 0x00, 0x00,
    0x00, 0x00, 0x00, 0x00, 0x00, 0x00, 0x00, 0x00, 0x00, 0x00, 0x00, 0x00, 0x00, 0x00, 0x00, 0x00,
    0xE7, 0xFD, 0x00, 0x00, 0xE7, 0xF5, 0x27, 0xFE, 0x48, 0xFE, 0xE7, 0xF5, 0x00, 0x00, 0xE7, 0xFD,
    0x00, 0x00, 0x00, 0x00, 0x00, 0x00, 0x00, 0x00, 0x00, 0x00, 0x00, 0x00, 0x00, 0x00, 0x00, 0x00,
    0x00, 0x00, 0x00, 0x00, 0x00, 0x00, 0x00, 0x00, 0x00, 0x00, 0x00, 0x00, 0x00, 0x00, 0x00, 0x00,
    0x00, 0x00, 0x00, 0x00, 0x00, 0x00, 0x00, 0x00, 0x00, 0x00, 0x00, 0x00, 0x00, 0x00, 0x00, 0x00,
    0x00, 0x00, 0x00, 0x00, 0x00, 0x00, 0x00, 0x00, 0x00, 0x00, 0x00, 0x00, 0x00, 0x00, 0x00, 0x00,
    0xE7, 0xFD, 0x00, 0x00, 0xE7, 0xF5, 0x47, 0xFE, 0x47, 0xFE, 0xE7, 0xF5, 0x00, 0x00, 0xE7, 0xFD,
    0x00, 0x00, 0x00, 0x00, 0x00, 0x00, 0x00, 0x00, 0x00, 0x00, 0x00, 0x00, 0x00, 0x00, 0x00, 0x00,
    0x00, 0x00, 0x00, 0x00, 0x00, 0x00, 0x00, 0x00, 0x00, 0x00, 0x00, 0x00, 0x00, 0x00, 0x00, 0x00,
    0x00, 0x00, 0x00, 0x00, 0x00, 0x00, 0x00, 0x00, 0x00, 0x00, 0x00, 0x00, 0x00, 0x00, 0x00, 0x00,
    0x04, 0x00, 0x72, 0xFF, 0xFF, 0x73, 0x00, 0x04, 0x00, 0x00, 0x00, 0x00, 0x00, 0x00, 0x00, 0x00,
    0x00, 0x00, 0x00, 0x00, 0x00, 0x00, 0x00, 0x00, 0x00, 0x00, 0x00, 0x00, 0x00, 0x00, 0x00, 0x00,
    0x00, 0x00, 0x00, 0x00, 0x00, 0x00, 0x00, 0x00, 0x04, 0x00, 0x81, 0xFF, 0xFF, 0x6A, 0x00, 0x04,
    0x00, 0x00, 0x00, 0x00, 0x00, 0x00, 0x00, 0x00, 0x00, 0x00, 0x00, 0x00, 0x00, 0x00, 0x00, 0x00,
    0x00, 0x00, 0x00, 0x00, 0x00, 0x01, 0x02, 0x00, 0x00, 0x00, 0x00, 0x00, 0x00, 0x00, 0x00, 0x00,
    0x04, 0x00, 0x7F, 0xFF, 0xFF, 0x5E, 0x00, 0x04, 0x00, 0x00, 0x00, 0x00, 0x00, 0x00, 0x00, 0x00,
    0x00, 0x02, 0x01, 0x00, 0x00, 0x00, 0x00, 0x00, 0x00, 0x00, 0x00, 0x00, 0x00, 0x00, 0x00, 0x02,
    0x00, 0x00, 0x00, 0x00, 0x00, 0x00, 0x00, 0x00, 0x04, 0x00, 0x7F, 0xFF, 0xFF, 0x60, 0x00, 0x04,
    0x00, 0x00, 0x00, 0x00, 0x00, 0x00, 0x00, 0x00, 0x02, 0x00, 0x00, 0x00, 0x00, 0x00, 0x00, 0x00,
    0x00, 0x00, 0x00, 0x01, 0x00, 0x02, 0x20, 0x00, 0x01, 0x01, 0x00, 0x00, 0x00, 0x00, 0x00, 0x00,
    0x04, 0x00, 0x7F, 0xFE, 0xFE, 0x60, 0x00, 0x04, 0x00, 0x00, 0x00, 0x00, 0x00, 0x00, 0x01, 0x01,
    0x00, 0x20, 0x02, 0x00, 0x01, 0x00, 0x00, 0x00, 0x00, 0x00, 0x01, 0x02, 0x09, 0xB3, 0xF9, 0x89,
    0x00, 0x03, 0x01, 0x00, 0x00, 0x00, 0x00, 0x00, 0x04, 0x00, 0x7F, 0xFF, 0xFF, 0x60, 0x00, 0x04,
    0x00, 0x00, 0x00, 0x00, 0x00, 0x01, 0x03, 0x00, 0x89, 0xF9, 0xB3, 0x09, 0x02, 0x01, 0x00, 0x00,
    0x00, 0x00, 0x02, 0x00, 0x21, 0xFF, 0xFD, 0xFF, 0x8D, 0x00, 0x04, 0x01, 0x00, 0x00, 0x00, 0x00,
    0x04, 0x00, 0x7F, 0xFF, 0xFF, 0x60, 0x00, 0x04, 0x00, 0x00, 0x00, 0x00, 0x01, 0x04, 0x00, 0x8D,
    0xFF, 0xFD, 0xFF, 0x21, 0x00, 0x02, 0x00, 0x00, 0x00, 0x00, 0x00, 0x02, 0x02, 0x89, 0xFF, 0xF6,
    0xFF, 0x8D, 0x00, 0x03, 0x01, 0x00, 0x00, 0x00, 0x01, 0x00, 0x14, 0x27, 0x27, 0x0F, 0x00, 0x01,
    0x00, 0x00, 0x00, 0x01, 0x03, 0x00, 0x8D, 0xFF, 0xF6, 0xFF, 0x89, 0x02, 0x02, 0x00, 0x00, 0x00,
    0x00, 0x00, 0x00, 0x01, 0x02, 0x00, 0x8D, 0xFF, 0xF6, 0xFF, 0x8C, 0x00, 0x02, 0x00, 0x00, 0x00,
    0x01, 0x03, 0x00, 0x00, 0x00, 0x01, 0x03, 0x01, 0x00, 0x00, 0x00, 0x02, 0x00, 0x8C, 0xFF, 0xF6,
    0xFF, 0x8D, 0x00, 0x02, 0x01, 0x00, 0x00, 0x00, 0x00, 0x00, 0x00, 0x00, 0x01, 0x03, 0x00, 0x8D,
    0xFF, 0xF5, 0xFF, 0x8A, 0x00, 0x03, 0x01, 0x03, 0x00, 0x00, 0x00, 0x00, 0x00, 0x00, 0x00, 0x00,
    0x03, 0x01, 0x03, 0x00, 0x8A, 0xFF, 0xF5, 0xFF, 0x8D, 0x00, 0x03, 0x01, 0x00, 0x00, 0x00, 0x00,
    0x00, 0x00, 0x00, 0x00, 0x00, 0x01, 0x04, 0x00, 0x8C, 0xFF, 0xF2, 0x4D, 0x01, 0x04, 0x00, 0x00,
    0x0D, 0x49, 0x7F, 0x9F, 0x9F, 0x7F, 0x49, 0x0D, 0x00, 0x00, 0x04, 0x01, 0x4D, 0xF2, 0xFF, 0x8C,
    0x00, 0x04, 0x01, 0x00, 0x00, 0x00, 0x00, 0x00, 0x00, 0x00, 0x00, 0x00, 0x00, 0x00, 0x01, 0x03,
    0x00, 0x89, 0x4A, 0x00, 0x05, 0x00, 0x09, 0x7E, 0xE2, 0xFF, 0xFF, 0xFF, 0xFF, 0xFF, 0xFF, 0xE2,
    0x7E, 0x09, 0x00, 0x05, 0x00, 0x4A, 0x89, 0x00, 0x03, 0x01, 0x00, 0x00, 0x00, 0x00, 0x00, 0x00,
    0x00, 0x00, 0x00, 0x00, 0x00, 0x00, 0x00, 0x00, 0x01, 0x00, 0x00, 0x05, 0x00, 0x28, 0xCF, 0xFF,
    0xFF, 0xFC, 0xFB, 0xFB, 0xFB, 0xFB, 0xFC, 0xFF, 0xFF, 0xCF, 0x28, 0x00, 0x05, 0x00, 0x00, 0x01,
    0x00, 0x00, 0x00, 0x00, 0x00, 0x00, 0x00, 0x00, 0x00, 0x00, 0x00, 0x00, 0x00, 0x00, 0x00, 0x00,
    0x00, 0x03, 0x04, 0x00, 0x27, 0xE6, 0xFF, 0xFA, 0xFE, 0xFF, 0xFF, 0xFF, 0xFF, 0xFF, 0xFF, 0xFE,
    0xFA, 0xFF, 0xE6, 0x27, 0x00, 0x04, 0x03, 0x00, 0x00, 0x00, 0x00, 0x00, 0x00, 0x00, 0x00, 0x00,
    0x00, 0x00, 0x00, 0x00, 0x00, 0x00, 0x00, 0x00, 0x00, 0x01, 0x02, 0x09, 0xD4, 0xFF, 0xFA, 0xFF,
    0xFF, 0xFF, 0xFF, 0xFF, 0xFF, 0xFF, 0xFF, 0xFF, 0xFF, 0xFA, 0xFF, 0xD4, 0x09, 0x02, 0x01, 0x00,
    0x00, 0x00, 0x00, 0x00, 0x00, 0x00, 0x00, 0x00, 0x00, 0x00, 0x00, 0x00, 0x00, 0x00, 0x00, 0x00,
    0x00, 0x04, 0x00, 0x7D, 0xFF, 0xFA, 0xFF, 0xFF, 0xFF, 0xFF, 0xFF, 0xFF, 0xFF, 0xFF, 0xFF, 0xFF,
    0xFF, 0xFF, 0xFA, 0xFF, 0x7D, 0x00, 0x04, 0x00, 0x00, 0x00, 0x00, 0x00, 0x00, 0x00, 0x00, 0x00,
    0x04, 0x04, 0x04, 0x04, 0x04, 0x04, 0x04, 0x01, 0x01, 0x00, 0x0C, 0xE8, 0xFE, 0xFD, 0xFF, 0xFF,
    0xFF, 0xFF, 0xFF, 0xFF, 0xFF, 0xFF, 0xFF, 0xFF, 0xFF, 0xFF, 0xFD, 0xFE, 0xE8, 0x0C, 0x00, 0x01,
    0x01, 0x04, 0x04, 0x04, 0x04, 0x04, 0x04, 0x04, 0x00, 0x00, 0x00, 0x00, 0x00, 0x00, 0x00, 0x00,
    0x04, 0x00, 0x4A, 0xFF, 0xFD, 0xFF, 0xFF, 0xFF, 0xFF, 0xFF, 0xFF, 0xFF, 0xFF, 0xFF, 0xFF, 0xFF,
    0xFF, 0xFF, 0xFF, 0xFD, 0xFF, 0x4A, 0x00, 0x04, 0x00, 0x00, 0x00, 0x00, 0x00, 0x00, 0x00, 0x00,
    0x74, 0x6A, 0x60, 0x60, 0x5F, 0x60, 0x60, 0x0F, 0x03, 0x00, 0x82, 0xFE, 0xFB, 0xFF, 0xFF, 0xFF,
    0xFF, 0xFF, 0xFF, 0xFF, 0xFF, 0xFF, 0xFF, 0xFF, 0xFF, 0xFF, 0xFF, 0xFB, 0xFE, 0x82, 0x00, 0x03,
    0x0F, 0x60, 0x60, 0x5F, 0x60, 0x60, 0x67, 0x75, 0xFF, 0xFF, 0xFF, 0xFF, 0xFF, 0xFF, 0xFF, 0x29,
    0x00, 0x00, 0x9F, 0xFF, 0xFB, 0xFF, 0xFF, 0xFF, 0xFF, 0xFF, 0xFF, 0xFF, 0xFF, 0xFF, 0xFF, 0xFF,
    0xFF, 0xFF, 0xFF, 0xFB, 0xFF, 0x9F, 0x00, 0x00, 0x29, 0xFF, 0xFF, 0xFF, 0xFF, 0xFF, 0xFF, 0xFF,
    0xFF, 0xFF, 0xFF, 0xFF, 0xFF, 0xFF, 0xFF, 0x29, 0x00, 0x00, 0x9F, 0xFF, 0xFB, 0xFF, 0xFF, 0xFF,
    0xFF, 0xFF, 0xFF, 0xFF, 0xFF, 0xFF, 0xFF, 0xFF, 0xFF, 0xFF, 0xFF, 0xFB, 0xFF, 0x9F, 0x00, 0x00,
    0x29, 0xFF, 0xFF, 0xFF, 0xFF, 0xFF, 0xFF, 0xFF, 0x72, 0x7F, 0x7F, 0x7F, 0x7F, 0x7F, 0x7F, 0x13,
    0x02, 0x00, 0x82, 0xFE, 0xFB, 0xFF, 0xFF, 0xFF, 0xFF, 0xFF, 0xFF, 0xFF, 0xFF, 0xFF, 0xFF, 0xFF,
    0xFF, 0xFF, 0xFF, 0xFB, 0xFE, 0x82, 0x00, 0x02, 0x13, 0x7F, 0x7F, 0x7F, 0x7F, 0x7F, 0x7F, 0x75,
    0x00, 0x00, 0x00, 0x00, 0x00, 0x00, 0x00, 0x00, 0x04, 0x00, 0x4A, 0xFF, 0xFD, 0xFF, 0xFF, 0xFF,
    0xFF, 0xFF, 0xFF, 0xFF, 0xFF, 0xFF, 0xFF, 0xFF, 0xFF, 0xFF, 0xFF, 0xFD, 0xFF, 0x4A, 0x00, 0x04,
    0x00, 0x00, 0x00, 0x00, 0x00, 0x00, 0x00, 0x00, 0x04, 0x04, 0x04, 0x04, 0x04, 0x04, 0x04, 0x01,
    0x01, 0x00, 0x0C, 0xE8, 0xFE, 0xFD, 0xFF, 0xFF, 0xFF, 0xFF, 0xFF, 0xFF, 0xFF, 0xFF, 0xFF, 0xFF,
    0xFF, 0xFF, 0xFD, 0xFE, 0xE8, 0x0C, 0x00, 0x01, 0x01, 0x04, 0x04, 0x04, 0x04, 0x04, 0x04, 0x04,
    0x00, 0x00, 0x00, 0x00, 0x00, 0x00, 0x00, 0x00, 0x00, 0x04, 0x00, 0x7D, 0xFF, 0xFA, 0xFF, 0xFF,
    0xFF, 0xFF, 0xFF, 0xFF, 0xFF, 0xFF, 0xFF, 0xFF, 0xFF, 0xFF, 0xFA, 0xFF, 0x7D, 0x00, 0x04, 0x00,
    0x00, 0x00, 0x00, 0x00, 0x00, 0x00, 0x00, 0x00, 0x00, 0x00, 0x00, 0x00, 0x00, 0x00, 0x00, 0x00,
    0x00, 0x01, 0x02, 0x09, 0xD4, 0xFF, 0xFA, 0xFF, 0xFF, 0xFF, 0xFF, 0xFF, 0xFF, 0xFF, 0xFF, 0xFF,
    0xFF, 0xFA, 0xFF, 0xD4, 0x09, 0x02, 0x01, 0x00, 0x00, 0x00, 0x00, 0x00, 0x00, 0x00, 0x00, 0x00,
    0x00, 0x00, 0x00, 0x00, 0x00, 0x00, 0x00, 0x00, 0x00, 0x03, 0x04, 0x00, 0x27, 0xE6, 0xFF, 0xFA,
    0xFE, 0xFF, 0xFF, 0xFF, 0xFF, 0xFF, 0xFF, 0xFE, 0xFA, 0xFF, 0xE6, 0x27, 0x00, 0x04, 0x03, 0x00,
    0x00, 0x00, 0x00, 0x00, 0x00, 0x00, 0x00, 0x00, 0x00, 0x00, 0x00, 0x00, 0x00, 0x00, 0x00, 0x00,
    0x01, 0x00, 0x00, 0x05, 0x00, 0x28, 0xCF, 0xFF, 0xFF, 0xFC, 0xFB, 0xFB, 0xFB, 0xFB, 0xFC, 0xFF,
    0xFF, 0xCF, 0x28, 0x00, 0x05, 0x00, 0x00, 0x01, 0x00, 0x00, 0x00, 0x00, 0x00, 0x00, 0x00, 0x00,
    0x00, 0x00, 0x00, 0x00, 0x00, 0x00, 0x01, 0x03, 0x00, 0x89, 0x4A, 0x00, 0x05, 0x00, 0x09, 0x7E,
    0xE2, 0xFF, 0xFF, 0xFF, 0xFF, 0xFF, 0xFF, 0xE2, 0x7E, 0x09, 0x00, 0x05, 0x00, 0x4A, 0x89, 0x00,
    0x03, 0x01, 0x00, 0x00, 0x00, 0x00, 0x00, 0x00, 0x00, 0x00, 0x00, 0x00, 0x00, 0x01, 0x04, 0x00,
    0x8C, 0xFF, 0xF2, 0x4D, 0x01, 0x04, 0x00, 0x00, 0x0D, 0x49, 0x7F, 0x9F, 0x9F, 0x7F, 0x49, 0x0D,
    0x00, 0x00, 0x04, 0x01, 0x4D, 0xF2, 0xFF, 0x8C, 0x00, 0x04, 0x01, 0x00, 0x00, 0x00, 0x00, 0x00,
    0x00, 0x00, 0x00, 0x00, 0x01, 0x03, 0x00, 0x8D, 0xFF, 0xF5, 0xFF, 0x8A, 0x00, 0x03, 0x01, 0x03,
    0x00, 0x00, 0x00, 0x00, 0x00, 0x00, 0x00, 0x00, 0x03, 0x01, 0x03, 0x00, 0x8A, 0xFF, 0xF5, 0xFF,
    0x8D, 0x00, 0x03, 0x01, 0x00, 0x00, 0x00, 0x00, 0x00, 0x00, 0x00, 0x01, 0x02, 0x00, 0x8D, 0xFF,
    0xF6, 0xFF, 0x8C, 0x00, 0x02, 0x00, 0x00, 0x00, 0x01, 0x03, 0x01, 0x00, 0x00, 0x00, 0x03, 0x01,
    0x00, 0x00, 0x00, 0x02, 0x00, 0x8C, 0xFF, 0xF6, 0xFF, 0x8D, 0x00, 0x02, 0x01, 0x00, 0x00, 0x00,
    0x00, 0x00, 0x00, 0x02, 0x02, 0x89, 0xFF, 0xF6, 0xFF, 0x8D, 0x00, 0x03, 0x01, 0x00, 0x00, 0x00,
    0x01, 0x00, 0x0F, 0x27, 0x27, 0x14, 0x00, 0x01, 0x00, 0x00, 0x00, 0x01, 0x03, 0x00, 0x8D, 0xFF,
    0xF6, 0xFF, 0x89, 0x02, 0x02, 0x00, 0x00, 0x00, 0x00, 0x00, 0x02, 0x00, 0x21, 0xFF, 0xFD, 0xFF,
    0x8D, 0x00, 0x04, 0x01, 0x00, 0x00, 0x00, 0x00, 0x04, 0x00, 0x60, 0xFF, 0xFF, 0x7F, 0x00, 0x04,
    0x00, 0x00, 0x00, 0x00, 0x01, 0x04, 0x00, 0x8D, 0xFF, 0xFD, 0xFF, 0x21, 0x00, 0x02, 0x00, 0x00,
    0x00, 0x00, 0x01, 0x02, 0x09, 0xB3, 0xF9, 0x89, 0x00, 0x03, 0x01, 0x00, 0x00, 0x00, 0x00, 0x00,
    0x04, 0x00, 0x60, 0xFF, 0xFF, 0x7F, 0x00, 0x04, 0x00, 0x00, 0x00, 0x00, 0x00, 0x01, 0x03, 0x00,
    0x89, 0xF9, 0xB3, 0x09, 0x02, 0x01, 0x00, 0x00, 0x00, 0x00, 0x00, 0x01, 0x00, 0x02, 0x20, 0x00,
    0x01, 0x01, 0x00, 0x00, 0x00, 0x00, 0x00, 0x00, 0x04, 0x00, 0x60, 0xFE, 0xFE, 0x7F, 0x00, 0x04,
    0x00, 0x00, 0x00, 0x00, 0x00, 0x00, 0x01, 0x01, 0x00, 0x20, 0x02, 0x00, 0x01, 0x00, 0x00, 0x00,
    0x00, 0x00, 0x00, 0x00, 0x00, 0x00, 0x00, 0x02, 0x00, 0x00, 0x00, 0x00, 0x00, 0x00, 0x00, 0x00,
    0x04, 0x00, 0x60, 0xFF, 0xFF, 0x7F, 0x00, 0x04, 0x00, 0x00, 0x00, 0x00, 0x00, 0x00, 0x00, 0x00,
    0x02, 0x00, 0x00, 0x00, 0x00, 0x00, 0x00, 0x00, 0x00, 0x00, 0x00, 0x00, 0x00, 0x01, 0x02, 0x00,
    0x00, 0x00, 0x00, 0x00, 0x00, 0x00, 0x00, 0x00, 0x04, 0x00, 0x5E, 0xFF, 0xFF, 0x7F, 0x00, 0x04,
    0x00, 0x00, 0x00, 0x00, 0x00, 0x00, 0x00, 0x00, 0x00, 0x02, 0x01, 0x00, 0x00, 0x00, 0x00, 0x00,
    0x00, 0x00, 0x00, 0x00, 0x00, 0x00, 0x00, 0x00, 0x00, 0x00, 0x00, 0x00, 0x00, 0x00, 0x00, 0x00,
    0x04, 0x00, 0x67, 0xFF, 0xFF, 0x81, 0x00, 0x04, 0x00, 0x00, 0x00, 0x00, 0x00, 0x00, 0x00, 0x00,
    0x00, 0x00, 0x00, 0x00, 0x00, 0x00, 0x00, 0x00, 0x00, 0x00, 0x00, 0x00, 0x00, 0x00, 0x00, 0x00,
    0x00, 0x00, 0x00, 0x00, 0x00, 0x00, 0x00, 0x00, 0x04, 0x00, 0x75, 0xFF, 0xFF, 0x75, 0x00, 0x04,
    0x00, 0x00, 0x00, 0x00, 0x00, 0x00, 0x00, 0x00, 0x00, 0x00, 0x00, 0x00, 0x00, 0x00, 0x00, 0x00
};

#define ICON_WX_SUNCLOUD_W 40
#define ICON_WX_SUNCLOUD_H 40
static const uint8_t icon_wx_suncloud_data[4800] = {
    0x00, 0x00, 0x00, 0x00, 0x00, 0x00, 0xE0, 0xFF, 0xE0, 0xFF, 0x00, 0x00, 0x00, 0x00, 0x00, 0x00,
    0x00, 0x00, 0x00, 0x00, 0xE7, 0xFD, 0x00, 0x00, 0xE7, 0xF5, 0xC8, 0xFE, 0xE7, 0xF5, 0x00, 0x00,
    0xE7, 0xFD, 0x00, 0x00, 0x00, 0x00, 0x00, 0x00, 0x00, 0x00, 0x00, 0x00, 0xE0, 0xFF, 0xE0, 0x7B,
    0x00, 0x00, 0x00, 0x00, 0x00, 0x00, 0x00, 0x00, 0x00, 0x00, 0x00, 0x00, 0x00, 0x00, 0x00, 0x00,
    0x00, 0x00, 0x00, 0x00, 0x00, 0x00, 0x00, 0x00, 0x00, 0x00, 0x00, 0x00, 0x00, 0x00, 0x00, 0x00,
    0x00, 0x00, 0x00, 0x00, 0x00, 0xF8, 0x00, 0x00, 0x00, 0x00, 0xE0, 0xFF, 0x00, 0x00, 0x00, 0x00,
    0x00, 0x00, 0x00, 0x00, 0xE7, 0xFD, 0x00, 0x00, 0xE7, 0xF5, 0xC8, 0xFE, 0xE7, 0xF5, 0x00, 0x00,
    0xE7, 0xFD, 0x00, 0x00, 0x00, 0x00, 0x00, 0x00, 0x00, 0x00, 0xE0, 0xFF, 0x00, 0x00, 0x00, 0x00,
    0xE0, 0xFF, 0x00, 0x00, 0x00, 0x00, 0x00, 0x00, 0x00, 0x00, 0x00, 0x00, 0x00, 0x00, 0x00, 0x00,
    0x00, 0x00, 0x00, 0x00, 0x00, 0x00, 0x00, 0x00, 0x00, 0x00, 0x00, 0x00, 0x00, 0x00, 0x00, 0x00,
    0x00, 0x00, 0xE0, 0xFF, 0x00, 0x00, 0xC7, 0xF5, 0x66, 0xF5, 0x00, 0x00, 0xEF, 0xFF, 0x00, 0x00,
    0x00, 0x00, 0x00, 0x00, 0xE7, 0xFD, 0x00, 0x00, 0xE7, 0xF5, 0xC8, 0xFE, 0xE7, 0xF5, 0x00, 0x00,
    0xE7, 0xFD, 0x00, 0x00, 0x00, 0x00, 0x00, 0x00, 0xE0, 0xFB, 0x00, 0x00, 0x66, 0xFE, 0xE6, 0xF5,
    0x00, 0x00, 0x00, 0xF8, 0x00, 0x00, 0x00, 0x00, 0x00, 0x00, 0x00, 0x00, 0x00, 0x00, 0x00, 0x00,
    0x00, 0x00, 0x00, 0x00, 0x00, 0x00, 0x00, 0x00, 0x00, 0x00, 0x00, 0x00, 0x00, 0x00, 0x00, 0x00,
    0xE0, 0xFF, 0x00, 0xF8, 0x07, 0xFE, 0xE7, 0xF5, 0x07, 0xFE, 0xC7, 0xF5, 0x00, 0x00, 0x4A, 0xFD,
    0x00, 0x00, 0x00, 0x00, 0xE7, 0xFD, 0x00, 0x00, 0xE7, 0xF5, 0x49, 0xFF, 0xE7, 0xF5, 0x00, 0x00,
    0xE7, 0xFD, 0x00, 0x00, 0x00, 0x00, 0xE0, 0xFF, 0x00, 0x00, 0xC5, 0xE5, 0xE7, 0xFD, 0x07, 0xFE,
    0xE7, 0xFD, 0x00, 0x00, 0xE0, 0xFB, 0x00, 0x00, 0x00, 0x00, 0x00, 0x00, 0x00, 0x00, 0x00, 0x00,
    0x00, 0x00, 0x00, 0x00, 0x00, 0x00, 0x00, 0x00, 0x00, 0x00, 0x00, 0x00, 0x00, 0x00, 0x00, 0x00,
    0xE0, 0xFF, 0xE0, 0xFF, 0x07, 0xFE, 0xE7, 0xF5, 0x88, 0xFE, 0xE7, 0xF5, 0xE7, 0xF5, 0x00, 0x00,
    0xE0, 0xFB, 0x00, 0x00, 0xEF, 0xFF, 0xE0, 0xFF, 0xE7, 0xF5, 0xC8, 0xFE, 0xE7, 0xF5, 0xE0, 0xFF,
    0xEF, 0xFF, 0x00, 0x00, 0xE0, 0xFF, 0x00, 0x00, 0x66, 0xFE, 0xE7, 0xF5, 0x88, 0xFE, 0x07, 0xFE,
    0xE7, 0xFD, 0x00, 0xF8, 0xE0, 0xFB, 0x00, 0x00, 0x00, 0x00, 0x00, 0x00, 0x00, 0x00, 0x00, 0x00,
    0x00, 0x00, 0x00, 0x00, 0x00, 0x00, 0x00, 0x00, 0x00, 0x00, 0x00, 0x00, 0x00, 0x00, 0x00, 0x00,
    0x00, 0x00, 0xE0, 0xFF, 0x00, 0x00, 0xE7, 0xFD, 0xE7, 0xFD, 0x88, 0xFE, 0x07, 0xFE, 0xE7, 0xF5,
    0xE0, 0xFF, 0xE0, 0xFF, 0x4A, 0xFD, 0x00, 0x00, 0x00, 0x00, 0x00, 0x00, 0x00, 0x00, 0x00, 0x00,
    0x4A, 0xFD, 0x4A, 0xAD, 0xE0, 0xFB, 0x27, 0xFE, 0xE7, 0xF5, 0x88, 0xFE, 0x07, 0xFE, 0xC7, 0xF5,
    0x00, 0x00, 0xE0, 0xFB, 0x00, 0x00, 0x00, 0x00, 0x00, 0x00, 0x00, 0x00, 0x00, 0x00, 0x00, 0x00,
    0x00, 0x00, 0x00, 0x00, 0x00, 0x00, 0x00, 0x00, 0x00, 0x00, 0x00, 0x00, 0x00, 0x00, 0x00, 0x00,
    0x00, 0x00, 0x00, 0x00, 0xE0, 0xFF, 0x00, 0x00, 0xA7, 0xED, 0x07, 0xFE, 0xE8, 0xFE, 0xE7, 0xF5,
    0xE0, 0xFF, 0xEF, 0xFF, 0x00, 0x00, 0x66, 0xFE, 0x27, 0xFE, 0x47, 0xFE, 0x27, 0xFE, 0xE7, 0xFD,
    0x00, 0x00, 0x00, 0x00, 0xE0, 0xFB, 0xE7, 0xF5, 0xE8, 0xFE, 0x07, 0xFE, 0xA7, 0xED, 0x00, 0x00,
    0x4A, 0xFD, 0x00, 0x00, 0x00, 0x00, 0x00, 0x00, 0x00, 0x00, 0x00, 0x00, 0x00, 0x00, 0x00, 0x00,
    0x00, 0x00, 0x00, 0x00, 0x00, 0x00, 0x00, 0x00, 0x00, 0x00, 0x00, 0x00, 0x00, 0x00, 0x00, 0x00,
    0x00, 0x00, 0x00, 0x00, 0x00, 0x00, 0x4A, 0xFD, 0x00, 0x00, 0xC7, 0xED, 0x07, 0xFE, 0x00, 0x00,
    0x00, 0x00, 0xE7, 0xDC, 0x07, 0xFE, 0x07, 0xFE, 0xE7, 0xFD, 0x27, 0xFE, 0x07, 0xFE, 0x07, 0xFE,
    0x27, 0xFE, 0xA7, 0xED, 0x00, 0x00, 0x69, 0xFE, 0x07, 0xFE, 0xC7, 0xF5, 0x00, 0x00, 0xE7, 0xFD,
    0x00, 0x00, 0x00, 0x00, 0x00, 0x00, 0x00, 0x00, 0x00, 0x00, 0x00, 0x00, 0x00, 0x00, 0x00, 0x00,
    0x00, 0x00, 0x00, 0x00, 0x00, 0x00, 0x00, 0x00, 0x00, 0x00, 0x00, 0x00, 0x00, 0x00, 0x00, 0x00,
    0x00, 0x00, 0x00, 0x00, 0x00, 0x00, 0x00, 0x00, 0xE0, 0xFF, 0x00, 0x00, 0x00, 0x00, 0x00, 0x00,
    0xA7, 0xF5, 0x07, 0xFE, 0x68, 0xFE, 0x27, 0xFE, 0x07, 0xF6, 0xE7, 0xF5, 0xE7, 0xF5, 0x07, 0xFE,
    0x68, 0xFE, 0x28, 0xFE, 0xC7, 0xF5, 0x00, 0x00, 0x00, 0x00, 0x00, 0x00, 0x73, 0xFE, 0x00, 0x00,
    0x00, 0x00, 0x00, 0x00, 0x00, 0x00, 0x00, 0x00, 0x00, 0x00, 0x00, 0x00, 0x00, 0x00, 0x00, 0x00,
    0x00, 0x00, 0x00, 0x00, 0x00, 0x00, 0x00, 0x00, 0x00, 0x00, 0x00, 0x00, 0x00, 0x00, 0x00, 0x00,
    0x00, 0x00, 0x00, 0x00, 0x00, 0x00, 0x00, 0x00, 0x00, 0x00, 0xE0, 0xFF, 0x66, 0xFE, 0x27, 0xFE,
    0xE7, 0xF5, 0x68, 0xFE, 0xE7, 0xF5, 0xC7, 0xF5, 0x66, 0xF5, 0x45, 0xF5, 0x66, 0xF5, 0xC7, 0xF5,
    0xE7, 0xF5, 0x26, 0xFE, 0x07, 0xFE, 0x4E, 0xF6, 0xF7, 0xDE, 0x00, 0x00, 0x00, 0x00, 0xFF, 0xFF,
    0xFF, 0xFF, 0x00, 0x00, 0x00, 0x00, 0x00, 0x00, 0x00, 0x00, 0x00, 0x00, 0x00, 0x00, 0x00, 0x00,
    0x00, 0x00, 0x00, 0x00, 0x00, 0x00, 0x00, 0x00, 0x00, 0x00, 0x00, 0x00, 0x00, 0x00, 0x00, 0x00,
    0xE7, 0xFD, 0xE7, 0xFD, 0xE7, 0xFD, 0xE7, 0xFD, 0xEF, 0xFF, 0xE7, 0xFD, 0x00, 0x00, 0xE7, 0xF5,
    0x68, 0xFE, 0xE7, 0xF5, 0xA6, 0xF5, 0x05, 0xF5, 0xE4, 0xF4, 0xE4, 0xF4, 0xE5, 0xF4, 0xE3, 0xFC,
    0xA8, 0xF5, 0x52, 0xDE, 0x97, 0xD6, 0x99, 0xCE, 0x9B, 0xD6, 0xBB, 0xD6, 0x9B, 0xD6, 0x00, 0x00,
    0x00, 0x00, 0xCC, 0xCC, 0xE7, 0xFD, 0xE7, 0xFD, 0x00, 0x00, 0x00, 0x00, 0x00, 0x00, 0x00, 0x00,
    0x00, 0x00, 0x00, 0x00, 0x00, 0x00, 0x00, 0x00, 0x00, 0x00, 0x00, 0x00, 0x00, 0x00, 0x00, 0x00,
    0x00, 0x00, 0x00, 0x00, 0x00, 0x00, 0x00, 0x00, 0x00, 0x00, 0xE0, 0xFF, 0xA5, 0xFE, 0xE7, 0xF5,
    0x27, 0xFE, 0xC7, 0xF5, 0x05, 0xF5, 0xE4, 0xF4, 0x05, 0xF5, 0x05, 0xF5, 0xE3, 0xFC, 0x6A, 0xED,
    0x59, 0xD6, 0x9C, 0xCE, 0x7B, 0xCE, 0x9B, 0xCE, 0xBB, 0xD6, 0xDC, 0xD6, 0x1C, 0xDF, 0xBB, 0xD6,
    0x7B, 0xCE, 0x00, 0x00, 0x00, 0x00, 0x00, 0x00, 0x00, 0x00, 0x00, 0x00, 0x00, 0x00, 0x00, 0x00,
    0x00, 0x00, 0x00, 0x00, 0x00, 0x00, 0x00, 0x00, 0x00, 0x00, 0x00, 0x00, 0x00, 0x00, 0x00, 0x00,
    0xE7, 0xF5, 0xE7, 0xF5, 0xE7, 0xF5, 0x68, 0xFE, 0xE7, 0xF5, 0x00, 0x00, 0xE7, 0xFD, 0x07, 0xFE,
    0x07, 0xF6, 0x66, 0xF5, 0xE4, 0xF4, 0x05, 0xF5, 0x05, 0xF5, 0xE3, 0xFC, 0x6A, 0xED, 0x9B, 0xCE,
    0x9B, 0xCE, 0x7A, 0xCE, 0x9A, 0xCE, 0x7A, 0xCE, 0x7A, 0xCE, 0x7A, 0xCE, 0x9A, 0xCE, 0x1C, 0xDF,
    0x9A, 0xCE, 0x09, 0xF6, 0x07, 0xFE, 0xE7, 0xF5, 0xE7, 0xFD, 0xE0, 0xFF, 0x00, 0x00, 0x00, 0x00,
    0x00, 0x00, 0x00, 0x00, 0x00, 0x00, 0x00, 0x00, 0x00, 0x00, 0x00, 0x00, 0x00, 0x00, 0x00, 0x00,
    0xC8, 0xFE, 0xC8, 0xFE, 0xA8, 0xFE, 0x49, 0xFF, 0xE7, 0xF5, 0x00, 0x00, 0x07, 0xFE, 0x27, 0xFE,
    0xE7, 0xF5, 0x45, 0xF5, 0xE4, 0xF4, 0x05, 0xF5, 0xE4, 0xFC, 0x26, 0xF5, 0x79, 0xCE, 0x9B, 0xCE,
    0x7A, 0xCE, 0x9A, 0xCE, 0x9A, 0xCE, 0x9A, 0xCE, 0x9A, 0xCE, 0x9A, 0xCE, 0x9A, 0xCE, 0x7A, 0xCE,
    0xBC, 0xD6, 0xB4, 0xEE, 0x87, 0xFE, 0xE9, 0xFE, 0xC8, 0xF5, 0xFF, 0xFF, 0x73, 0xFE, 0xF7, 0xBD,
    0x55, 0xAD, 0x00, 0x00, 0x00, 0x00, 0x00, 0x00, 0x00, 0x00, 0x00, 0x00, 0x00, 0x00, 0x00, 0x00,
    0xE7, 0xF5, 0xE7, 0xF5, 0xE7, 0xF5, 0x68, 0xFE, 0xE7, 0xF5, 0x00, 0x00, 0xE7, 0xFD, 0x07, 0xFE,
    0xE7, 0xF5, 0x66, 0xF5, 0xE5, 0xF4, 0x05, 0xF5, 0xE3, 0xFC, 0xF2, 0xDD, 0xBC, 0xCE, 0x7A, 0xCE,
    0x9A, 0xCE, 0x9A, 0xCE, 0x9A, 0xCE, 0x9A, 0xCE, 0x9A, 0xCE, 0x9A, 0xCE, 0x9A, 0xCE, 0x9A, 0xCE,
    0x9A, 0xCE, 0xBC, 0xD6, 0x4E, 0xEE, 0xC3, 0xFD, 0x00, 0x00, 0x00, 0x00, 0x00, 0x00, 0x00, 0x00,
    0x00, 0x00, 0x00, 0x00, 0xFF, 0xFF, 0x00, 0x00, 0x00, 0x00, 0x00, 0x00, 0x00, 0x00, 0x00, 0x00,
    0x00, 0x00, 0x00, 0x00, 0x00, 0x00, 0x00, 0x00, 0x00, 0x00, 0x00, 0x00, 0x46, 0xFE, 0xE7, 0xF5,
    0x07, 0xFE, 0xC7, 0xF5, 0xE4, 0xF4, 0xC2, 0xFC, 0x27, 0xF5, 0x7A, 0xCE, 0x9A, 0xCE, 0x9A, 0xCE,
    0x9A, 0xCE, 0x9A, 0xCE, 0x9A, 0xCE, 0x9A, 0xCE, 0x9A, 0xCE, 0x9A, 0xCE, 0x9A, 0xCE, 0x9A, 0xCE,
    0x9A, 0xCE, 0xDC, 0xDE, 0x9C, 0xCE, 0x9D, 0xC6, 0xBB, 0xD6, 0xBB, 0xD6, 0x9B, 0xCE, 0xBB, 0xD6,
    0xBB, 0xD6, 0x00, 0x00, 0x00, 0x00, 0x55, 0xAD, 0x00, 0x00, 0x00, 0x00, 0x00, 0x00, 0x00, 0x00,
    0xE7, 0xFD, 0xE7, 0xFD, 0xE7, 0xFD, 0xE7, 0xFD, 0xEF, 0xFB, 0xEA, 0xFF, 0x00, 0x00, 0xE7, 0xF5,
    0x68, 0xFE, 0xE6, 0xF5, 0x87, 0xF5, 0xAF, 0xE5, 0x58, 0xD6, 0x9B, 0xCE, 0x9A, 0xCE, 0x9A, 0xCE,
    0x9A, 0xCE, 0x9A, 0xCE, 0x9A, 0xCE, 0x9A, 0xCE, 0x9A, 0xCE, 0x9A, 0xCE, 0x9A, 0xCE, 0x9A, 0xCE,
    0x9A, 0xCE, 0x7A, 0xCE, 0xBB, 0xD6, 0x1C, 0xDF, 0xFC, 0xDE, 0xDC, 0xDE, 0xFC, 0xDE, 0xFC, 0xDE,
    0xDB, 0xD6, 0xBB, 0xD6, 0x7A, 0xCE, 0x00, 0x00, 0xF7, 0xBD, 0x00, 0x00, 0x00, 0x00, 0x00, 0x00,
    0x00, 0x00, 0x00, 0x00, 0x00, 0x00, 0x00, 0x00, 0x00, 0x00, 0x4A, 0xFD, 0x66, 0xFE, 0xE9, 0xF5,
    0xE6, 0xFD, 0x2D, 0xEE, 0x79, 0xCE, 0xBC, 0xCE, 0x9B, 0xCE, 0x9A, 0xCE, 0x9A, 0xCE, 0x9A, 0xCE,
    0x9A, 0xCE, 0x9A, 0xCE, 0x9A, 0xCE, 0x9A, 0xCE, 0x9A, 0xCE, 0x9A, 0xCE, 0x9A, 0xCE, 0x9A, 0xCE,
    0x9A, 0xCE, 0x9A, 0xCE, 0x9A, 0xCE, 0x9A, 0xCE, 0x7A, 0xCE, 0x9A, 0xCE, 0x7A, 0xCE, 0x9A, 0xCE,
    0x7A, 0xCE, 0xDC, 0xD6, 0xBB, 0xD6, 0x7A, 0xCE, 0x00, 0x00, 0xFF, 0xFF, 0x00, 0x00, 0x00, 0x00,
    0x00, 0x00, 0x00, 0x00, 0x00, 0x00, 0x00, 0x00, 0xE0, 0xFF, 0x00, 0x00, 0x00, 0x00, 0x00, 0x00,
    0x53, 0xDE, 0xFC, 0xDE, 0x9B, 0xCE, 0x7A, 0xCE, 0x9A, 0xCE, 0x9A, 0xCE, 0x9A, 0xCE, 0x9A, 0xCE,
    0x9A, 0xCE, 0x9A, 0xCE, 0x9A, 0xCE, 0x9A, 0xCE, 0x9A, 0xCE, 0x9A, 0xCE, 0x9A, 0xCE, 0x9A, 0xCE,
    0x9A, 0xCE, 0x9A, 0xCE, 0x9A, 0xCE, 0x9A, 0xCE, 0x9A, 0xCE, 0x9A, 0xCE, 0x9A, 0xCE, 0x9A, 0xCE,
    0x9A, 0xCE, 0x7A, 0xCE, 0x9B, 0xCE, 0xDB, 0xD6, 0x9A, 0xCE, 0x00, 0x00, 0x55, 0xAD, 0x00, 0x00,
    0x00, 0x00, 0x00, 0x00, 0x00, 0x00, 0xE0, 0xFF, 0x00, 0x00, 0xA9, 0xF5, 0xE6, 0xFD, 0x76, 0xD6,
    0x9C, 0xCE, 0x9B, 0xCE, 0x7A, 0xCE, 0x9A, 0xCE, 0x9A, 0xCE, 0x9A, 0xCE, 0x9A, 0xCE, 0x9A, 0xCE,
    0x9A, 0xCE, 0x9A, 0xCE, 0x9A, 0xCE, 0x9A, 0xCE, 0x9A, 0xCE, 0x9A, 0xCE, 0x9A, 0xCE, 0x9A, 0xCE,
    0x9A, 0xCE, 0x9A, 0xCE, 0x9A, 0xCE, 0x9A, 0xCE, 0x9A, 0xCE, 0x9A, 0xCE, 0x9A, 0xCE, 0x9A, 0xCE,
    0x9A, 0xCE, 0x9A, 0xCE, 0x9A, 0xCE, 0xBB, 0xD6, 0x9A, 0xCE, 0xDB, 0xCE, 0xFF, 0xFF, 0xFF, 0xFF,
    0x00, 0x00, 0x00, 0x00, 0xE0, 0xFB, 0x00, 0x00, 0xC5, 0xE5, 0x07, 0xFE, 0x67, 0xFE, 0x55, 0xDE,
    0xBC, 0xCE, 0x7A, 0xCE, 0x9A, 0xCE, 0x9A, 0xCE, 0x9A, 0xCE, 0x9A, 0xCE, 0x9A, 0xCE, 0x9A, 0xCE,
    0x9A, 0xCE, 0x9A, 0xCE, 0x9A, 0xCE, 0x9A, 0xCE, 0x9A, 0xCE, 0x9A, 0xCE, 0x9A, 0xCE, 0x9A, 0xCE,
    0x9A, 0xCE, 0x9A, 0xCE, 0x9A, 0xCE, 0x9A, 0xCE, 0x9A, 0xCE, 0x9A, 0xCE, 0x9A, 0xCE, 0x9A, 0xCE,
    0x9A, 0xCE, 0x9A, 0xCE, 0x9A, 0xCE, 0x7A, 0xCE, 0x1C, 0xDF, 0x7A, 0xCE, 0x00, 0x00, 0xF7, 0xBD,
    0x00, 0x00, 0xE0, 0xFF, 0x00, 0x00, 0x86, 0xFD, 0xE7, 0xF5, 0x87, 0xFE, 0x0A, 0xEE, 0x9A, 0xCE,
    0x7A, 0xCE, 0x9A, 0xCE, 0x9A, 0xCE, 0x9A, 0xCE, 0x9A, 0xCE, 0x9A, 0xCE, 0x9A, 0xCE, 0x9A, 0xCE,
    0x9A, 0xCE, 0x9A, 0xCE, 0x9A, 0xCE, 0x9A, 0xCE, 0x9A, 0xCE, 0x9A, 0xCE, 0x9A, 0xCE, 0x9A, 0xCE,
    0x9A, 0xCE, 0x9A, 0xCE, 0x9A, 0xCE, 0x9A, 0xCE, 0x9A, 0xCE, 0x9A, 0xCE, 0x9A, 0xCE, 0x9A, 0xCE,
    0x9A, 0xCE, 0x9A, 0xCE, 0x9A, 0xCE, 0x7A, 0xCE, 0xBB, 0xD6, 0x7A, 0xCE, 0x79, 0xCE, 0x00, 0x00,
    0xE0, 0xFF, 0xE0, 0xFB, 0xE7, 0xFD, 0xE7, 0xF5, 0xA8, 0xFE, 0xC5, 0xFD, 0x55, 0xDE, 0xDC, 0xD6,
    0x9A, 0xCE, 0x9A, 0xCE, 0x9A, 0xCE, 0x9A, 0xCE, 0x9A, 0xCE, 0x9A, 0xCE, 0x9A, 0xCE, 0x9A, 0xCE,
    0x9A, 0xCE, 0x9A, 0xCE, 0x9A, 0xCE, 0x9A, 0xCE, 0x9A, 0xCE, 0x9A, 0xCE, 0x9A, 0xCE, 0x9A, 0xCE,
    0x9A, 0xCE, 0x9A, 0xCE, 0x9A, 0xCE, 0x9A, 0xCE, 0x9A, 0xCE, 0x9A, 0xCE, 0x9A, 0xCE, 0x9A, 0xCE,
    0x9A, 0xCE, 0x9A, 0xCE, 0x9A, 0xCE, 0x9A, 0xCE, 0x9A, 0xCE, 0x9B, 0xCE, 0x5A, 0xCE, 0x00, 0x00,
    0xE0, 0xFF, 0x00, 0x00, 0xA7, 0xF5, 0xE7, 0xF5, 0x28, 0xFE, 0xC2, 0xFD, 0x9D, 0xC6, 0x1C, 0xDF,
    0x9A, 0xCE, 0x9A, 0xCE, 0x9A, 0xCE, 0x9A, 0xCE, 0x9A, 0xCE, 0x9A, 0xCE, 0x9A, 0xCE, 0x9A, 0xCE,
    0x9A, 0xCE, 0x9A, 0xCE, 0x9A, 0xCE, 0x9A, 0xCE, 0x9A, 0xCE, 0x9A, 0xCE, 0x9A, 0xCE, 0x9A, 0xCE,
    0x9A, 0xCE, 0x9A, 0xCE, 0x9A, 0xCE, 0x9A, 0xCE, 0x9A, 0xCE, 0x9A, 0xCE, 0x9A, 0xCE, 0x9A, 0xCE,
    0x9A, 0xCE, 0x9A, 0xCE, 0x9A, 0xCE, 0x9A, 0xCE, 0x7A, 0xCE, 0xFC, 0xDE, 0x7A, 0xCE, 0x00, 0x00,
    0x00, 0x00, 0xE0, 0xFF, 0x00, 0x00, 0x07, 0xFE, 0xA9, 0xED, 0x00, 0x00, 0x9A, 0xCE, 0xFC, 0xDE,
    0x9A, 0xCE, 0x9A, 0xCE, 0x9A, 0xCE, 0x9A, 0xCE, 0x9A, 0xCE, 0x9A, 0xCE, 0x9A, 0xCE, 0x9A, 0xCE,
    0x9A, 0xCE, 0x9A, 0xCE, 0x9A, 0xCE, 0x9A, 0xCE, 0x9A, 0xCE, 0x9A, 0xCE, 0x9A, 0xCE, 0x9A, 0xCE,
    0x9A, 0xCE, 0x9A, 0xCE, 0x9A, 0xCE, 0x9A, 0xCE, 0x9A, 0xCE, 0x9A, 0xCE, 0x9A, 0xCE, 0x9A, 0xCE,
    0x9A, 0xCE, 0x9A, 0xCE, 0x9A, 0xCE, 0x9A, 0xCE, 0x9A, 0xCE, 0xFC, 0xDE, 0x9A, 0xCE, 0x00, 0x00,
    0x00, 0x00, 0x00, 0x00, 0x00, 0x00, 0x00, 0x00, 0x00, 0x00, 0xE0, 0xFB, 0x7A, 0xCE, 0xFC, 0xDE,
    0x9A, 0xCE, 0x9A, 0xCE, 0x9A, 0xCE, 0x9A, 0xCE, 0x9A, 0xCE, 0x9A, 0xCE, 0x9A, 0xCE, 0x9A, 0xCE,
    0x9A, 0xCE, 0x9A, 0xCE, 0x9A, 0xCE, 0x9A, 0xCE, 0x9A, 0xCE, 0x9A, 0xCE, 0x9A, 0xCE, 0x9A, 0xCE,
    0x9A, 0xCE, 0x9A, 0xCE, 0x9A, 0xCE, 0x9A, 0xCE, 0x9A, 0xCE, 0x9A, 0xCE, 0x9A, 0xCE, 0x9A, 0xCE,
    0x9A, 0xCE, 0x9A, 0xCE, 0x9A, 0xCE, 0x9A, 0xCE, 0x9A, 0xCE, 0xFC, 0xDE, 0x9A, 0xCE, 0x00, 0x00,
    0x00, 0x00, 0x00, 0x00, 0x00, 0x00, 0xE0, 0xFF, 0x55, 0xD5, 0x00, 0x00, 0x9A, 0xCE, 0xFC, 0xDE,
    0x7A, 0xCE, 0x9A, 0xCE, 0x9A, 0xCE, 0x9A, 0xCE, 0x9A, 0xCE, 0x9A, 0xCE, 0x9A, 0xCE, 0x9A, 0xCE,
    0x9A, 0xCE, 0x9A, 0xCE, 0x9A, 0xCE, 0x9A, 0xCE, 0x9A, 0xCE, 0x9A, 0xCE, 0x9A, 0xCE, 0x9A, 0xCE,
    0x9A, 0xCE, 0x9A, 0xCE, 0x9A, 0xCE, 0x9A, 0xCE, 0x9A, 0xCE, 0x9A, 0xCE, 0x9A, 0xCE, 0x9A, 0xCE,
    0x9A, 0xCE, 0x9A, 0xCE, 0x9A, 0xCE, 0x9A, 0xCE, 0x7A, 0xCE, 0xBB, 0xD6, 0x7A, 0xCE, 0x00, 0x00,
    0x00, 0x00, 0x00, 0x00, 0x00, 0x00, 0x00, 0x00, 0xFF, 0xFF, 0x00, 0x00, 0xDB, 0xDE, 0x9A, 0xCE,
    0x9B, 0xD6, 0x7A, 0xCE, 0x9A, 0xCE, 0x9A, 0xCE, 0x9A, 0xCE, 0x9A, 0xCE, 0x9A, 0xCE, 0x9A, 0xCE,
    0x9A, 0xCE, 0x9A, 0xCE, 0x9A, 0xCE, 0x9A, 0xCE, 0x9A, 0xCE, 0x9A, 0xCE, 0x9A, 0xCE, 0x9A, 0xCE,
    0x9A, 0xCE, 0x9A, 0xCE, 0x9A, 0xCE, 0x9A, 0xCE, 0x9A, 0xCE, 0x9A, 0xCE, 0x9A, 0xCE, 0x9A, 0xCE,
    0x9A, 0xCE, 0x9A, 0xCE, 0x9A, 0xCE, 0x7A, 0xCE, 0xBB, 0xD6, 0x7A, 0xCE, 0xBA, 0xD6, 0xFF, 0xFF,
    0x00, 0x00, 0x00, 0x00, 0x00, 0x00, 0x00, 0x00, 0x00, 0x00, 0xFF, 0xFF, 0x00, 0x00, 0x9A, 0xCE,
    0x1D, 0xDF, 0x7A, 0xCE, 0x9A, 0xCE, 0x9A, 0xCE, 0x9A, 0xCE, 0x9A, 0xCE, 0x9A, 0xCE, 0x9A, 0xCE,
    0x9A, 0xCE, 0x9A, 0xCE, 0x9A, 0xCE, 0x9A, 0xCE, 0x9A, 0xCE, 0x9A, 0xCE, 0x9A, 0xCE, 0x9A, 0xCE,
    0x9A, 0xCE, 0x9A, 0xCE, 0x9A, 0xCE, 0x9A, 0xCE, 0x9A, 0xCE, 0x9A, 0xCE, 0x9A, 0xCE, 0x9A, 0xCE,
    0x9A, 0xCE, 0x9A, 0xCE, 0x9A, 0xCE, 0x7A, 0xCE, 0x1C, 0xDF, 0x7A, 0xCE, 0x00, 0x00, 0xF7, 0xBD,
    0x00, 0x00, 0x00, 0x00, 0x00, 0x00, 0x00, 0x00, 0x00, 0x00, 0xFF, 0xFF, 0xFF, 0xFF, 0x79, 0xCE,
    0x9A, 0xCE, 0x1C, 0xDF, 0x7A, 0xCE, 0x7A, 0xCE, 0x9A, 0xCE, 0x9A, 0xCE, 0x9A, 0xCE, 0x9A, 0xCE,
    0x9A, 0xCE, 0x9A, 0xCE, 0x9A, 0xCE, 0x9A, 0xCE, 0x9A, 0xCE, 0x9A, 0xCE, 0x9A, 0xCE, 0x9A, 0xCE,
    0x9A, 0xCE, 0x9A, 0xCE, 0x9A, 0xCE, 0x9A, 0xCE, 0x9A, 0xCE, 0x9A, 0xCE, 0x9A, 0xCE, 0x9A, 0xCE,
    0x9A, 0xCE, 0x7A, 0xCE, 0x9A, 0xCE, 0x3D, 0xE7, 0x7A, 0xCE, 0x00, 0x00, 0x55, 0xAD, 0x00, 0x00,
    0x00, 0x00, 0x00, 0x00, 0x00, 0x00, 0x00, 0x00, 0x00, 0x00, 0x00, 0x00, 0xEF, 0x7B, 0x00, 0x00,
    0x7A, 0xCE, 0xBB, 0xD6, 0x1D, 0xDF, 0xBB, 0xD6, 0x9A, 0xCE, 0x7A, 0xCE, 0x7A, 0xCE, 0x7A, 0xCE,
    0x7A, 0xCE, 0x7A, 0xCE, 0x7A, 0xCE, 0x7A, 0xCE, 0x7A, 0xCE, 0x7A, 0xCE, 0x7A, 0xCE, 0x7A, 0xCE,
    0x7A, 0xCE, 0x7A, 0xCE, 0x7A, 0xCE, 0x9A, 0xCE, 0x7A, 0xCE, 0x9A, 0xCE, 0x7A, 0xCE, 0x9A, 0xCE,
    0x7A, 0xCE, 0xDB, 0xD6, 0xFC, 0xDE, 0x9B, 0xD6, 0xBA, 0xD6, 0xFF, 0x7B, 0xFF, 0xFF, 0x00, 0x00,
    0x00, 0x00, 0x00, 0x00, 0x00, 0x00, 0x00, 0x00, 0x00, 0x00, 0x00, 0x00, 0x00, 0x00, 0xEF, 0x7B,
    0x00, 0x00, 0xF7, 0xBD, 0xBB, 0xCE, 0xBB, 0xD6, 0x9B, 0xD6, 0xDB, 0xD6, 0xDB, 0xD6, 0xDB, 0xD6,
    0xDB, 0xD6, 0xDB, 0xD6, 0xDB, 0xD6, 0xDB, 0xD6, 0xDB, 0xD6, 0xDB, 0xD6, 0xDB, 0xD6, 0xDB, 0xD6,
    0xDB, 0xD6, 0xDB, 0xD6, 0xDC, 0xD6, 0xFC, 0xDE, 0xFC, 0xDE, 0xDC, 0xDE, 0xFC, 0xDE, 0xFC, 0xDE,
    0xBB, 0xD6, 0xBB, 0xD6, 0x9B, 0xD6, 0x00, 0x00, 0x00, 0x00, 0xFF, 0xFF, 0x00, 0x00, 0x00, 0x00,
    0x00, 0x00, 0x00, 0x00, 0x00, 0x00, 0x00, 0x00, 0x00, 0x00, 0x00, 0x00, 0x00, 0x00, 0x00, 0x00,
    0xFF, 0xFF, 0x00, 0x00, 0x00, 0x00, 0x00, 0x00, 0xDB, 0xD6, 0x9B, 0xCE, 0x7A, 0xCE, 0x9A, 0xCE,
    0x9A, 0xCE, 0x9A, 0xCE, 0x9A, 0xCE, 0x9A, 0xCE, 0x9A, 0xCE, 0x9A, 0xCE, 0x9A, 0xCE, 0x9A, 0xCE,
    0x9A, 0xCE, 0x9B, 0xCE, 0x9A, 0xCE, 0x9A, 0xCE, 0x9B, 0xD6, 0x9B, 0xD6, 0x9B, 0xD6, 0xBB, 0xD6,
    0xBB, 0xD6, 0x00, 0x00, 0x00, 0x00, 0xEF, 0x7B, 0xFF, 0xFF, 0x00, 0x00, 0x00, 0x00, 0x00, 0x00,
    0x00, 0x00, 0x00, 0x00, 0x00, 0x00, 0x00, 0x00, 0x00, 0x00, 0x00, 0x00, 0x00, 0x00, 0x00, 0x00,
    0x00, 0x00, 0xFF, 0xFF, 0xF7, 0xBD, 0x00, 0x00, 0x00, 0x00, 0x00, 0x00, 0x00, 0x00, 0x00, 0x00,
    0x00, 0x00, 0x00, 0x00, 0x00, 0x00, 0x00, 0x00, 0x00, 0x00, 0x00, 0x00, 0x00, 0x00, 0x00, 0x00,
    0x00, 0x00, 0x00, 0x00, 0x00, 0x00, 0x00, 0x00, 0x00, 0x00, 0x00, 0x00, 0x00, 0x00, 0x00, 0x00,
    0x00, 0x00, 0x00, 0x00, 0xFF, 0xFF, 0x00, 0x00, 0x00, 0x00, 0x00, 0x00, 0x00, 0x00, 0x00, 0x00,
    0x00, 0x00, 0x00, 0x00, 0x00, 0x00, 0x00, 0x00, 0x00, 0x00, 0x00, 0x00, 0x00, 0x00, 0x00, 0x00,
    0x00, 0x00, 0x00, 0x00, 0x00, 0x00, 0x00, 0x00, 0xFF, 0xFF, 0x5F, 0xAD, 0x5F, 0xAD, 0x5F, 0xAD,
    0x5F, 0xAD, 0x5F, 0xAD, 0x5F, 0xAD, 0x5F, 0xAD, 0x5F, 0xAD, 0x5F, 0xAD, 0x5F, 0xAD, 0x5F, 0xAD,
    0x5F, 0xAD, 0x5F, 0xAD, 0xFF, 0xFF, 0xF7, 0xBD, 0x5F, 0xAD, 0xFF, 0xFF, 0x55, 0xAD, 0xF7, 0xBD,
    0x55, 0xAD, 0x00, 0x00, 0x00, 0x00, 0x00, 0x00, 0x00, 0x00, 0x00, 0x00, 0x00, 0x00, 0x00, 0x00,
    0x00, 0x00, 0x00, 0x00, 0x00, 0x00, 0x00, 0x00, 0x00, 0x00, 0x00, 0x00, 0x00, 0x00, 0x00, 0x00,
    0x00, 0x00, 0x00, 0x00, 0x00, 0x00, 0x00, 0x00, 0x00, 0x00, 0x00, 0x00, 0x00, 0x00, 0x00, 0x00,
    0x00, 0x00, 0x00, 0x00, 0x00, 0x00, 0x00, 0x00, 0x00, 0x00, 0x00, 0x00, 0x00, 0x00, 0x00, 0x00,
    0x00, 0x00, 0x00, 0x00, 0x00, 0x00, 0x00, 0x00, 0x00, 0x00, 0x00, 0x00, 0x00, 0x00, 0x00, 0x00,
    0x00, 0x00, 0x00, 0x00, 0x00, 0x00, 0x00, 0x00, 0x00, 0x00, 0x00, 0x00, 0x00, 0x00, 0x00, 0x00,
    0x00, 0x00, 0x00, 0x00, 0x00, 0x00, 0x00, 0x00, 0x00, 0x00, 0x00, 0x00, 0x00, 0x00, 0x00, 0x00,
    0x00, 0x00, 0x00, 0x00, 0x00, 0x00, 0x00, 0x00, 0x00, 0x00, 0x00, 0x00, 0x00, 0x00, 0x00, 0x00,
    0x00, 0x00, 0x00, 0x00, 0x00, 0x00, 0x00, 0x00, 0x00, 0x00, 0x00, 0x00, 0x00, 0x00, 0x00, 0x00,
    0x00, 0x00, 0x00, 0x00, 0x00, 0x00, 0x00, 0x00, 0x00, 0x00, 0x00, 0x00, 0x00, 0x00, 0x00, 0x00,
    0x00, 0x00, 0x00, 0x00, 0x00, 0x00, 0x00, 0x00, 0x00, 0x00, 0x00, 0x00, 0x00, 0x00, 0x00, 0x00,
    0x00, 0x00, 0x00, 0x00, 0x00, 0x00, 0x00, 0x00, 0x00, 0x00, 0x00, 0x00, 0x00, 0x00, 0x00, 0x00,
    0x00, 0x00, 0x00, 0x00, 0x00, 0x00, 0x00, 0x00, 0x00, 0x00, 0x00, 0x00, 0x00, 0x00, 0x00, 0x00,
    0x00, 0x00, 0x00, 0x00, 0x00, 0x00, 0x00, 0x00, 0x00, 0x00, 0x00, 0x00, 0x00, 0x00, 0x00, 0x00,
    0x00, 0x00, 0x00, 0x00, 0x00, 0x00, 0x00, 0x00, 0x00, 0x00, 0x00, 0x00, 0x00, 0x00, 0x00, 0x00,
    0x00, 0x00, 0x00, 0x00, 0x00, 0x00, 0x00, 0x00, 0x00, 0x00, 0x00, 0x00, 0x00, 0x00, 0x00, 0x00,
    0x00, 0x00, 0x00, 0x00, 0x00, 0x00, 0x00, 0x00, 0x00, 0x00, 0x00, 0x00, 0x00, 0x00, 0x00, 0x00,
    0x00, 0x00, 0x00, 0x00, 0x00, 0x00, 0x00, 0x00, 0x00, 0x00, 0x00, 0x00, 0x00, 0x00, 0x00, 0x00,
    0x00, 0x00, 0x00, 0x00, 0x00, 0x00, 0x00, 0x00, 0x00, 0x00, 0x00, 0x00, 0x00, 0x00, 0x00, 0x00,
    0x00, 0x00, 0x00, 0x00, 0x00, 0x00, 0x00, 0x00, 0x00, 0x00, 0x00, 0x00, 0x00, 0x00, 0x00, 0x00,
    0x00, 0x00, 0x00, 0x00, 0x00, 0x00, 0x00, 0x00, 0x00, 0x00, 0x00, 0x00, 0x00, 0x00, 0x00, 0x00,
    0x00, 0x00, 0x00, 0x00, 0x00, 0x00, 0x00, 0x00, 0x00, 0x00, 0x00, 0x00, 0x00, 0x00, 0x00, 0x00,
    0x00, 0x00, 0x00, 0x00, 0x00, 0x00, 0x00, 0x00, 0x00, 0x00, 0x00, 0x00, 0x00, 0x00, 0x00, 0x00,
    0x00, 0x00, 0x00, 0x00, 0x00, 0x00, 0x00, 0x00, 0x00, 0x00, 0x00, 0x00, 0x00, 0x00, 0x00, 0x00,
    0x00, 0x00, 0x00, 0x00, 0x00, 0x00, 0x00, 0x00, 0x00, 0x00, 0x00, 0x00, 0x00, 0x00, 0x00, 0x00,
    0x00, 0x00, 0x00, 0x00, 0x00, 0x00, 0x00, 0x00, 0x00, 0x00, 0x00, 0x00, 0x00, 0x00, 0x00, 0x00,
    0x00, 0x00, 0x00, 0x01, 0x01, 0x00, 0x00, 0x00, 0x00, 0x00, 0x04, 0x00, 0x7B, 0xFF, 0x86, 0x00,
    0x04, 0x00, 0x00, 0x00, 0x00, 0x00, 0x01, 0x02, 0x00, 0x00, 0x00, 0x00, 0x00, 0x00, 0x00, 0x00,
    0x00, 0x00, 0x00, 0x00, 0x00, 0x00, 0x00, 0x00, 0x00, 0x00, 0x01, 0x00, 0x00, 0x01, 0x00, 0x00,
    0x00, 0x00, 0x04, 0x00, 0x7B, 0xFF, 0x79, 0x00, 0x04, 0x00, 0x00, 0x00, 0x00, 0x01, 0x00, 0x00,
    0x01, 0x00, 0x00, 0x00, 0x00, 0x00, 0x00, 0x00, 0x00, 0x00, 0x00, 0x00, 0x00, 0x00, 0x00, 0x00,
    0x00, 0x01, 0x00, 0x12, 0x13, 0x00, 0x02, 0x00, 0x00, 0x00, 0x04, 0x00, 0x79, 0xFB, 0x79, 0x00,
    0x04, 0x00, 0x00, 0x00, 0x02, 0x00, 0x05, 0x17, 0x00, 0x01, 0x00, 0x00, 0x00, 0x00, 0x00, 0x00,
    0x00, 0x00, 0x00, 0x00, 0x00, 0x00, 0x00, 0x00, 0x01, 0x01, 0x15, 0xE7, 0xE0, 0x1A, 0x00, 0x03,
    0x00, 0x00, 0x04, 0x00, 0x84, 0xFF, 0x84, 0x00, 0x04, 0x00, 0x00, 0x02, 0x00, 0x0B, 0xBD, 0xF3,
    0x27, 0x00, 0x02, 0x00, 0x00, 0x00, 0x00, 0x00, 0x00, 0x00, 0x00, 0x00, 0x00, 0x00, 0x00, 0x00,
    0x01, 0x01, 0x15, 0xE4, 0xFF, 0xD2, 0x18, 0x00, 0x02, 0x00, 0x02, 0x01, 0x40, 0x83, 0x40, 0x01,
    0x02, 0x00, 0x01, 0x00, 0x0A, 0xBD, 0xFF, 0xF3, 0x28, 0x01, 0x02, 0x00, 0x00, 0x00, 0x00, 0x00,
    0x00, 0x00, 0x00, 0x00, 0x00, 0x00, 0x00, 0x00, 0x00, 0x01, 0x00, 0x1B, 0xD2, 0xFF, 0xD0, 0x27,
    0x01, 0x02, 0x03, 0x00, 0x00, 0x00, 0x00, 0x00, 0x03, 0x03, 0x02, 0x16, 0xBB, 0xFF, 0xE3, 0x2D,
    0x00, 0x02, 0x00, 0x00, 0x00, 0x00, 0x00, 0x00, 0x00, 0x00, 0x00, 0x00, 0x00, 0x00, 0x00, 0x00,
    0x00, 0x00, 0x02, 0x00, 0x19, 0xD1, 0xFF, 0x74, 0x01, 0x02, 0x00, 0x05, 0x2E, 0x45, 0x36, 0x10,
    0x00, 0x00, 0x02, 0x7A, 0xFF, 0xE2, 0x2B, 0x00, 0x03, 0x00, 0x00, 0x00, 0x00, 0x00, 0x00, 0x00,
    0x00, 0x00, 0x00, 0x00, 0x00, 0x00, 0x00, 0x00, 0x00, 0x00, 0x00, 0x03, 0x00, 0x21, 0x73, 0x00,
    0x00, 0x08, 0x7E, 0xDA, 0xFF, 0xFF, 0xFF, 0xE7, 0x9C, 0x1F, 0x00, 0x0A, 0x92, 0x33, 0x00, 0x04,
    0x00, 0x00, 0x00, 0x00, 0x00, 0x00, 0x00, 0x00, 0x00, 0x00, 0x00, 0x00, 0x00, 0x00, 0x00, 0x00,
    0x00, 0x00, 0x00, 0x00, 0x01, 0x00, 0x00, 0x00, 0x19, 0xC9, 0xFF, 0xFF, 0xFF, 0xFD, 0xFE, 0xFF,
    0xFF, 0xE9, 0x40, 0x00, 0x00, 0x00, 0x05, 0x00, 0x00, 0x00, 0x00, 0x00, 0x00, 0x00, 0x00, 0x00,
    0x00, 0x00, 0x00, 0x00, 0x00, 0x00, 0x00, 0x00, 0x00, 0x00, 0x00, 0x00, 0x00, 0x02, 0x05, 0x09,
    0xCC, 0xFF, 0xF9, 0xFD, 0xFF, 0xFF, 0xFF, 0xFE, 0xFA, 0xFF, 0xF2, 0x34, 0x0F, 0x00, 0x00, 0x01,
    0x01, 0x00, 0x00, 0x00, 0x00, 0x00, 0x00, 0x00, 0x00, 0x00, 0x00, 0x00, 0x00, 0x00, 0x00, 0x00,
    0x04, 0x04, 0x04, 0x04, 0x02, 0x04, 0x00, 0x7D, 0xFF, 0xF9, 0xFF, 0xFF, 0xFF, 0xFF, 0xFF, 0xFF,
    0xFF, 0xFD, 0xFF, 0xF9, 0xE4, 0xBA, 0x5E, 0x00, 0x00, 0x05, 0x04, 0x04, 0x00, 0x00, 0x00, 0x00,
    0x00, 0x00, 0x00, 0x00, 0x00, 0x00, 0x00, 0x00, 0x00, 0x00, 0x00, 0x00, 0x00, 0x01, 0x06, 0xE0,
    0xFD, 0xFD, 0xFF, 0xFF, 0xFF, 0xFF, 0xFF, 0xFF, 0xFF, 0xFF, 0xFE, 0xFF, 0xFF, 0xFF, 0xFF, 0xB4,
    0x14, 0x00, 0x00, 0x00, 0x00, 0x00, 0x00, 0x00, 0x00, 0x00, 0x00, 0x00, 0x00, 0x00, 0x00, 0x00,
    0x7B, 0x7B, 0x79, 0x7B, 0x40, 0x00, 0x2F, 0xFF, 0xFF, 0xFE, 0xFF, 0xFF, 0xFF, 0xFF, 0xFF, 0xFF,
    0xFF, 0xFF, 0xFF, 0xFE, 0xFE, 0xFC, 0xFA, 0xFF, 0xD1, 0x5F, 0x66, 0x5F, 0x04, 0x01, 0x00, 0x00,
    0x00, 0x00, 0x00, 0x00, 0x00, 0x00, 0x00, 0x00, 0xFF, 0xFF, 0xFF, 0xFF, 0x96, 0x00, 0x49, 0xFE,
    0xFD, 0xFF, 0xFF, 0xFF, 0xFF, 0xFF, 0xFF, 0xFF, 0xFF, 0xFF, 0xFF, 0xFF, 0xFF, 0xFF, 0xFF, 0xFC,
    0xFF, 0xFF, 0xFF, 0xFF, 0x39, 0x02, 0x05, 0x04, 0x03, 0x00, 0x00, 0x00, 0x00, 0x00, 0x00, 0x00,
    0x86, 0x7B, 0x7A, 0x7B, 0x40, 0x00, 0x38, 0xFF, 0xFE, 0xFF, 0xFF, 0xFF, 0xFF, 0xFF, 0xFF, 0xFF,
    0xFF, 0xFF, 0xFF, 0xFF, 0xFF, 0xFF, 0xFF, 0xFF, 0xFB, 0xFA, 0xBE, 0x6C, 0x00, 0x00, 0x00, 0x00,
    0x00, 0x00, 0x02, 0x00, 0x00, 0x00, 0x00, 0x00, 0x00, 0x00, 0x00, 0x00, 0x00, 0x00, 0x0E, 0xED,
    0xFE, 0xFE, 0xFF, 0xFF, 0xFF, 0xFF, 0xFF, 0xFF, 0xFF, 0xFF, 0xFF, 0xFF, 0xFF, 0xFF, 0xFF, 0xFF,
    0xFC, 0xFF, 0xB2, 0x6A, 0xAD, 0xBC, 0xB1, 0x86, 0x3D, 0x00, 0x00, 0x03, 0x00, 0x00, 0x00, 0x00,
    0x04, 0x04, 0x04, 0x04, 0x02, 0x03, 0x00, 0x9D, 0xFF, 0xFB, 0xFF, 0xFF, 0xFF, 0xFF, 0xFF, 0xFF,
    0xFF, 0xFF, 0xFF, 0xFF, 0xFF, 0xFF, 0xFF, 0xFF, 0xFF, 0xFF, 0xFF, 0xFF, 0xFF, 0xFF, 0xFF, 0xFF,
    0xFF, 0xC4, 0x39, 0x00, 0x04, 0x00, 0x00, 0x00, 0x00, 0x00, 0x00, 0x00, 0x00, 0x03, 0x05, 0x1F,
    0xE2, 0xFE, 0xFE, 0xFF, 0xFF, 0xFF, 0xFF, 0xFF, 0xFF, 0xFF, 0xFF, 0xFF, 0xFF, 0xFF, 0xFF, 0xFF,
    0xFF, 0xFF, 0xFD, 0xFB, 0xFC, 0xFC, 0xFC, 0xFB, 0xFD, 0xFF, 0xFC, 0x58, 0x00, 0x03, 0x00, 0x00,
    0x00, 0x00, 0x00, 0x00, 0x01, 0x00, 0x00, 0x00, 0x7E, 0xFF, 0xFB, 0xFF, 0xFF, 0xFF, 0xFF, 0xFF,
    0xFF, 0xFF, 0xFF, 0xFF, 0xFF, 0xFF, 0xFF, 0xFF, 0xFF, 0xFF, 0xFF, 0xFF, 0xFF, 0xFF, 0xFF, 0xFF,
    0xFF, 0xFC, 0xFE, 0xFF, 0x4D, 0x00, 0x03, 0x00, 0x00, 0x00, 0x00, 0x02, 0x00, 0x11, 0x73, 0x37,
    0xF0, 0xFE, 0xFE, 0xFF, 0xFF, 0xFF, 0xFF, 0xFF, 0xFF, 0xFF, 0xFF, 0xFF, 0xFF, 0xFF, 0xFF, 0xFF,
    0xFF, 0xFF, 0xFF, 0xFF, 0xFF, 0xFF, 0xFF, 0xFF, 0xFF, 0xFF, 0xFC, 0xFF, 0xEB, 0x14, 0x01, 0x01,
    0x00, 0x00, 0x02, 0x00, 0x0B, 0xBE, 0xFF, 0xF3, 0xFF, 0xFF, 0xFF, 0xFF, 0xFF, 0xFF, 0xFF, 0xFF,
    0xFF, 0xFF, 0xFF, 0xFF, 0xFF, 0xFF, 0xFF, 0xFF, 0xFF, 0xFF, 0xFF, 0xFF, 0xFF, 0xFF, 0xFF, 0xFF,
    0xFF, 0xFF, 0xFF, 0xFB, 0xFF, 0x83, 0x00, 0x04, 0x00, 0x01, 0x00, 0x0A, 0xBE, 0xFF, 0xF8, 0xFF,
    0xFE, 0xFF, 0xFF, 0xFF, 0xFF, 0xFF, 0xFF, 0xFF, 0xFF, 0xFF, 0xFF, 0xFF, 0xFF, 0xFF, 0xFF, 0xFF,
    0xFF, 0xFF, 0xFF, 0xFF, 0xFF, 0xFF, 0xFF, 0xFF, 0xFF, 0xFF, 0xFF, 0xFD, 0xFE, 0xDE, 0x05, 0x01,
    0x01, 0x02, 0x0C, 0xBE, 0xFF, 0xD6, 0x84, 0xFC, 0xFD, 0xFF, 0xFF, 0xFF, 0xFF, 0xFF, 0xFF, 0xFF,
    0xFF, 0xFF, 0xFF, 0xFF, 0xFF, 0xFF, 0xFF, 0xFF, 0xFF, 0xFF, 0xFF, 0xFF, 0xFF, 0xFF, 0xFF, 0xFF,
    0xFF, 0xFF, 0xFF, 0xFE, 0xFF, 0xFD, 0x27, 0x00, 0x01, 0x00, 0x19, 0xFA, 0xF4, 0x1E, 0x6E, 0xFF,
    0xFB, 0xFF, 0xFF, 0xFF, 0xFF, 0xFF, 0xFF, 0xFF, 0xFF, 0xFF, 0xFF, 0xFF, 0xFF, 0xFF, 0xFF, 0xFF,
    0xFF, 0xFF, 0xFF, 0xFF, 0xFF, 0xFF, 0xFF, 0xFF, 0xFF, 0xFF, 0xFF, 0xFF, 0xFC, 0xFF, 0x51, 0x00,
    0x00, 0x01, 0x00, 0x25, 0x2B, 0x00, 0x84, 0xFF, 0xFB, 0xFF, 0xFF, 0xFF, 0xFF, 0xFF, 0xFF, 0xFF,
    0xFF, 0xFF, 0xFF, 0xFF, 0xFF, 0xFF, 0xFF, 0xFF, 0xFF, 0xFF, 0xFF, 0xFF, 0xFF, 0xFF, 0xFF, 0xFF,
    0xFF, 0xFF, 0xFF, 0xFF, 0xFB, 0xFF, 0x60, 0x00, 0x00, 0x00, 0x00, 0x00, 0x00, 0x02, 0x7C, 0xFE,
    0xFB, 0xFF, 0xFF, 0xFF, 0xFF, 0xFF, 0xFF, 0xFF, 0xFF, 0xFF, 0xFF, 0xFF, 0xFF, 0xFF, 0xFF, 0xFF,
    0xFF, 0xFF, 0xFF, 0xFF, 0xFF, 0xFF, 0xFF, 0xFF, 0xFF, 0xFF, 0xFF, 0xFF, 0xFB, 0xFE, 0x5B, 0x00,
    0x00, 0x00, 0x00, 0x02, 0x06, 0x00, 0x52, 0xFF, 0xFC, 0xFF, 0xFF, 0xFF, 0xFF, 0xFF, 0xFF, 0xFF,
    0xFF, 0xFF, 0xFF, 0xFF, 0xFF, 0xFF, 0xFF, 0xFF, 0xFF, 0xFF, 0xFF, 0xFF, 0xFF, 0xFF, 0xFF, 0xFF,
    0xFF, 0xFF, 0xFF, 0xFF, 0xFE, 0xFF, 0x34, 0x00, 0x00, 0x00, 0x00, 0x00, 0x01, 0x00, 0x14, 0xF3,
    0xFD, 0xFE, 0xFF, 0xFF, 0xFF, 0xFF, 0xFF, 0xFF, 0xFF, 0xFF, 0xFF, 0xFF, 0xFF, 0xFF, 0xFF, 0xFF,
    0xFF, 0xFF, 0xFF, 0xFF, 0xFF, 0xFF, 0xFF, 0xFF, 0xFF, 0xFF, 0xFF, 0xFD, 0xFE, 0xDD, 0x06, 0x01,
    0x00, 0x00, 0x00, 0x00, 0x00, 0x03, 0x00, 0x88, 0xFF, 0xF9, 0xFF, 0xFF, 0xFF, 0xFF, 0xFF, 0xFF,
    0xFF, 0xFF, 0xFF, 0xFF, 0xFF, 0xFF, 0xFF, 0xFF, 0xFF, 0xFF, 0xFF, 0xFF, 0xFF, 0xFF, 0xFF, 0xFF,
    0xFF, 0xFF, 0xFF, 0xF9, 0xFF, 0x67, 0x00, 0x04, 0x00, 0x00, 0x00, 0x00, 0x00, 0x01, 0x02, 0x0A,
    0xD0, 0xFF, 0xFA, 0xFD, 0xFE, 0xFF, 0xFF, 0xFF, 0xFF, 0xFF, 0xFF, 0xFF, 0xFF, 0xFF, 0xFF, 0xFF,
    0xFF, 0xFF, 0xFF, 0xFF, 0xFF, 0xFF, 0xFF, 0xFF, 0xFF, 0xFD, 0xFA, 0xFF, 0xB2, 0x00, 0x03, 0x00,
    0x00, 0x00, 0x00, 0x00, 0x00, 0x00, 0x02, 0x00, 0x19, 0xC4, 0xFF, 0xFF, 0xFF, 0xFD, 0xFD, 0xFD,
    0xFD, 0xFD, 0xFD, 0xFD, 0xFD, 0xFD, 0xFD, 0xFD, 0xFD, 0xFD, 0xFD, 0xFB, 0xFC, 0xFC, 0xFC, 0xFB,
    0xFE, 0xFF, 0xFF, 0xAA, 0x0C, 0x02, 0x01, 0x00, 0x00, 0x00, 0x00, 0x00, 0x00, 0x00, 0x00, 0x02,
    0x00, 0x04, 0x71, 0xD1, 0xFC, 0xFF, 0xFF, 0xFF, 0xFF, 0xFF, 0xFF, 0xFF, 0xFF, 0xFF, 0xFF, 0xFF,
    0xFF, 0xFF, 0xFF, 0xFF, 0xFF, 0xFF, 0xFF, 0xFF, 0xFF, 0xC8, 0x5D, 0x00, 0x00, 0x01, 0x00, 0x00,
    0x00, 0x00, 0x00, 0x00, 0x00, 0x00, 0x00, 0x00, 0x01, 0x00, 0x00, 0x00, 0x28, 0x41, 0x42, 0x42,
    0x42, 0x42, 0x42, 0x42, 0x42, 0x42, 0x42, 0x42, 0x42, 0x42, 0x47, 0x7F, 0xAE, 0xBC, 0xB1, 0x86,
    0x3D, 0x00, 0x00, 0x02, 0x01, 0x00, 0x00, 0x00, 0x00, 0x00, 0x00, 0x00, 0x00, 0x00, 0x00, 0x00,
    0x00, 0x01, 0x04, 0x00, 0x00, 0x00, 0x00, 0x00, 0x00, 0x00, 0x00, 0x00, 0x00, 0x00, 0x00, 0x00,
    0x00, 0x00, 0x00, 0x00, 0x00, 0x00, 0x00, 0x00, 0x00, 0x00, 0x03, 0x00, 0x00, 0x00, 0x00, 0x00,
    0x00, 0x00, 0x00, 0x00, 0x00, 0x00, 0x00, 0x00, 0x00, 0x00, 0x00, 0x01, 0x02, 0x03, 0x03, 0x03,
    0x03, 0x03, 0x03, 0x03, 0x03, 0x03, 0x03, 0x03, 0x03, 0x03, 0x03, 0x04, 0x03, 0x02, 0x03, 0x04,
    0x03, 0x00, 0x00, 0x00, 0x00, 0x00, 0x00, 0x00, 0x00, 0x00, 0x00, 0x00, 0x00, 0x00, 0x00, 0x00,
    0x00, 0x00, 0x00, 0x00, 0x00, 0x00, 0x00, 0x00, 0x00, 0x00, 0x00, 0x00, 0x00, 0x00, 0x00, 0x00,
    0x00, 0x00, 0x00, 0x00, 0x00, 0x00, 0x00, 0x00, 0x00, 0x00, 0x00, 0x00, 0x00, 0x00, 0x00, 0x00,
    0x00, 0x00, 0x00, 0x00, 0x00, 0x00, 0x00, 0x00, 0x00, 0x00, 0x00, 0x00, 0x00, 0x00, 0x00, 0x00,
    0x00, 0x00, 0x00, 0x00, 0x00, 0x00, 0x00, 0x00, 0x00, 0x00, 0x00, 0x00, 0x00, 0x00, 0x00, 0x00,
    0x00, 0x00, 0x00, 0x00, 0x00, 0x00, 0x00, 0x00, 0x00, 0x00, 0x00, 0x00, 0x00, 0x00, 0x00, 0x00,
    0x00, 0x00, 0x00, 0x00, 0x00, 0x00, 0x00, 0x00, 0x00, 0x00, 0x00, 0x00, 0x00, 0x00, 0x00, 0x00,
    0x00, 0x00, 0x00, 0x00, 0x00, 0x00, 0x00, 0x00, 0x00, 0x00, 0x00, 0x00, 0x00, 0x00, 0x00, 0x00,
    0x00, 0x00, 0x00, 0x00, 0x00, 0x00, 0x00, 0x00, 0x00, 0x00, 0x00, 0x00, 0x00, 0x00, 0x00, 0x00,
    0x00, 0x00, 0x00, 0x00, 0x00, 0x00, 0x00, 0x00, 0x00, 0x00, 0x00, 0x00, 0x00, 0x00, 0x00, 0x00,
    0x00, 0x00, 0x00, 0x00, 0x00, 0x00, 0x00, 0x00, 0x00, 0x00, 0x00, 0x00, 0x00, 0x00, 0x00, 0x00,
    0x00, 0x00, 0x00, 0x00, 0x00, 0x00, 0x00, 0x00, 0x00, 0x00, 0x00, 0x00, 0x00, 0x00, 0x00, 0x00,
    0x00, 0x00, 0x00, 0x00, 0x00, 0x00, 0x00, 0x00, 0x00, 0x00, 0x00, 0x00, 0x00, 0x00, 0x00, 0x00
};

#define ICON_WX_CLOUD_W 40
#define ICON_WX_CLOUD_H 40
static const uint8_t icon_wx_cloud_data[4800] = {
    0x00, 0x00, 0x00, 0x00, 0x00, 0x00, 0x00, 0x00, 0x00, 0x00, 0x00, 0x00, 0x00, 0x00, 0x00, 0x00,
    0x00, 0x00, 0x00, 0x00, 0x00, 0x00, 0x00, 0x00, 0x00, 0x00, 0x00, 0x00, 0xFF, 0xFF, 0xFF, 0xFF,
    0xF7, 0xBD, 0xF7, 0xBD, 0xFF, 0xFF, 0x55, 0xAD, 0x00, 0x00, 0x00, 0x00, 0x00, 0x00, 0x00, 0x00,
    0x00, 0x00, 0x00, 0x00, 0x00, 0x00, 0x00, 0x00, 0x00, 0x00, 0x00, 0x00, 0x00, 0x00, 0x00, 0x00,
    0x00, 0x00, 0x00, 0x00, 0x00, 0x00, 0x00, 0x00, 0x00, 0x00, 0x00, 0x00, 0x00, 0x00, 0x00, 0x00,
    0x00, 0x00, 0x00, 0x00, 0x00, 0x00, 0x00, 0x00, 0x00, 0x00, 0x00, 0x00, 0x00, 0x00, 0x00, 0x00,
    0x00, 0x00, 0x00, 0x00, 0x00, 0x00, 0x00, 0x00, 0xFF, 0xFF, 0x55, 0xAD, 0x00, 0x00, 0x00, 0x00,
    0x00, 0x00, 0x00, 0x00, 0x00, 0x00, 0x00, 0x00, 0xFF, 0xFF, 0xFF, 0xFF, 0x00, 0x00, 0x00, 0x00,
    0x00, 0x00, 0x00, 0x00, 0x00, 0x00, 0x00, 0x00, 0x00, 0x00, 0x00, 0x00, 0x00, 0x00, 0x00, 0x00,
    0x00, 0x00, 0x00, 0x00, 0x00, 0x00, 0x00, 0x00, 0x00, 0x00, 0x00, 0x00, 0x00, 0x00, 0x00, 0x00,
    0x00, 0x00, 0x00, 0x00, 0x00, 0x00, 0x00, 0x00, 0x00, 0x00, 0x00, 0x00, 0x00, 0x00, 0x00, 0x00,
    0x00, 0x00, 0x00, 0x00, 0x00, 0x00, 0xFF, 0xFF, 0x00, 0x00, 0x00, 0x00, 0x9A, 0xCE, 0xBB, 0xD6,
    0x9B, 0xCE, 0x9B, 0xCE, 0xBB, 0xD6, 0x9B, 0xD6, 0x00, 0x00, 0x00, 0x00, 0x55, 0xAD, 0x00, 0x00,
    0x00, 0x00, 0x00, 0x00, 0x00, 0x00, 0x00, 0x00, 0x00, 0x00, 0x00, 0x00, 0x00, 0x00, 0x00, 0x00,
    0x00, 0x00, 0x00, 0x00, 0x00, 0x00, 0x00, 0x00, 0x00, 0x00, 0x00, 0x00, 0x00, 0x00, 0x00, 0x00,
    0x00, 0x00, 0x00, 0x00, 0x00, 0x00, 0x00, 0x00, 0x00, 0x00, 0x00, 0x00, 0x00, 0x00, 0x00, 0x00,
    0x00, 0x00, 0x00, 0x00, 0xFF, 0xFF, 0x00, 0x00, 0xD8, 0xBD, 0xBB, 0xD6, 0xBB, 0xD6, 0xFC, 0xDE,
    0xFC, 0xDE, 0xFC, 0xDE, 0xFC, 0xDE, 0xBB, 0xD6, 0xBB, 0xD6, 0x39, 0xC6, 0x00, 0x00, 0x5F, 0xAD,
    0x00, 0x00, 0x00, 0x00, 0x00, 0x00, 0x00, 0x00, 0x00, 0x00, 0x00, 0x00, 0x00, 0x00, 0x00, 0x00,
    0x00, 0x00, 0x00, 0x00, 0x00, 0x00, 0x00, 0x00, 0x00, 0x00, 0x00, 0x00, 0x00, 0x00, 0x00, 0x00,
    0x00, 0x00, 0x00, 0x00, 0x00, 0x00, 0x00, 0x00, 0x00, 0x00, 0x00, 0x00, 0x00, 0x00, 0x00, 0x00,
    0x00, 0x00, 0xFF, 0xFF, 0x00, 0x00, 0x59, 0xCE, 0xBB, 0xD6, 0x1C, 0xDF, 0x9A, 0xCE, 0x7A, 0xCE,
    0x9A, 0xCE, 0x9A, 0xCE, 0x7A, 0xCE, 0x7A, 0xCE, 0xFC, 0xDE, 0xBB, 0xD6, 0x7A, 0xCE, 0x00, 0x00,
    0x55, 0xAD, 0x00, 0x00, 0x00, 0x00, 0x00, 0x00, 0x00, 0x00, 0x00, 0x00, 0x00, 0x00, 0x00, 0x00,
    0x00, 0x00, 0x00, 0x00, 0x00, 0x00, 0x00, 0x00, 0x00, 0x00, 0x00, 0x00, 0x00, 0x00, 0x00, 0x00,
    0x00, 0x00, 0x00, 0x00, 0x00, 0x00, 0x00, 0x00, 0x00, 0x00, 0x00, 0x00, 0x00, 0x00, 0x00, 0x00,
    0xEF, 0x7B, 0xFF, 0xFF, 0xBA, 0xD6, 0xBB, 0xD6, 0xFC, 0xDE, 0x7A, 0xCE, 0x9A, 0xCE, 0x9A, 0xCE,
    0x9A, 0xCE, 0x9A, 0xCE, 0x9A, 0xCE, 0x9A, 0xCE, 0x7A, 0xCE, 0xDB, 0xD6, 0xBB, 0xD6, 0xBA, 0xCE,
    0x00, 0x00, 0xFF, 0xFF, 0x00, 0x00, 0x00, 0x00, 0x00, 0x00, 0x00, 0x00, 0x00, 0x00, 0x00, 0x00,
    0x00, 0x00, 0x00, 0x00, 0x00, 0x00, 0x00, 0x00, 0x00, 0x00, 0x00, 0x00, 0x00, 0x00, 0x00, 0x00,
    0x00, 0x00, 0x00, 0x00, 0x00, 0x00, 0x00, 0x00, 0x00, 0x00, 0x00, 0x00, 0x00, 0x00, 0x00, 0x00,
    0xFF, 0xFF, 0x00, 0x00, 0x7A, 0xCE, 0xFC, 0xDE, 0x7A, 0xCE, 0x9A, 0xCE, 0x9A, 0xCE, 0x9A, 0xCE,
    0x9A, 0xCE, 0x9A, 0xCE, 0x9A, 0xCE, 0x9A, 0xCE, 0x9A, 0xCE, 0x7A, 0xCE, 0xDC, 0xDE, 0x7A, 0xCE,
    0xFF, 0xFF, 0xF7, 0xBD, 0xFF, 0xBD, 0xFF, 0xBD, 0xFF, 0xBD, 0xF7, 0xBD, 0x55, 0xAD, 0xFF, 0xFF,
    0x00, 0x00, 0x00, 0x00, 0x00, 0x00, 0x00, 0x00, 0x00, 0x00, 0x00, 0x00, 0x00, 0x00, 0x00, 0x00,
    0x00, 0x00, 0x00, 0x00, 0x00, 0x00, 0x00, 0x00, 0x00, 0x00, 0x00, 0x00, 0x00, 0x00, 0x7F, 0xCE,
    0xFF, 0xFF, 0x9A, 0xCE, 0xFC, 0xDE, 0x9A, 0xCE, 0x9A, 0xCE, 0x9A, 0xCE, 0x9A, 0xCE, 0x9A, 0xCE,
    0x9A, 0xCE, 0x9A, 0xCE, 0x9A, 0xCE, 0x9A, 0xCE, 0x9A, 0xCE, 0x9A, 0xCE, 0x7A, 0xCE, 0x1C, 0xDF,
    0x9A, 0xCE, 0x00, 0x00, 0x00, 0x00, 0x00, 0x00, 0x00, 0x00, 0x00, 0x00, 0x00, 0x00, 0x00, 0x00,
    0xFF, 0xFF, 0xFF, 0xFF, 0x00, 0x00, 0x00, 0x00, 0x00, 0x00, 0x00, 0x00, 0x00, 0x00, 0x00, 0x00,
    0x00, 0x00, 0x00, 0x00, 0x00, 0x00, 0x00, 0x00, 0x00, 0x00, 0xFF, 0xFF, 0xFF, 0xAF, 0x00, 0x00,
    0x00, 0x00, 0x9A, 0xCE, 0xDC, 0xDE, 0x7A, 0xCE, 0x9A, 0xCE, 0x9A, 0xCE, 0x9A, 0xCE, 0x9A, 0xCE,
    0x9A, 0xCE, 0x9A, 0xCE, 0x9A, 0xCE, 0x9A, 0xCE, 0x9A, 0xCE, 0x9A, 0xCE, 0x7A, 0xCE, 0xDB, 0xD6,
    0x7A, 0xCE, 0x9A, 0xD6, 0xBB, 0xCE, 0x9B, 0xCE, 0x9B, 0xD6, 0xBB, 0xD6, 0xDB, 0xD6, 0x9A, 0xD6,
    0x00, 0x00, 0x00, 0x00, 0x55, 0xAD, 0x00, 0x00, 0x00, 0x00, 0x00, 0x00, 0x00, 0x00, 0x00, 0x00,
    0x00, 0x00, 0x00, 0x00, 0x00, 0x00, 0x00, 0x00, 0xFF, 0xFF, 0x00, 0x00, 0x00, 0x00, 0x9B, 0xD6,
    0xBB, 0xD6, 0x9B, 0xD6, 0x9A, 0xCE, 0x9A, 0xCE, 0x9A, 0xCE, 0x9A, 0xCE, 0x9A, 0xCE, 0x9A, 0xCE,
    0x9A, 0xCE, 0x9A, 0xCE, 0x9A, 0xCE, 0x9A, 0xCE, 0x9A, 0xCE, 0x9A, 0xCE, 0x9A, 0xCE, 0x9A, 0xCE,
    0x9A, 0xCE, 0x9A, 0xCE, 0xFC, 0xDE, 0xFC, 0xDE, 0xFC, 0xDE, 0xFC, 0xDE, 0xBB, 0xD6, 0xBB, 0xD6,
    0xBB, 0xD6, 0x38, 0xBE, 0x00, 0x00, 0xFF, 0xFF, 0x00, 0x00, 0x00, 0x00, 0x00, 0x00, 0x00, 0x00,
    0x00, 0x00, 0x00, 0x00, 0x00, 0x00, 0xFF, 0xFF, 0x00, 0x00, 0x38, 0xC6, 0xBB, 0xD6, 0xBB, 0xD6,
    0xFC, 0xDE, 0x9A, 0xCE, 0x9A, 0xCE, 0x9A, 0xCE, 0x9A, 0xCE, 0x9A, 0xCE, 0x9A, 0xCE, 0x9A, 0xCE,
    0x9A, 0xCE, 0x9A, 0xCE, 0x9A, 0xCE, 0x9A, 0xCE, 0x9A, 0xCE, 0x9A, 0xCE, 0x9A, 0xCE, 0x9A, 0xCE,
    0x9A, 0xCE, 0x9A, 0xCE, 0x7A, 0xCE, 0x9A, 0xCE, 0x9A, 0xCE, 0x9A, 0xCE, 0x7A, 0xCE, 0xBB, 0xD6,
    0x1C, 0xDF, 0xBB, 0xD6, 0x5A, 0xC6, 0x00, 0x00, 0xFF, 0xFF, 0x00, 0x00, 0x00, 0x00, 0x00, 0x00,
    0x00, 0x00, 0x00, 0x00, 0xFF, 0xFF, 0x00, 0x00, 0x59, 0xCE, 0xBB, 0xD6, 0x1C, 0xDF, 0x9A, 0xCE,
    0x9A, 0xCE, 0x9A, 0xCE, 0x9A, 0xCE, 0x9A, 0xCE, 0x9A, 0xCE, 0x9A, 0xCE, 0x9A, 0xCE, 0x9A, 0xCE,
    0x9A, 0xCE, 0x9A, 0xCE, 0x9A, 0xCE, 0x9A, 0xCE, 0x9A, 0xCE, 0x9A, 0xCE, 0x9A, 0xCE, 0x9A, 0xCE,
    0x9A, 0xCE, 0x9A, 0xCE, 0x9A, 0xCE, 0x9A, 0xCE, 0x9A, 0xCE, 0x9A, 0xCE, 0x9A, 0xCE, 0x7A, 0xCE,
    0x7A, 0xCE, 0xBB, 0xD6, 0xBB, 0xD6, 0x7A, 0xCE, 0x00, 0x00, 0x55, 0xAD, 0x00, 0x00, 0x00, 0x00,
    0x00, 0x00, 0xFF, 0x7B, 0xEF, 0x7B, 0xBA, 0xD6, 0xBB, 0xD6, 0xDC, 0xDE, 0x7A, 0xCE, 0x9A, 0xCE,
    0x9A, 0xCE, 0x9A, 0xCE, 0x9A, 0xCE, 0x9A, 0xCE, 0x9A, 0xCE, 0x9A, 0xCE, 0x9A, 0xCE, 0x9A, 0xCE,
    0x9A, 0xCE, 0x9A, 0xCE, 0x9A, 0xCE, 0x9A, 0xCE, 0x9A, 0xCE, 0x9A, 0xCE, 0x9A, 0xCE, 0x9A, 0xCE,
    0x9A, 0xCE, 0x9A, 0xCE, 0x9A, 0xCE, 0x9A, 0xCE, 0x9A, 0xCE, 0x9A, 0xCE, 0x9A, 0xCE, 0x9A, 0xCE,
    0x9A, 0xCE, 0x7A, 0xCE, 0x9B, 0xD6, 0xBB, 0xD6, 0x7A, 0xCE, 0x00, 0x00, 0xFF, 0xFF, 0x00, 0x00,
    0x00, 0x00, 0xFF, 0xFF, 0x00, 0x00, 0x7A, 0xCE, 0xFC, 0xDE, 0x7A, 0xCE, 0x9A, 0xCE, 0x9A, 0xCE,
    0x9A, 0xCE, 0x9A, 0xCE, 0x9A, 0xCE, 0x9A, 0xCE, 0x9A, 0xCE, 0x9A, 0xCE, 0x9A, 0xCE, 0x9A, 0xCE,
    0x9A, 0xCE, 0x9A, 0xCE, 0x9A, 0xCE, 0x9A, 0xCE, 0x9A, 0xCE, 0x9A, 0xCE, 0x9A, 0xCE, 0x9A, 0xCE,
    0x9A, 0xCE, 0x9A, 0xCE, 0x9A, 0xCE, 0x9A, 0xCE, 0x9A, 0xCE, 0x9A, 0xCE, 0x9A, 0xCE, 0x9A, 0xCE,
    0x9A, 0xCE, 0x9A, 0xCE, 0x7A, 0xCE, 0xDC, 0xDE, 0x7A, 0xCE, 0xFF, 0xFF, 0xFF, 0x7B, 0x00, 0x00,
    0xFF, 0xFF, 0x00, 0x00, 0x7A, 0xCE, 0xDC, 0xDE, 0x7A, 0xCE, 0x9A, 0xCE, 0x9A, 0xCE, 0x9A, 0xCE,
    0x9A, 0xCE, 0x9A, 0xCE, 0x9A, 0xCE, 0x9A, 0xCE, 0x9A, 0xCE, 0x9A, 0xCE, 0x9A, 0xCE, 0x9A, 0xCE,
    0x9A, 0xCE, 0x9A, 0xCE, 0x9A, 0xCE, 0x9A, 0xCE, 0x9A, 0xCE, 0x9A, 0xCE, 0x9A, 0xCE, 0x9A, 0xCE,
    0x9A, 0xCE, 0x9A, 0xCE, 0x9A, 0xCE, 0x9A, 0xCE, 0x9A, 0xCE, 0x9A, 0xCE, 0x9A, 0xCE, 0x9A, 0xCE,
    0x9A, 0xCE, 0x9A, 0xCE, 0x9A, 0xCE, 0x7A, 0xCE, 0xFC, 0xDE, 0x7A, 0xCE, 0x00, 0x00, 0xF7, 0xBD,
    0xF7, 0xBD, 0x00, 0x00, 0x7A, 0xCE, 0xFC, 0xDE, 0x9A, 0xCE, 0x9A, 0xCE, 0x9A, 0xCE, 0x9A, 0xCE,
    0x9A, 0xCE, 0x9A, 0xCE, 0x9A, 0xCE, 0x9A, 0xCE, 0x9A, 0xCE, 0x9A, 0xCE, 0x9A, 0xCE, 0x9A, 0xCE,
    0x9A, 0xCE, 0x9A, 0xCE, 0x9A, 0xCE, 0x9A, 0xCE, 0x9A, 0xCE, 0x9A, 0xCE, 0x9A, 0xCE, 0x9A, 0xCE,
    0x9A, 0xCE, 0x9A, 0xCE, 0x9A, 0xCE, 0x9A, 0xCE, 0x9A, 0xCE, 0x9A, 0xCE, 0x9A, 0xCE, 0x9A, 0xCE,
    0x9A, 0xCE, 0x9A, 0xCE, 0x9A, 0xCE, 0x9A, 0xCE, 0xFC, 0xDE, 0x7A, 0xCE, 0x00, 0x00, 0x55, 0xAD,
    0x00, 0x00, 0xF7, 0xBD, 0x9A, 0xCE, 0xBB, 0xD6, 0x7A, 0xCE, 0x9A, 0xCE, 0x9A, 0xCE, 0x9A, 0xCE,
    0x9A, 0xCE, 0x9A, 0xCE, 0x9A, 0xCE, 0x9A, 0xCE, 0x9A, 0xCE, 0x9A, 0xCE, 0x9A, 0xCE, 0x9A, 0xCE,
    0x9A, 0xCE, 0x9A, 0xCE, 0x9A, 0xCE, 0x9A, 0xCE, 0x9A, 0xCE, 0x9A, 0xCE, 0x9A, 0xCE, 0x9A, 0xCE,
    0x9A, 0xCE, 0x9A, 0xCE, 0x9A, 0xCE, 0x9A, 0xCE, 0x9A, 0xCE, 0x9A, 0xCE, 0x9A, 0xCE, 0x9A, 0xCE,
    0x9A, 0xCE, 0x9A, 0xCE, 0x9A, 0xCE, 0x7A, 0xCE, 0xBB, 0xD6, 0x9A, 0xCE, 0xF7, 0xBD, 0x00, 0x00,
    0x00, 0x00, 0x5A, 0xCE, 0x9A, 0xCE, 0x9A, 0xCE, 0x9A, 0xCE, 0x9A, 0xCE, 0x9A, 0xCE, 0x9A, 0xCE,
    0x9A, 0xCE, 0x9A, 0xCE, 0x9A, 0xCE, 0x9A, 0xCE, 0x9A, 0xCE, 0x9A, 0xCE, 0x9A, 0xCE, 0x9A, 0xCE,
    0x9A, 0xCE, 0x9A, 0xCE, 0x9A, 0xCE, 0x9A, 0xCE, 0x9A, 0xCE, 0x9A, 0xCE, 0x9A, 0xCE, 0x9A, 0xCE,
    0x9A, 0xCE, 0x9A, 0xCE, 0x9A, 0xCE, 0x9A, 0xCE, 0x9A, 0xCE, 0x9A, 0xCE, 0x9A, 0xCE, 0x9A, 0xCE,
    0x9A, 0xCE, 0x9A, 0xCE, 0x9A, 0xCE, 0x9A, 0xCE, 0x9A, 0xCE, 0x9A, 0xCE, 0x79, 0xCE, 0x00, 0x00,
    0x00, 0x00, 0x7A, 0xCE, 0x9B, 0xCE, 0x9A, 0xCE, 0x9A, 0xCE, 0x9A, 0xCE, 0x9A, 0xCE, 0x9A, 0xCE,
    0x9A, 0xCE, 0x9A, 0xCE, 0x9A, 0xCE, 0x9A, 0xCE, 0x9A, 0xCE, 0x9A, 0xCE, 0x9A, 0xCE, 0x9A, 0xCE,
    0x9A, 0xCE, 0x9A, 0xCE, 0x9A, 0xCE, 0x9A, 0xCE, 0x9A, 0xCE, 0x9A, 0xCE, 0x9A, 0xCE, 0x9A, 0xCE,
    0x9A, 0xCE, 0x9A, 0xCE, 0x9A, 0xCE, 0x9A, 0xCE, 0x9A, 0xCE, 0x9A, 0xCE, 0x9A, 0xCE, 0x9A, 0xCE,
    0x9A, 0xCE, 0x9A, 0xCE, 0x9A, 0xCE, 0x9A, 0xCE, 0x9A, 0xCE, 0x9A, 0xCE, 0x39, 0xC6, 0x00, 0x00,
    0x00, 0x00, 0x5A, 0xCE, 0x9A, 0xCE, 0x9B, 0xCE, 0x9A, 0xCE, 0x9A, 0xCE, 0x9A, 0xCE, 0x9A, 0xCE,
    0x9A, 0xCE, 0x9A, 0xCE, 0x9A, 0xCE, 0x9A, 0xCE, 0x9A, 0xCE, 0x9A, 0xCE, 0x9A, 0xCE, 0x9A, 0xCE,
    0x9A, 0xCE, 0x9A, 0xCE, 0x9A, 0xCE, 0x9A, 0xCE, 0x9A, 0xCE, 0x9A, 0xCE, 0x9A, 0xCE, 0x9A, 0xCE,
    0x9A, 0xCE, 0x9A, 0xCE, 0x9A, 0xCE, 0x9A, 0xCE, 0x9A, 0xCE, 0x9A, 0xCE, 0x9A, 0xCE, 0x9A, 0xCE,
    0x9A, 0xCE, 0x9A, 0xCE, 0x9A, 0xCE, 0x9A, 0xCE, 0x9A, 0xCE, 0x9A, 0xCE, 0x7A, 0xCE, 0x00, 0x00,
    0x00, 0x00, 0x79, 0xCE, 0x7A, 0xCE, 0xBB, 0xD6, 0x7A, 0xCE, 0x9A, 0xCE, 0x9A, 0xCE, 0x9A, 0xCE,
    0x9A, 0xCE, 0x9A, 0xCE, 0x9A, 0xCE, 0x9A, 0xCE, 0x9A, 0xCE, 0x9A, 0xCE, 0x9A, 0xCE, 0x9A, 0xCE,
    0x9A, 0xCE, 0x9A, 0xCE, 0x9A, 0xCE, 0x9A, 0xCE, 0x9A, 0xCE, 0x9A, 0xCE, 0x9A, 0xCE, 0x9A, 0xCE,
    0x9A, 0xCE, 0x9A, 0xCE, 0x9A, 0xCE, 0x9A, 0xCE, 0x9A, 0xCE, 0x9A, 0xCE, 0x9A, 0xCE, 0x9A, 0xCE,
    0x9A, 0xCE, 0x9A, 0xCE, 0x9A, 0xCE, 0x7A, 0xCE, 0x9B, 0xCE, 0x9A, 0xCE, 0x7A, 0xCE, 0x00, 0x00,
    0x55, 0xAD, 0x00, 0x00, 0x7A, 0xCE, 0xDC, 0xDE, 0x9A, 0xCE, 0x9A, 0xCE, 0x9A, 0xCE, 0x9A, 0xCE,
    0x9A, 0xCE, 0x9A, 0xCE, 0x9A, 0xCE, 0x9A, 0xCE, 0x9A, 0xCE, 0x9A, 0xCE, 0x9A, 0xCE, 0x9A, 0xCE,
    0x9A, 0xCE, 0x9A, 0xCE, 0x9A, 0xCE, 0x9A, 0xCE, 0x9A, 0xCE, 0x9A, 0xCE, 0x9A, 0xCE, 0x9A, 0xCE,
    0x9A, 0xCE, 0x9A, 0xCE, 0x9A, 0xCE, 0x9A, 0xCE, 0x9A, 0xCE, 0x9A, 0xCE, 0x9A, 0xCE, 0x9A, 0xCE,
    0x9A, 0xCE, 0x9A, 0xCE, 0x9A, 0xCE, 0x7A, 0xCE, 0xDB, 0xD6, 0x7A, 0xCE, 0xFF, 0xFF, 0xFF, 0xFF,
    0xF7, 0xBD, 0x00, 0x00, 0x7A, 0xCE, 0x1C, 0xDF, 0x7A, 0xCE, 0x9A, 0xCE, 0x9A, 0xCE, 0x9A, 0xCE,
    0x9A, 0xCE, 0x9A, 0xCE, 0x9A, 0xCE, 0x9A, 0xCE, 0x9A, 0xCE, 0x9A, 0xCE, 0x9A, 0xCE, 0x9A, 0xCE,
    0x9A, 0xCE, 0x9A, 0xCE, 0x9A, 0xCE, 0x9A, 0xCE, 0x9A, 0xCE, 0x9A, 0xCE, 0x9A, 0xCE, 0x9A, 0xCE,
    0x9A, 0xCE, 0x9A, 0xCE, 0x9A, 0xCE, 0x9A, 0xCE, 0x9A, 0xCE, 0x9A, 0xCE, 0x9A, 0xCE, 0x9A, 0xCE,
    0x9A, 0xCE, 0x9A, 0xCE, 0x9A, 0xCE, 0x7A, 0xCE, 0x1C, 0xDF, 0x7A, 0xCE, 0x00, 0x00, 0xF7, 0xBD,
    0xFF, 0xFF, 0xFF, 0xFF, 0x3A, 0xC6, 0x9A, 0xCE, 0xBB, 0xD6, 0x7A, 0xCE, 0x9A, 0xCE, 0x9A, 0xCE,
    0x9A, 0xCE, 0x9A, 0xCE, 0x9A, 0xCE, 0x9A, 0xCE, 0x9A, 0xCE, 0x9A, 0xCE, 0x9A, 0xCE, 0x9A, 0xCE,
    0x9A, 0xCE, 0x9A, 0xCE, 0x9A, 0xCE, 0x9A, 0xCE, 0x9A, 0xCE, 0x9A, 0xCE, 0x9A, 0xCE, 0x9A, 0xCE,
    0x9A, 0xCE, 0x9A, 0xCE, 0x9A, 0xCE, 0x9A, 0xCE, 0x9A, 0xCE, 0x9A, 0xCE, 0x9A, 0xCE, 0x9A, 0xCE,
    0x9A, 0xCE, 0x9A, 0xCE, 0x7A, 0xCE, 0xBB, 0xD6, 0x9B, 0xD6, 0xBA, 0xCE, 0xFF, 0xFF, 0xEF, 0x7B,
    0x00, 0x00, 0x55, 0xAD, 0x00, 0x00, 0x9A, 0xCE, 0xDB, 0xD6, 0x9B, 0xCE, 0x7A, 0xCE, 0x9A, 0xCE,
    0x9A, 0xCE, 0x9A, 0xCE, 0x9A, 0xCE, 0x9A, 0xCE, 0x9A, 0xCE, 0x9A, 0xCE, 0x9A, 0xCE, 0x9A, 0xCE,
    0x9A, 0xCE, 0x9A, 0xCE, 0x9A, 0xCE, 0x9A, 0xCE, 0x9A, 0xCE, 0x9A, 0xCE, 0x9A, 0xCE, 0x9A, 0xCE,
    0x9A, 0xCE, 0x9A, 0xCE, 0x9A, 0xCE, 0x9A, 0xCE, 0x9A, 0xCE, 0x9A, 0xCE, 0x9A, 0xCE, 0x9A, 0xCE,
    0x9A, 0xCE, 0x7A, 0xCE, 0x9A, 0xCE, 0xFC, 0xDE, 0x7A, 0xCE, 0x00, 0x00, 0x5F, 0xAD, 0x00, 0x00,
    0x00, 0x00, 0x00, 0x00, 0x5F, 0xAD, 0x00, 0x00, 0x7A, 0xCE, 0xBB, 0xD6, 0xDC, 0xD6, 0x7A, 0xCE,
    0x9A, 0xCE, 0x7A, 0xCE, 0x9A, 0xCE, 0x9A, 0xCE, 0x9A, 0xCE, 0x9A, 0xCE, 0x9A, 0xCE, 0x9A, 0xCE,
    0x9A, 0xCE, 0x9A, 0xCE, 0x9A, 0xCE, 0x9A, 0xCE, 0x9A, 0xCE, 0x9A, 0xCE, 0x9A, 0xCE, 0x9A, 0xCE,
    0x9A, 0xCE, 0x7A, 0xCE, 0x9A, 0xCE, 0x9A, 0xCE, 0x9A, 0xCE, 0x9A, 0xCE, 0x7A, 0xCE, 0x7A, 0xCE,
    0x7A, 0xCE, 0xDB, 0xD6, 0xDC, 0xD6, 0x7A, 0xCE, 0x00, 0x00, 0xFF, 0xFF, 0x00, 0x00, 0x00, 0x00,
    0x00, 0x00, 0x00, 0x00, 0x00, 0x00, 0xFF, 0xFF, 0x00, 0x00, 0x7A, 0xCE, 0xBB, 0xD6, 0xDC, 0xD6,
    0xFC, 0xDE, 0xFC, 0xDE, 0xDC, 0xDE, 0xDC, 0xDE, 0xDC, 0xDE, 0xDC, 0xDE, 0xDC, 0xDE, 0xDC, 0xDE,
    0xDC, 0xDE, 0xDC, 0xDE, 0xDC, 0xDE, 0xDC, 0xDE, 0xDC, 0xDE, 0xDC, 0xDE, 0xDC, 0xDE, 0xDC, 0xDE,
    0xDC, 0xDE, 0xBB, 0xD6, 0x9A, 0xCE, 0x7A, 0xCE, 0x7A, 0xCE, 0x9A, 0xCE, 0xBB, 0xD6, 0xFC, 0xDE,
    0xDC, 0xD6, 0xBB, 0xD6, 0x7A, 0xCE, 0x00, 0x00, 0x5F, 0xAD, 0x00, 0x00, 0x00, 0x00, 0x00, 0x00,
    0x00, 0x00, 0x00, 0x00, 0x00, 0x00, 0x00, 0x00, 0x55, 0xAD, 0x00, 0x00, 0x00, 0x00, 0xBB, 0xD6,
    0xBB, 0xD6, 0xBB, 0xD6, 0x9A, 0xCE, 0x7A, 0xCE, 0x7A, 0xCE, 0x7A, 0xCE, 0x7A, 0xCE, 0x7A, 0xCE,
    0x7A, 0xCE, 0x7A, 0xCE, 0x7A, 0xCE, 0x7A, 0xCE, 0x7A, 0xCE, 0x7A, 0xCE, 0x7A, 0xCE, 0x9A, 0xCE,
    0x7A, 0xCE, 0x7A, 0xCE, 0x9B, 0xCE, 0xDB, 0xD6, 0xDB, 0xD6, 0x9B, 0xD6, 0x9B, 0xD6, 0xBB, 0xD6,
    0xBB, 0xD6, 0xEF, 0x7B, 0x00, 0x00, 0x55, 0xAD, 0x00, 0x00, 0x00, 0x00, 0x00, 0x00, 0x00, 0x00,
    0x00, 0x00, 0x00, 0x00, 0x00, 0x00, 0x00, 0x00, 0x00, 0x00, 0xFF, 0xFF, 0x00, 0x00, 0x00, 0x00,
    0x00, 0x00, 0x00, 0x00, 0x00, 0x00, 0x00, 0x00, 0x00, 0x00, 0x00, 0x00, 0x00, 0x00, 0x00, 0x00,
    0x00, 0x00, 0x00, 0x00, 0x00, 0x00, 0x00, 0x00, 0x00, 0x00, 0x00, 0x00, 0x00, 0x00, 0x00, 0x00,
    0x00, 0x00, 0xFF, 0x7F, 0x9B, 0xD6, 0xBB, 0xD6, 0xBB, 0xD6, 0x9B, 0xD6, 0xDD, 0xDE, 0x00, 0x00,
    0x00, 0x00, 0x00, 0x00, 0x55, 0xAD, 0x00, 0x00, 0x00, 0x00, 0x00, 0x00, 0x00, 0x00, 0x00, 0x00,
    0x00, 0x00, 0x00, 0x00, 0x00, 0x00, 0x00, 0x00, 0x00, 0x00, 0x00, 0x00, 0x00, 0x00, 0x55, 0xAD,
    0xF7, 0xBD, 0x55, 0xAD, 0xFF, 0xFF, 0xFF, 0xFF, 0xFF, 0xFF, 0xFF, 0xFF, 0xFF, 0xFF, 0xFF, 0xFF,
    0xFF, 0xFF, 0xFF, 0xFF, 0xFF, 0xFF, 0xFF, 0xFF, 0xFF, 0xFF, 0xFF, 0xFF, 0xFF, 0xFF, 0xFF, 0xFF,
    0xFF, 0xFF, 0x00, 0x00, 0x00, 0x00, 0x00, 0x00, 0x00, 0x00, 0x00, 0x00, 0x00, 0x00, 0x55, 0xAD,
    0x5F, 0xAD, 0x00, 0x00, 0x00, 0x00, 0x00, 0x00, 0x00, 0x00, 0x00, 0x00, 0x00, 0x00, 0x00, 0x00,
    0x00, 0x00, 0x00, 0x00, 0x00, 0x00, 0x00, 0x00, 0x00, 0x00, 0x00, 0x00, 0x00, 0x00, 0x00, 0x00,
    0x00, 0x00, 0x00, 0x00, 0x00, 0x00, 0x00, 0x00, 0x00, 0x00, 0x00, 0x00, 0x00, 0x00, 0x00, 0x00,
    0x00, 0x00, 0x00, 0x00, 0x00, 0x00, 0x00, 0x00, 0x00, 0x00, 0x00, 0x00, 0x00, 0x00, 0x00, 0x00,
    0x00, 0x00, 0x00, 0x00, 0xFF, 0x7F, 0x55, 0xAD, 0xFF, 0xAF, 0xFF, 0xFF, 0xFF, 0xFF, 0x00, 0x00,
    0x00, 0x00, 0x00, 0x00, 0x00, 0x00, 0x00, 0x00, 0x00, 0x00, 0x00, 0x00, 0x00, 0x00, 0x00, 0x00,
    0x00, 0x00, 0x00, 0x00, 0x00, 0x00, 0x00, 0x00, 0x00, 0x00, 0x00, 0x00, 0x00, 0x00, 0x00, 0x00,
    0x00, 0x00, 0x00, 0x00, 0x00, 0x00, 0x00, 0x00, 0x00, 0x00, 0x00, 0x00, 0x00, 0x00, 0x00, 0x00,
    0x00, 0x00, 0x00, 0x00, 0x00, 0x00, 0x00, 0x00, 0x00, 0x00, 0x00, 0x00, 0x00, 0x00, 0x00, 0x00,
    0x00, 0x00, 0x00, 0x00, 0x00, 0x00, 0x00, 0x00, 0x00, 0x00, 0x00, 0x00, 0x00, 0x00, 0x00, 0x00,
    0x00, 0x00, 0x00, 0x00, 0x00, 0x00, 0x00, 0x00, 0x00, 0x00, 0x00, 0x00, 0x00, 0x00, 0x00, 0x00,
    0x00, 0x00, 0x00, 0x00, 0x00, 0x00, 0x00, 0x00, 0x00, 0x00, 0x00, 0x00, 0x00, 0x00, 0x00, 0x00,
    0x00, 0x00, 0x00, 0x00, 0x00, 0x00, 0x00, 0x00, 0x00, 0x00, 0x00, 0x00, 0x00, 0x00, 0x00, 0x00,
    0x00, 0x00, 0x00, 0x00, 0x00, 0x00, 0x00, 0x00, 0x00, 0x00, 0x00, 0x00, 0x00, 0x00, 0x00, 0x00,
    0x00, 0x00, 0x00, 0x00, 0x00, 0x00, 0x00, 0x00, 0x00, 0x00, 0x00, 0x00, 0x00, 0x00, 0x00, 0x00,
    0x00, 0x00, 0x00, 0x00, 0x00, 0x00, 0x00, 0x00, 0x00, 0x00, 0x00, 0x00, 0x00, 0x00, 0x00, 0x00,
    0x00, 0x00, 0x00, 0x00, 0x00, 0x00, 0x00, 0x00, 0x00, 0x00, 0x00, 0x00, 0x00, 0x00, 0x00, 0x00,
    0x00, 0x00, 0x00, 0x00, 0x00, 0x00, 0x00, 0x00, 0x00, 0x00, 0x00, 0x00, 0x00, 0x00, 0x00, 0x00,
    0x00, 0x00, 0x00, 0x00, 0x00, 0x00, 0x00, 0x00, 0x00, 0x00, 0x00, 0x00, 0x00, 0x00, 0x00, 0x00,
    0x00, 0x00, 0x00, 0x00, 0x00, 0x00, 0x00, 0x00, 0x00, 0x00, 0x00, 0x00, 0x00, 0x00, 0x00, 0x00,
    0x00, 0x00, 0x00, 0x00, 0x00, 0x00, 0x00, 0x00, 0x00, 0x00, 0x00, 0x00, 0x00, 0x00, 0x00, 0x00,
    0x00, 0x00, 0x00, 0x00, 0x00, 0x00, 0x00, 0x00, 0x00, 0x00, 0x00, 0x00, 0x00, 0x00, 0x00, 0x00,
    0x00, 0x00, 0x00, 0x00, 0x00, 0x00, 0x00, 0x00, 0x00, 0x00, 0x00, 0x00, 0x00, 0x00, 0x00, 0x00,
    0x00, 0x00, 0x00, 0x00, 0x00, 0x00, 0x00, 0x00, 0x00, 0x00, 0x00, 0x00, 0x00, 0x00, 0x00, 0x00,
    0x00, 0x00, 0x00, 0x00, 0x00, 0x00, 0x00, 0x00, 0x00, 0x00, 0x00, 0x00, 0x00, 0x00, 0x00, 0x00,
    0x00, 0x00, 0x00, 0x00, 0x00, 0x00, 0x00, 0x00, 0x00, 0x00, 0x00, 0x00, 0x00, 0x00, 0x00, 0x00,
    0x00, 0x00, 0x00, 0x00, 0x00, 0x00, 0x00, 0x00, 0x00, 0x00, 0x00, 0x00, 0x00, 0x00, 0x00, 0x00,
    0x00, 0x00, 0x00, 0x00, 0x00, 0x00, 0x00, 0x00, 0x00, 0x00, 0x00, 0x00, 0x00, 0x00, 0x00, 0x00,
    0x00, 0x00, 0x00, 0x00, 0x00, 0x00, 0x00, 0x00, 0x00, 0x00, 0x00, 0x00, 0x00, 0x00, 0x00, 0x00,
    0x00, 0x00, 0x00, 0x00, 0x00, 0x00, 0x00, 0x00, 0x00, 0x00, 0x00, 0x00, 0x00, 0x00, 0x00, 0x00,
    0x00, 0x00, 0x00, 0x00, 0x00, 0x00, 0x00, 0x00, 0x00, 0x00, 0x00, 0x00, 0x00, 0x00, 0x00, 0x00,
    0x00, 0x00, 0x00, 0x00, 0x00, 0x00, 0x00, 0x00, 0x00, 0x00, 0x00, 0x00, 0x00, 0x00, 0x00, 0x00,
    0x00, 0x00, 0x00, 0x00, 0x00, 0x00, 0x00, 0x00, 0x00, 0x00, 0x00, 0x00, 0x00, 0x00, 0x00, 0x00,
    0x00, 0x00, 0x00, 0x00, 0x00, 0x00, 0x00, 0x00, 0x00, 0x00, 0x00, 0x00, 0x00, 0x00, 0x00, 0x00,
    0x00, 0x00, 0x00, 0x00, 0x00, 0x00, 0x00, 0x00, 0x00, 0x00, 0x00, 0x00, 0x00, 0x00, 0x00, 0x00,
    0x00, 0x00, 0x00, 0x00, 0x00, 0x00, 0x00, 0x00, 0x00, 0x00, 0x00, 0x00, 0x00, 0x00, 0x00, 0x00,
    0x00, 0x00, 0x00, 0x00, 0x00, 0x00, 0x00, 0x00, 0x00, 0x00, 0x00, 0x00, 0x00, 0x00, 0x00, 0x00,
    0x00, 0x00, 0x00, 0x00, 0x00, 0x00, 0x00, 0x00, 0x00, 0x00, 0x00, 0x00, 0x00, 0x00, 0x00, 0x00,
    0x00, 0x00, 0x00, 0x00, 0x00, 0x00, 0x00, 0x00, 0x00, 0x00, 0x00, 0x00, 0x00, 0x00, 0x00, 0x00,
    0x00, 0x00, 0x00, 0x00, 0x00, 0x00, 0x00, 0x00, 0x00, 0x00, 0x00, 0x00, 0x00, 0x00, 0x00, 0x00,
    0x00, 0x00, 0x00, 0x00, 0x00, 0x00, 0x00, 0x00, 0x00, 0x00, 0x00, 0x00, 0x00, 0x00, 0x00, 0x00,
    0x00, 0x00, 0x00, 0x00, 0x00, 0x00, 0x00, 0x00, 0x00, 0x00, 0x00, 0x00, 0x00, 0x00, 0x00, 0x00,
    0x00, 0x00, 0x00, 0x00, 0x00, 0x00, 0x00, 0x00, 0x00, 0x00, 0x00, 0x00, 0x00, 0x00, 0x00, 0x00,
    0x00, 0x00, 0x00, 0x00, 0x00, 0x00, 0x00, 0x00, 0x00, 0x00, 0x00, 0x00, 0x00, 0x00, 0x00, 0x00,
    0x00, 0x00, 0x00, 0x00, 0x00, 0x00, 0x00, 0x00, 0x00, 0x00, 0x00, 0x00, 0x00, 0x00, 0x00, 0x00,
    0x00, 0x00, 0x00, 0x00, 0x00, 0x00, 0x00, 0x00, 0x00, 0x00, 0x00, 0x00, 0x00, 0x00, 0x00, 0x00,
    0x00, 0x00, 0x00, 0x00, 0x00, 0x00, 0x00, 0x00, 0x00, 0x00, 0x00, 0x00, 0x00, 0x00, 0x00, 0x00,
    0x00, 0x00, 0x00, 0x00, 0x00, 0x00, 0x00, 0x00, 0x00, 0x00, 0x00, 0x00, 0x00, 0x00, 0x00, 0x00,
    0x00, 0x00, 0x00, 0x00, 0x00, 0x00, 0x00, 0x00, 0x00, 0x00, 0x00, 0x00, 0x00, 0x00, 0x00, 0x00,
    0x00, 0x00, 0x00, 0x00, 0x00, 0x00, 0x00, 0x00, 0x00, 0x00, 0x00, 0x00, 0x00, 0x00, 0x00, 0x00,
    0x00, 0x00, 0x00, 0x00, 0x00, 0x00, 0x00, 0x00, 0x00, 0x00, 0x00, 0x00, 0x00, 0x00, 0x00, 0x00,
    0x00, 0x00, 0x00, 0x00, 0x00, 0x00, 0x00, 0x00, 0x00, 0x00, 0x00, 0x00, 0x00, 0x00, 0x02, 0x04,
    0x04, 0x04, 0x04, 0x03, 0x00, 0x00, 0x00, 0x00, 0x00, 0x00, 0x00, 0x00, 0x00, 0x00, 0x00, 0x00,
    0x00, 0x00, 0x00, 0x00, 0x00, 0x00, 0x00, 0x00, 0x00, 0x00, 0x00, 0x00, 0x00, 0x00, 0x00, 0x00,
    0x00, 0x00, 0x00, 0x00, 0x01, 0x03, 0x00, 0x00, 0x00, 0x00, 0x00, 0x00, 0x02, 0x01, 0x00, 0x00,
    0x00, 0x00, 0x00, 0x00, 0x00, 0x00, 0x00, 0x00, 0x00, 0x00, 0x00, 0x00, 0x00, 0x00, 0x00, 0x00,
    0x00, 0x00, 0x00, 0x00, 0x00, 0x00, 0x00, 0x00, 0x00, 0x00, 0x00, 0x02, 0x00, 0x00, 0x29, 0x6E,
    0x9B, 0x9E, 0x76, 0x33, 0x00, 0x00, 0x03, 0x00, 0x00, 0x00, 0x00, 0x00, 0x00, 0x00, 0x00, 0x00,
    0x00, 0x00, 0x00, 0x00, 0x00, 0x00, 0x00, 0x00, 0x00, 0x00, 0x00, 0x00, 0x00, 0x00, 0x00, 0x00,
    0x00, 0x00, 0x02, 0x00, 0x12, 0x9C, 0xF9, 0xFF, 0xFF, 0xFF, 0xFF, 0xFE, 0xAC, 0x20, 0x00, 0x03,
    0x00, 0x00, 0x00, 0x00, 0x00, 0x00, 0x00, 0x00, 0x00, 0x00, 0x00, 0x00, 0x00, 0x00, 0x00, 0x00,
    0x00, 0x00, 0x00, 0x00, 0x00, 0x00, 0x00, 0x00, 0x00, 0x02, 0x00, 0x2A, 0xD7, 0xFF, 0xFF, 0xFB,
    0xFB, 0xFB, 0xFB, 0xFE, 0xFF, 0xE7, 0x3D, 0x00, 0x03, 0x00, 0x00, 0x00, 0x00, 0x00, 0x00, 0x00,
    0x00, 0x00, 0x00, 0x00, 0x00, 0x00, 0x00, 0x00, 0x00, 0x00, 0x00, 0x00, 0x00, 0x00, 0x00, 0x00,
    0x02, 0x02, 0x13, 0xDE, 0xFF, 0xFA, 0xFF, 0xFF, 0xFF, 0xFF, 0xFF, 0xFF, 0xFA, 0xFF, 0xF0, 0x24,
    0x00, 0x02, 0x00, 0x00, 0x00, 0x00, 0x00, 0x00, 0x00, 0x00, 0x00, 0x00, 0x00, 0x00, 0x00, 0x00,
    0x00, 0x00, 0x00, 0x00, 0x00, 0x00, 0x00, 0x00, 0x02, 0x00, 0xB0, 0xFF, 0xFA, 0xFF, 0xFF, 0xFF,
    0xFF, 0xFF, 0xFF, 0xFF, 0xFF, 0xFB, 0xFF, 0xCD, 0x04, 0x04, 0x04, 0x04, 0x04, 0x04, 0x03, 0x01,
    0x00, 0x00, 0x00, 0x00, 0x00, 0x00, 0x00, 0x00, 0x00, 0x00, 0x00, 0x00, 0x00, 0x00, 0x00, 0x05,
    0x03, 0x48, 0xFF, 0xFB, 0xFF, 0xFF, 0xFF, 0xFF, 0xFF, 0xFF, 0xFF, 0xFF, 0xFF, 0xFF, 0xFB, 0xFF,
    0x66, 0x00, 0x00, 0x00, 0x00, 0x00, 0x00, 0x00, 0x03, 0x01, 0x00, 0x00, 0x00, 0x00, 0x00, 0x00,
    0x00, 0x00, 0x00, 0x00, 0x00, 0x01, 0x03, 0x00, 0x00, 0xBE, 0xFE, 0xFC, 0xFF, 0xFF, 0xFF, 0xFF,
    0xFF, 0xFF, 0xFF, 0xFF, 0xFF, 0xFF, 0xFD, 0xFD, 0xD7, 0x2C, 0x59, 0x7A, 0x7F, 0x67, 0x3C, 0x0B,
    0x00, 0x00, 0x03, 0x00, 0x00, 0x00, 0x00, 0x00, 0x00, 0x00, 0x00, 0x00, 0x02, 0x00, 0x00, 0x28,
    0x7F, 0xFA, 0xFE, 0xFF, 0xFF, 0xFF, 0xFF, 0xFF, 0xFF, 0xFF, 0xFF, 0xFF, 0xFF, 0xFF, 0xFF, 0xFF,
    0xFF, 0xFF, 0xFF, 0xFF, 0xFF, 0xFF, 0xFF, 0xE0, 0x80, 0x12, 0x00, 0x03, 0x00, 0x00, 0x00, 0x00,
    0x00, 0x00, 0x00, 0x02, 0x00, 0x12, 0x99, 0xF9, 0xFF, 0xFF, 0xFF, 0xFF, 0xFF, 0xFF, 0xFF, 0xFF,
    0xFF, 0xFF, 0xFF, 0xFF, 0xFF, 0xFF, 0xFF, 0xFF, 0xFF, 0xFF, 0xFC, 0xFB, 0xFB, 0xFB, 0xFD, 0xFF,
    0xFF, 0xDF, 0x44, 0x00, 0x03, 0x00, 0x00, 0x00, 0x00, 0x00, 0x02, 0x00, 0x2B, 0xDB, 0xFF, 0xFF,
    0xFB, 0xFF, 0xFF, 0xFF, 0xFF, 0xFF, 0xFF, 0xFF, 0xFF, 0xFF, 0xFF, 0xFF, 0xFF, 0xFF, 0xFF, 0xFF,
    0xFF, 0xFE, 0xFF, 0xFF, 0xFF, 0xFF, 0xFF, 0xFE, 0xFB, 0xFF, 0xFE, 0x55, 0x00, 0x03, 0x00, 0x00,
    0x00, 0x02, 0x02, 0x18, 0xE4, 0xFF, 0xFA, 0xFE, 0xFF, 0xFF, 0xFF, 0xFF, 0xFF, 0xFF, 0xFF, 0xFF,
    0xFF, 0xFF, 0xFF, 0xFF, 0xFF, 0xFF, 0xFF, 0xFF, 0xFF, 0xFF, 0xFF, 0xFF, 0xFF, 0xFF, 0xFF, 0xFF,
    0xFF, 0xFC, 0xFE, 0xF8, 0x30, 0x00, 0x02, 0x00, 0x00, 0x02, 0x00, 0xB2, 0xFF, 0xFA, 0xFF, 0xFF,
    0xFF, 0xFF, 0xFF, 0xFF, 0xFF, 0xFF, 0xFF, 0xFF, 0xFF, 0xFF, 0xFF, 0xFF, 0xFF, 0xFF, 0xFF, 0xFF,
    0xFF, 0xFF, 0xFF, 0xFF, 0xFF, 0xFF, 0xFF, 0xFF, 0xFF, 0xFF, 0xFC, 0xFF, 0xCA, 0x01, 0x02, 0x00,
    0x03, 0x00, 0x41, 0xFF, 0xFC, 0xFF, 0xFF, 0xFF, 0xFF, 0xFF, 0xFF, 0xFF, 0xFF, 0xFF, 0xFF, 0xFF,
    0xFF, 0xFF, 0xFF, 0xFF, 0xFF, 0xFF, 0xFF, 0xFF, 0xFF, 0xFF, 0xFF, 0xFF, 0xFF, 0xFF, 0xFF, 0xFF,
    0xFF, 0xFF, 0xFF, 0xFC, 0xFF, 0x4F, 0x00, 0x04, 0x04, 0x00, 0xA8, 0xFE, 0xFB, 0xFF, 0xFF, 0xFF,
    0xFF, 0xFF, 0xFF, 0xFF, 0xFF, 0xFF, 0xFF, 0xFF, 0xFF, 0xFF, 0xFF, 0xFF, 0xFF, 0xFF, 0xFF, 0xFF,
    0xFF, 0xFF, 0xFF, 0xFF, 0xFF, 0xFF, 0xFF, 0xFF, 0xFF, 0xFF, 0xFF, 0xFB, 0xFE, 0xB2, 0x00, 0x03,
    0x00, 0x08, 0xE4, 0xFF, 0xFE, 0xFF, 0xFF, 0xFF, 0xFF, 0xFF, 0xFF, 0xFF, 0xFF, 0xFF, 0xFF, 0xFF,
    0xFF, 0xFF, 0xFF, 0xFF, 0xFF, 0xFF, 0xFF, 0xFF, 0xFF, 0xFF, 0xFF, 0xFF, 0xFF, 0xFF, 0xFF, 0xFF,
    0xFF, 0xFF, 0xFF, 0xFE, 0xFF, 0xE5, 0x08, 0x00, 0x00, 0x22, 0xFC, 0xFF, 0xFE, 0xFF, 0xFF, 0xFF,
    0xFF, 0xFF, 0xFF, 0xFF, 0xFF, 0xFF, 0xFF, 0xFF, 0xFF, 0xFF, 0xFF, 0xFF, 0xFF, 0xFF, 0xFF, 0xFF,
    0xFF, 0xFF, 0xFF, 0xFF, 0xFF, 0xFF, 0xFF, 0xFF, 0xFF, 0xFF, 0xFF, 0xFE, 0xFF, 0xFC, 0x23, 0x00,
    0x00, 0x29, 0xFF, 0xFF, 0xFE, 0xFF, 0xFF, 0xFF, 0xFF, 0xFF, 0xFF, 0xFF, 0xFF, 0xFF, 0xFF, 0xFF,
    0xFF, 0xFF, 0xFF, 0xFF, 0xFF, 0xFF, 0xFF, 0xFF, 0xFF, 0xFF, 0xFF, 0xFF, 0xFF, 0xFF, 0xFF, 0xFF,
    0xFF, 0xFF, 0xFF, 0xFE, 0xFF, 0xFF, 0x28, 0x00, 0x00, 0x1D, 0xF8, 0xFF, 0xFE, 0xFF, 0xFF, 0xFF,
    0xFF, 0xFF, 0xFF, 0xFF, 0xFF, 0xFF, 0xFF, 0xFF, 0xFF, 0xFF, 0xFF, 0xFF, 0xFF, 0xFF, 0xFF, 0xFF,
    0xFF, 0xFF, 0xFF, 0xFF, 0xFF, 0xFF, 0xFF, 0xFF, 0xFF, 0xFF, 0xFF, 0xFE, 0xFF, 0xFF, 0x28, 0x00,
    0x00, 0x05, 0xE2, 0xFF, 0xFD, 0xFF, 0xFF, 0xFF, 0xFF, 0xFF, 0xFF, 0xFF, 0xFF, 0xFF, 0xFF, 0xFF,
    0xFF, 0xFF, 0xFF, 0xFF, 0xFF, 0xFF, 0xFF, 0xFF, 0xFF, 0xFF, 0xFF, 0xFF, 0xFF, 0xFF, 0xFF, 0xFF,
    0xFF, 0xFF, 0xFF, 0xFE, 0xFF, 0xF6, 0x19, 0x00, 0x03, 0x00, 0xB7, 0xFE, 0xFC, 0xFF, 0xFF, 0xFF,
    0xFF, 0xFF, 0xFF, 0xFF, 0xFF, 0xFF, 0xFF, 0xFF, 0xFF, 0xFF, 0xFF, 0xFF, 0xFF, 0xFF, 0xFF, 0xFF,
    0xFF, 0xFF, 0xFF, 0xFF, 0xFF, 0xFF, 0xFF, 0xFF, 0xFF, 0xFF, 0xFF, 0xFD, 0xFE, 0xD3, 0x01, 0x01,
    0x04, 0x00, 0x64, 0xFF, 0xFB, 0xFF, 0xFF, 0xFF, 0xFF, 0xFF, 0xFF, 0xFF, 0xFF, 0xFF, 0xFF, 0xFF,
    0xFF, 0xFF, 0xFF, 0xFF, 0xFF, 0xFF, 0xFF, 0xFF, 0xFF, 0xFF, 0xFF, 0xFF, 0xFF, 0xFF, 0xFF, 0xFF,
    0xFF, 0xFF, 0xFF, 0xFB, 0xFF, 0x82, 0x00, 0x04, 0x01, 0x01, 0x0D, 0xE0, 0xFF, 0xFC, 0xFF, 0xFF,
    0xFF, 0xFF, 0xFF, 0xFF, 0xFF, 0xFF, 0xFF, 0xFF, 0xFF, 0xFF, 0xFF, 0xFF, 0xFF, 0xFF, 0xFF, 0xFF,
    0xFF, 0xFF, 0xFF, 0xFF, 0xFF, 0xFF, 0xFF, 0xFF, 0xFF, 0xFF, 0xFD, 0xFD, 0xF0, 0x1A, 0x01, 0x02,
    0x00, 0x03, 0x00, 0x43, 0xFF, 0xFE, 0xFC, 0xFF, 0xFF, 0xFF, 0xFF, 0xFF, 0xFF, 0xFF, 0xFF, 0xFF,
    0xFF, 0xFF, 0xFF, 0xFF, 0xFF, 0xFF, 0xFF, 0xFF, 0xFF, 0xFF, 0xFF, 0xFF, 0xFF, 0xFF, 0xFF, 0xFF,
    0xFF, 0xFC, 0xFC, 0xFF, 0x59, 0x00, 0x03, 0x00, 0x00, 0x00, 0x03, 0x00, 0x58, 0xFC, 0xFF, 0xFD,
    0xFB, 0xFC, 0xFC, 0xFC, 0xFC, 0xFC, 0xFC, 0xFC, 0xFC, 0xFC, 0xFC, 0xFC, 0xFC, 0xFC, 0xFC, 0xFC,
    0xFC, 0xFD, 0xFE, 0xFF, 0xFF, 0xFF, 0xFE, 0xFC, 0xFC, 0xFF, 0xFF, 0x70, 0x00, 0x03, 0x00, 0x00,
    0x00, 0x00, 0x00, 0x03, 0x00, 0x39, 0xC5, 0xFF, 0xFF, 0xFF, 0xFF, 0xFF, 0xFF, 0xFF, 0xFF, 0xFF,
    0xFF, 0xFF, 0xFF, 0xFF, 0xFF, 0xFF, 0xFF, 0xFF, 0xFF, 0xFF, 0xFF, 0xFD, 0xFD, 0xFF, 0xFF, 0xFF,
    0xFF, 0xD1, 0x45, 0x00, 0x03, 0x00, 0x00, 0x00, 0x00, 0x00, 0x00, 0x00, 0x03, 0x00, 0x00, 0x42,
    0x86, 0xB4, 0xBC, 0xBD, 0xBD, 0xBD, 0xBD, 0xBD, 0xBD, 0xBD, 0xBD, 0xBD, 0xBD, 0xBD, 0xBD, 0xBE,
    0xBD, 0xD7, 0xFA, 0xFF, 0xFF, 0xFF, 0xE7, 0xAD, 0x4A, 0x04, 0x00, 0x03, 0x00, 0x00, 0x00, 0x00,
    0x00, 0x00, 0x00, 0x00, 0x00, 0x02, 0x00, 0x00, 0x00, 0x00, 0x00, 0x00, 0x00, 0x00, 0x00, 0x00,
    0x00, 0x00, 0x00, 0x00, 0x00, 0x00, 0x00, 0x00, 0x00, 0x02, 0x22, 0x3D, 0x41, 0x2E, 0x0E, 0x00,
    0x00, 0x00, 0x03, 0x00, 0x00, 0x00, 0x00, 0x00, 0x00, 0x00, 0x00, 0x00, 0x00, 0x00, 0x01, 0x03,
    0x04, 0x03, 0x02, 0x02, 0x02, 0x02, 0x02, 0x02, 0x02, 0x02, 0x02, 0x02, 0x02, 0x02, 0x02, 0x02,
    0x02, 0x00, 0x00, 0x00, 0x00, 0x00, 0x00, 0x03, 0x03, 0x01, 0x00, 0x00, 0x00, 0x00, 0x00, 0x00,
    0x00, 0x00, 0x00, 0x00, 0x00, 0x00, 0x00, 0x00, 0x00, 0x00, 0x00, 0x00, 0x00, 0x00, 0x00, 0x00,
    0x00, 0x00, 0x00, 0x00, 0x00, 0x00, 0x00, 0x00, 0x00, 0x01, 0x02, 0x03, 0x03, 0x02, 0x01, 0x00,
    0x00, 0x00, 0x00, 0x00, 0x00, 0x00, 0x00, 0x00, 0x00, 0x00, 0x00, 0x00, 0x00, 0x00, 0x00, 0x00,
    0x00, 0x00, 0x00, 0x00, 0x00, 0x00, 0x00, 0x00, 0x00, 0x00, 0x00, 0x00, 0x00, 0x00, 0x00, 0x00,
    0x00, 0x00, 0x00, 0x00, 0x00, 0x00, 0x00, 0x00, 0x00, 0x00, 0x00, 0x00, 0x00, 0x00, 0x00, 0x00,
    0x00, 0x00, 0x00, 0x00, 0x00, 0x00, 0x00, 0x00, 0x00, 0x00, 0x00, 0x00, 0x00, 0x00, 0x00, 0x00,
    0x00, 0x00, 0x00, 0x00, 0x00, 0x00, 0x00, 0x00, 0x00, 0x00, 0x00, 0x00, 0x00, 0x00, 0x00, 0x00,
    0x00, 0x00, 0x00, 0x00, 0x00, 0x00, 0x00, 0x00, 0x00, 0x00, 0x00, 0x00, 0x00, 0x00, 0x00, 0x00,
    0x00, 0x00, 0x00, 0x00, 0x00, 0x00, 0x00, 0x00, 0x00, 0x00, 0x00, 0x00, 0x00, 0x00, 0x00, 0x00,
    0x00, 0x00, 0x00, 0x00, 0x00, 0x00, 0x00, 0x00, 0x00, 0x00, 0x00, 0x00, 0x00, 0x00, 0x00, 0x00,
    0x00, 0x00, 0x00, 0x00, 0x00, 0x00, 0x00, 0x00, 0x00, 0x00, 0x00, 0x00, 0x00, 0x00, 0x00, 0x00,
    0x00, 0x00, 0x00, 0x00, 0x00, 0x00, 0x00, 0x00, 0x00, 0x00, 0x00, 0x00, 0x00, 0x00, 0x00, 0x00,
    0x00, 0x00, 0x00, 0x00, 0x00, 0x00, 0x00, 0x00, 0x00, 0x00, 0x00, 0x00, 0x00, 0x00, 0x00, 0x00,
    0x00, 0x00, 0x00, 0x00, 0x00, 0x00, 0x00, 0x00, 0x00, 0x00, 0x00, 0x00, 0x00, 0x00, 0x00, 0x00,
    0x00, 0x00, 0x00, 0x00, 0x00, 0x00, 0x00, 0x00, 0x00, 0x00, 0x00, 0x00, 0x00, 0x00, 0x00, 0x00,
    0x00, 0x00, 0x00, 0x00, 0x00, 0x00, 0x00, 0x00, 0x00, 0x00, 0x00, 0x00, 0x00, 0x00, 0x00, 0x00,
    0x00, 0x00, 0x00, 0x00, 0x00, 0x00, 0x00, 0x00, 0x00, 0x00, 0x00, 0x00, 0x00, 0x00, 0x00, 0x00,
    0x00, 0x00, 0x00, 0x00, 0x00, 0x00, 0x00, 0x00, 0x00, 0x00, 0x00, 0x00, 0x00, 0x00, 0x00, 0x00,
    0x00, 0x00, 0x00, 0x00, 0x00, 0x00, 0x00, 0x00, 0x00, 0x00, 0x00, 0x00, 0x00, 0x00, 0x00, 0x00,
    0x00, 0x00, 0x00, 0x00, 0x00, 0x00, 0x00, 0x00, 0x00, 0x00, 0x00, 0x00, 0x00, 0x00, 0x00, 0x00,
    0x00, 0x00, 0x00, 0x00, 0x00, 0x00, 0x00, 0x00, 0x00, 0x00, 0x00, 0x00, 0x00, 0x00, 0x00, 0x00,
    0x00, 0x00, 0x00, 0x00, 0x00, 0x00, 0x00, 0x00, 0x00, 0x00, 0x00, 0x00, 0x00, 0x00, 0x00, 0x00,
    0x00, 0x00, 0x00, 0x00, 0x00, 0x00, 0x00, 0x00, 0x00, 0x00, 0x00, 0x00, 0x00, 0x00, 0x00, 0x00,
    0x00, 0x00, 0x00, 0x00, 0x00, 0x00, 0x00, 0x00, 0x00, 0x00, 0x00, 0x00, 0x00, 0x00, 0x00, 0x00,
    0x00, 0x00, 0x00, 0x00, 0x00, 0x00, 0x00, 0x00, 0x00, 0x00, 0x00, 0x00, 0x00, 0x00, 0x00, 0x00
};

#define ICON_WX_FOG_W 40
#define ICON_WX_FOG_H 40
static const uint8_t icon_wx_fog_data[4800] = {
    0x00, 0x00, 0x00, 0x00, 0x00, 0x00, 0x00, 0x00, 0x00, 0x00, 0x00, 0x00, 0x00, 0x00, 0x00, 0x00,
    0x00, 0x00, 0x55, 0xAD, 0x00, 0x00, 0x9A, 0xCE, 0xFC, 0xDE, 0xBB, 0xD6, 0xBB, 0xD6, 0xBB, 0xD6,
    0xBB, 0xD6, 0xBB, 0xD6, 0xBB, 0xD6, 0xBB, 0xD6, 0xBB, 0xD6, 0xFC, 0xDE, 0x9A, 0xCE, 0x00, 0x00,
    0xFF, 0xFF, 0x00, 0x00, 0x00, 0x00, 0x00, 0x00, 0x00, 0x00, 0x00, 0x00, 0x00, 0x00, 0x00, 0x00,
    0x00, 0x00, 0x00, 0x00, 0x00, 0x00, 0x00, 0x00, 0x00, 0x00, 0x00, 0x00, 0x00, 0x00, 0x00, 0x00,
    0x00, 0x00, 0x00, 0x00, 0x00, 0x00, 0x00, 0x00, 0x00, 0x00, 0x00, 0x00, 0x00, 0x00, 0x00, 0x00,
    0xFF, 0xFF, 0xFF, 0xFF, 0xBB, 0xCE, 0xDC, 0xD6, 0xDC, 0xDE, 0xBB, 0xD6, 0xBB, 0xD6, 0xBB, 0xD6,
    0xBB, 0xD6, 0xBB, 0xD6, 0xBB, 0xD6, 0xBB, 0xD6, 0xBB, 0xD6, 0xBB, 0xD6, 0xFC, 0xDE, 0x9A, 0xD6,
    0x00, 0x00, 0xFF, 0xFF, 0x00, 0x00, 0xFF, 0xFF, 0xFF, 0xFF, 0x00, 0x00, 0x00, 0x00, 0x00, 0x00,
    0x00, 0x00, 0x00, 0x00, 0x00, 0x00, 0x00, 0x00, 0x00, 0x00, 0x00, 0x00, 0x00, 0x00, 0x00, 0x00,
    0x00, 0x00, 0x00, 0x00, 0x00, 0x00, 0x00, 0x00, 0x00, 0x00, 0x00, 0x00, 0x00, 0x00, 0x00, 0x00,
    0xFF, 0xFF, 0x00, 0x00, 0x9B, 0xD6, 0x3D, 0xE7, 0x9B, 0xD6, 0xBB, 0xD6, 0xBB, 0xD6, 0xBB, 0xD6,
    0xBB, 0xD6, 0xBB, 0xD6, 0xBB, 0xD6, 0xBB, 0xD6, 0xBB, 0xD6, 0xBB, 0xD6, 0xDC, 0xDE, 0xBB, 0xD6,
    0x5A, 0xCE, 0xFF, 0xFF, 0xFF, 0xFF, 0x00, 0x00, 0x00, 0x00, 0x00, 0x00, 0xFF, 0xFF, 0xFF, 0xFF,
    0xFF, 0xFF, 0x00, 0x00, 0x00, 0x00, 0x00, 0x00, 0x00, 0x00, 0x00, 0x00, 0x00, 0x00, 0x00, 0x00,
    0x00, 0x00, 0x00, 0x00, 0x00, 0x00, 0x00, 0x00, 0x00, 0x00, 0x00, 0x00, 0xFF, 0xFF, 0xDB, 0xDE,
    0x00, 0x00, 0x9B, 0xCE, 0x1C, 0xDF, 0xBB, 0xD6, 0xBB, 0xD6, 0xBB, 0xD6, 0xBB, 0xD6, 0xBB, 0xD6,
    0xBB, 0xD6, 0xBB, 0xD6, 0xBB, 0xD6, 0xBB, 0xD6, 0xBB, 0xD6, 0xBB, 0xD6, 0x9B, 0xD6, 0x3D, 0xE7,
    0xBB, 0xD6, 0x00, 0x00, 0xFF, 0xFF, 0x1C, 0xD7, 0x1C, 0xD7, 0xFF, 0xFF, 0x00, 0x00, 0x00, 0x00,
    0x00, 0x00, 0x55, 0xAD, 0x00, 0x00, 0x00, 0x00, 0x00, 0x00, 0x00, 0x00, 0x00, 0x00, 0x00, 0x00,
    0x00, 0x00, 0x00, 0x00, 0x00, 0x00, 0x00, 0x00, 0x00, 0x00, 0xFF, 0xFF, 0x00, 0x00, 0x00, 0x00,
    0x79, 0xCE, 0xBB, 0xD6, 0x1C, 0xDF, 0xBB, 0xD6, 0xBB, 0xD6, 0xBB, 0xD6, 0xBB, 0xD6, 0xBB, 0xD6,
    0xBB, 0xD6, 0xBB, 0xD6, 0xBB, 0xD6, 0xBB, 0xD6, 0xBB, 0xD6, 0xBB, 0xD6, 0xBB, 0xD6, 0xDB, 0xD6,
    0xBB, 0xD6, 0xBB, 0xD6, 0xBB, 0xD6, 0xBB, 0xD6, 0xBB, 0xD6, 0xBB, 0xD6, 0xDC, 0xDE, 0xDC, 0xDE,
    0x79, 0x9E, 0x00, 0x00, 0x55, 0xAD, 0x00, 0x00, 0x00, 0x00, 0x00, 0x00, 0x00, 0x00, 0x00, 0x00,
    0x00, 0x00, 0x00, 0x00, 0x00, 0x00, 0x00, 0x00, 0xFF, 0xFF, 0x00, 0x00, 0x59, 0xB6, 0xDC, 0xD6,
    0xDC, 0xD6, 0xDB, 0xD6, 0xBB, 0xD6, 0xBB, 0xD6, 0xBB, 0xD6, 0xBB, 0xD6, 0xBB, 0xD6, 0xBB, 0xD6,
    0xBB, 0xD6, 0xBB, 0xD6, 0xBB, 0xD6, 0xBB, 0xD6, 0xBB, 0xD6, 0xBB, 0xD6, 0xBB, 0xD6, 0xBB, 0xD6,
    0xBB, 0xD6, 0x1D, 0xDF, 0xFC, 0xDE, 0xDB, 0xD6, 0xDB, 0xD6, 0xFC, 0xDE, 0x1D, 0xDF, 0x1D, 0xDF,
    0xDC, 0xDE, 0x9B, 0xD6, 0x00, 0x00, 0xFF, 0xFF, 0x00, 0x00, 0x00, 0x00, 0x00, 0x00, 0x00, 0x00,
    0x00, 0x00, 0x00, 0x00, 0x00, 0x00, 0x55, 0xAD, 0x00, 0x00, 0x9A, 0xCE, 0xDC, 0xDE, 0x3D, 0xE7,
    0xDC, 0xDE, 0xBB, 0xD6, 0xBB, 0xD6, 0xBB, 0xD6, 0xBB, 0xD6, 0xBB, 0xD6, 0xBB, 0xD6, 0xBB, 0xD6,
    0xBB, 0xD6, 0xBB, 0xD6, 0xBB, 0xD6, 0xBB, 0xD6, 0xBB, 0xD6, 0xBB, 0xD6, 0xBB, 0xD6, 0xBB, 0xD6,
    0xBB, 0xD6, 0xBB, 0xD6, 0xBB, 0xD6, 0xBB, 0xD6, 0xBB, 0xD6, 0xBB, 0xD6, 0xBB, 0xD6, 0xBB, 0xD6,
    0xFC, 0xDE, 0xFC, 0xDE, 0x9B, 0xD6, 0x00, 0x00, 0xF7, 0xBD, 0x00, 0x00, 0x00, 0x00, 0x00, 0x00,
    0x00, 0x00, 0x00, 0x00, 0xFF, 0xFF, 0x00, 0x00, 0xBB, 0xD6, 0xFC, 0xDE, 0xFC, 0xDE, 0xBB, 0xD6,
    0xBB, 0xD6, 0xBB, 0xD6, 0xBB, 0xD6, 0xBB, 0xD6, 0xBB, 0xD6, 0xBB, 0xD6, 0xBB, 0xD6, 0xBB, 0xD6,
    0xBB, 0xD6, 0xBB, 0xD6, 0xBB, 0xD6, 0xBB, 0xD6, 0xBB, 0xD6, 0xBB, 0xD6, 0xBB, 0xD6, 0xBB, 0xD6,
    0xBB, 0xD6, 0xBB, 0xD6, 0xBB, 0xD6, 0xBB, 0xD6, 0xBB, 0xD6, 0xBB, 0xD6, 0xBB, 0xD6, 0xBB, 0xD6,
    0xBB, 0xD6, 0xBB, 0xD6, 0x3D, 0xE7, 0xBB, 0xCE, 0x00, 0x00, 0xFF, 0xFF, 0x00, 0x00, 0x00, 0x00,
    0x00, 0x00, 0xEF, 0x7B, 0xFF, 0xFF, 0x9B, 0xD6, 0xDB, 0xD6, 0xFC, 0xDE, 0xBB, 0xD6, 0xBB, 0xD6,
    0xBB, 0xD6, 0xBB, 0xD6, 0xBB, 0xD6, 0xBB, 0xD6, 0xBB, 0xD6, 0xBB, 0xD6, 0xBB, 0xD6, 0xBB, 0xD6,
    0xBB, 0xD6, 0xBB, 0xD6, 0xBB, 0xD6, 0xBB, 0xD6, 0xBB, 0xD6, 0xBB, 0xD6, 0xBB, 0xD6, 0xBB, 0xD6,
    0xBB, 0xD6, 0xBB, 0xD6, 0xBB, 0xD6, 0xBB, 0xD6, 0xBB, 0xD6, 0xBB, 0xD6, 0xBB, 0xD6, 0xBB, 0xD6,
    0xBB, 0xD6, 0xBB, 0xD6, 0xDB, 0xD6, 0xDC, 0xD6, 0xDB, 0xD6, 0xFF, 0xFF, 0xFF, 0xFF, 0x00, 0x00,
    0x00, 0x00, 0x5F, 0xAD, 0x00, 0x00, 0xBB, 0xD6, 0x3D, 0xE7, 0x9B, 0xD6, 0xBB, 0xD6, 0xBB, 0xD6,
    0xBB, 0xD6, 0xBB, 0xD6, 0xBB, 0xD6, 0xBB, 0xD6, 0xBB, 0xD6, 0xBB, 0xD6, 0xBB, 0xD6, 0xBB, 0xD6,
    0xBB, 0xD6, 0xBB, 0xD6, 0xBB, 0xD6, 0xBB, 0xD6, 0xBB, 0xD6, 0xBB, 0xD6, 0xBB, 0xD6, 0xBB, 0xD6,
    0xBB, 0xD6, 0xBB, 0xD6, 0xBB, 0xD6, 0xBB, 0xD6, 0xBB, 0xD6, 0xBB, 0xD6, 0xBB, 0xD6, 0xBB, 0xD6,
    0xBB, 0xD6, 0xBB, 0xD6, 0xBB, 0xD6, 0x1D, 0xE7, 0xBB, 0xD6, 0x00, 0x00, 0x55, 0xAD, 0x00, 0x00,
    0xEF, 0x7B, 0x00, 0x00, 0xBC, 0xD6, 0xBB, 0xD6, 0xBB, 0xD6, 0xBB, 0xD6, 0xBB, 0xD6, 0xBB, 0xD6,
    0xBB, 0xD6, 0xBB, 0xD6, 0xBB, 0xD6, 0xBB, 0xD6, 0xBB, 0xD6, 0xBB, 0xD6, 0xBB, 0xD6, 0xBB, 0xD6,
    0xBB, 0xD6, 0xBB, 0xD6, 0xBB, 0xD6, 0xBB, 0xD6, 0xBB, 0xD6, 0xBB, 0xD6, 0xBB, 0xD6, 0xBB, 0xD6,
    0xBB, 0xD6, 0xBB, 0xD6, 0xBB, 0xD6, 0xBB, 0xD6, 0xBB, 0xD6, 0xBB, 0xD6, 0xBB, 0xD6, 0xBB, 0xD6,
    0xBB, 0xD6, 0xBB, 0xD6, 0xBB, 0xD6, 0xBB, 0xD6, 0xBB, 0xD6, 0x9B, 0xD6, 0x00, 0x00, 0xFF, 0xFF,
    0xFF, 0xBD, 0x00, 0x00, 0xBB, 0xCE, 0x1D, 0xE7, 0x9B, 0xD6, 0xBB, 0xD6, 0xBB, 0xD6, 0xBB, 0xD6,
    0xBB, 0xD6, 0xBB, 0xD6, 0xBB, 0xD6, 0xBB, 0xD6, 0xBB, 0xD6, 0xBB, 0xD6, 0xBB, 0xD6, 0xBB, 0xD6,
    0xBB, 0xD6, 0xBB, 0xD6, 0xBB, 0xD6, 0xBB, 0xD6, 0xBB, 0xD6, 0xBB, 0xD6, 0xBB, 0xD6, 0xBB, 0xD6,
    0xBB, 0xD6, 0xBB, 0xD6, 0xBB, 0xD6, 0xBB, 0xD6, 0xBB, 0xD6, 0xBB, 0xD6, 0xBB, 0xD6, 0xBB, 0xD6,
    0xBB, 0xD6, 0xBB, 0xD6, 0xBB, 0xD6, 0xBB, 0xD6, 0x1D, 0xE7, 0x9B, 0xD6, 0x00, 0x00, 0xFF, 0xBD,
    0x79, 0xCE, 0x00, 0x00, 0xBB, 0xD6, 0x3D, 0xE7, 0xBB, 0xD6, 0xBB, 0xD6, 0xBB, 0xD6, 0xBB, 0xD6,
    0xBB, 0xD6, 0xBB, 0xD6, 0xBB, 0xD6, 0xBB, 0xD6, 0xBB, 0xD6, 0xBB, 0xD6, 0xBB, 0xD6, 0xBB, 0xD6,
    0xBB, 0xD6, 0xBB, 0xD6, 0xBB, 0xD6, 0xBB, 0xD6, 0xBB, 0xD6, 0xBB, 0xD6, 0xBB, 0xD6, 0xBB, 0xD6,
    0xBB, 0xD6, 0xBB, 0xD6, 0xBB, 0xD6, 0xBB, 0xD6, 0xBB, 0xD6, 0xBB, 0xD6, 0xBB, 0xD6, 0xBB, 0xD6,
    0xBB, 0xD6, 0xBB, 0xD6, 0xBB, 0xD6, 0xBB, 0xD6, 0x3D, 0xE7, 0xBB, 0xD6, 0x00, 0x00, 0xFF, 0xBD,
    0xFF, 0xBD, 0x00, 0x00, 0xBB, 0xD6, 0x1D, 0xE7, 0xBB, 0xD6, 0xBB, 0xD6, 0xBB, 0xD6, 0xBB, 0xD6,
    0xBB, 0xD6, 0xBB, 0xD6, 0xBB, 0xD6, 0xBB, 0xD6, 0xBB, 0xD6, 0xBB, 0xD6, 0xBB, 0xD6, 0xBB, 0xD6,
    0xBB, 0xD6, 0xBB, 0xD6, 0xBB, 0xD6, 0xBB, 0xD6, 0xBB, 0xD6, 0xBB, 0xD6, 0xBB, 0xD6, 0xBB, 0xD6,
    0xBB, 0xD6, 0xBB, 0xD6, 0xBB, 0xD6, 0xBB, 0xD6, 0xBB, 0xD6, 0xBB, 0xD6, 0xBB, 0xD6, 0xBB, 0xD6,
    0xBB, 0xD6, 0xBB, 0xD6, 0xBB, 0xD6, 0xBB, 0xD6, 0x1C, 0xDF, 0xBB, 0xD6, 0x00, 0x00, 0xFF, 0xFF,
    0xFF, 0xBD, 0x00, 0x00, 0xBB, 0xD6, 0x1D, 0xE7, 0xBB, 0xD6, 0xBB, 0xD6, 0xBB, 0xD6, 0xBB, 0xD6,
    0xBB, 0xD6, 0xBB, 0xD6, 0xBB, 0xD6, 0xBB, 0xD6, 0xBB, 0xD6, 0xBB, 0xD6, 0xBB, 0xD6, 0xBB, 0xD6,
    0xBB, 0xD6, 0xBB, 0xD6, 0xBB, 0xD6, 0xBB, 0xD6, 0xBB, 0xD6, 0xBB, 0xD6, 0xBB, 0xD6, 0xBB, 0xD6,
    0xBB, 0xD6, 0xBB, 0xD6, 0xBB, 0xD6, 0xBB, 0xD6, 0xBB, 0xD6, 0xBB, 0xD6, 0xBB, 0xD6, 0xBB, 0xD6,
    0xBB, 0xD6, 0xBB, 0xD6, 0xBB, 0xD6, 0xBB, 0xD6, 0x1C, 0xDF, 0xBB, 0xD6, 0x00, 0x00, 0xFF, 0xFF,
    0xD9, 0x9C, 0x00, 0x00, 0xBB, 0xD6, 0x3D, 0xE7, 0xBB, 0xD6, 0xBB, 0xD6, 0xBB, 0xD6, 0xBB, 0xD6,
    0xBB, 0xD6, 0xBB, 0xD6, 0xBB, 0xD6, 0xBB, 0xD6, 0xBB, 0xD6, 0xBB, 0xD6, 0xBB, 0xD6, 0xBB, 0xD6,
    0xBB, 0xD6, 0xBB, 0xD6, 0xBB, 0xD6, 0xBB, 0xD6, 0xBB, 0xD6, 0xBB, 0xD6, 0xBB, 0xD6, 0xBB, 0xD6,
    0xBB, 0xD6, 0xBB, 0xD6, 0xBB, 0xD6, 0xBB, 0xD6, 0xBB, 0xD6, 0xBB, 0xD6, 0xBB, 0xD6, 0xBB, 0xD6,
    0xBB, 0xD6, 0xBB, 0xD6, 0xBB, 0xD6, 0xBB, 0xD6, 0x1D, 0xDF, 0xBB, 0xD6, 0x00, 0x00, 0xFF, 0xFF,
    0xFF, 0xBD, 0x00, 0x00, 0xBB, 0xD6, 0x1D, 0xDF, 0xBB, 0xD6, 0xBB, 0xD6, 0xBB, 0xD6, 0xBB, 0xD6,
    0xBB, 0xD6, 0xBB, 0xD6, 0xBB, 0xD6, 0xBB, 0xD6, 0xBB, 0xD6, 0xBB, 0xD6, 0xBB, 0xD6, 0xBB, 0xD6,
    0xBB, 0xD6, 0xBB, 0xD6, 0xBB, 0xD6, 0xBB, 0xD6, 0xBB, 0xD6, 0xBB, 0xD6, 0xBB, 0xD6, 0xBB, 0xD6,
    0xBB, 0xD6, 0xBB, 0xD6, 0xBB, 0xD6, 0xBB, 0xD6, 0xBB, 0xD6, 0xBB, 0xD6, 0xBB, 0xD6, 0xBB, 0xD6,
    0xBB, 0xD6, 0xBB, 0xD6, 0xBB, 0xD6, 0xBB, 0xD6, 0x3D, 0xE7, 0xBB, 0xD6, 0x00, 0x00, 0x79, 0xCE,
    0xFF, 0xFF, 0x00, 0x00, 0xFC, 0xD6, 0xBB, 0xD6, 0xDB, 0xD6, 0xBB, 0xD6, 0xBB, 0xD6, 0xBB, 0xD6,
    0xBB, 0xD6, 0xBB, 0xD6, 0xBB, 0xD6, 0xBB, 0xD6, 0xBB, 0xD6, 0xBB, 0xD6, 0xBB, 0xD6, 0xBB, 0xD6,
    0xBB, 0xD6, 0xBB, 0xD6, 0xBB, 0xD6, 0xBB, 0xD6, 0xBB, 0xD6, 0xBB, 0xD6, 0xBB, 0xD6, 0xBB, 0xD6,
    0xBB, 0xD6, 0xBB, 0xD6, 0xBB, 0xD6, 0xBB, 0xD6, 0xBB, 0xD6, 0xBB, 0xD6, 0xBB, 0xD6, 0xBB, 0xD6,
    0xBB, 0xD6, 0xBB, 0xD6, 0xBB, 0xD6, 0xBB, 0xD6, 0xDB, 0xD6, 0xBB, 0xD6, 0x00, 0x00, 0xFF, 0xFF,
    0x00, 0x00, 0xFF, 0xFF, 0x00, 0x00, 0xBB, 0xD6, 0x3D, 0xE7, 0x9B, 0xD6, 0xBB, 0xD6, 0xBB, 0xD6,
    0xBB, 0xD6, 0xBB, 0xD6, 0xBB, 0xD6, 0xBB, 0xD6, 0xBB, 0xD6, 0xBB, 0xD6, 0xBB, 0xD6, 0xBB, 0xD6,
    0xBB, 0xD6, 0xBB, 0xD6, 0xBB, 0xD6, 0xBB, 0xD6, 0xBB, 0xD6, 0xBB, 0xD6, 0xBB, 0xD6, 0xBB, 0xD6,
    0xBB, 0xD6, 0xBB, 0xD6, 0xBB, 0xD6, 0xBB, 0xD6, 0xBB, 0xD6, 0xBB, 0xD6, 0xBB, 0xD6, 0xBB, 0xD6,
    0xBB, 0xD6, 0xBB, 0xD6, 0x9B, 0xD6, 0x3D, 0xE7, 0xBB, 0xD6, 0x00, 0x00, 0x55, 0xAD, 0x00, 0x00,
    0x00, 0x00, 0xFF, 0xFF, 0xFF, 0xFF, 0x7C, 0xCE, 0xBB, 0xD6, 0x3D, 0xE7, 0x9B, 0xD6, 0xBB, 0xD6,
    0xBB, 0xD6, 0xBB, 0xD6, 0xBB, 0xD6, 0xBB, 0xD6, 0xBB, 0xD6, 0xBB, 0xD6, 0xBB, 0xD6, 0xBB, 0xD6,
    0xBB, 0xD6, 0xBB, 0xD6, 0xBB, 0xD6, 0xBB, 0xD6, 0xBB, 0xD6, 0xBB, 0xD6, 0xBB, 0xD6, 0xBB, 0xD6,
    0xBB, 0xD6, 0xBB, 0xD6, 0xBB, 0xD6, 0xBB, 0xD6, 0xBB, 0xD6, 0xBB, 0xD6, 0xBB, 0xD6, 0xBB, 0xD6,
    0xBB, 0xD6, 0xBB, 0xD6, 0x1C, 0xDF, 0xDB, 0xD6, 0x7B, 0xCE, 0xEF, 0x7B, 0xFF, 0xFF, 0x00, 0x00,
    0x00, 0x00, 0x00, 0x00, 0xEF, 0x7B, 0x00, 0x00, 0x7A, 0xCE, 0xDB, 0xD6, 0x3D, 0xE7, 0xBB, 0xD6,
    0xBB, 0xD6, 0xBB, 0xD6, 0xBB, 0xD6, 0xBB, 0xD6, 0xBB, 0xD6, 0xBB, 0xD6, 0xBB, 0xD6, 0xBB, 0xD6,
    0xBB, 0xD6, 0xBB, 0xD6, 0xBB, 0xD6, 0xBB, 0xD6, 0xBB, 0xD6, 0xBB, 0xD6, 0xBB, 0xD6, 0xBB, 0xD6,
    0xBB, 0xD6, 0xBB, 0xD6, 0xBB, 0xD6, 0xBB, 0xD6, 0xBB, 0xD6, 0xBB, 0xD6, 0xBB, 0xD6, 0xBB, 0xD6,
    0xBB, 0xD6, 0x3D, 0xE7, 0xDC, 0xD6, 0xBB, 0xCE, 0x00, 0x00, 0xFF, 0xFF, 0x00, 0x00, 0x00, 0x00,
    0x00, 0x00, 0x00, 0x00, 0x00, 0x00, 0xFF, 0xFF, 0x00, 0x00, 0xDA, 0xBD, 0xDC, 0xD6, 0xDC, 0xD6,
    0x1D, 0xE7, 0x3D, 0xE7, 0x1D, 0xE7, 0x1D, 0xE7, 0x1D, 0xE7, 0x1D, 0xE7, 0x1D, 0xE7, 0x1D, 0xE7,
    0x1D, 0xE7, 0x1D, 0xE7, 0x1D, 0xE7, 0x1D, 0xE7, 0x1D, 0xE7, 0x1D, 0xE7, 0x1D, 0xE7, 0x1D, 0xE7,
    0x1D, 0xDF, 0xFC, 0xDE, 0xBB, 0xD6, 0xBB, 0xD6, 0xBB, 0xD6, 0xBB, 0xD6, 0xDC, 0xDE, 0x3D, 0xE7,
    0xDC, 0xD6, 0xDB, 0xD6, 0x3A, 0xC6, 0x00, 0x00, 0xFF, 0xFF, 0x00, 0x00, 0x00, 0x00, 0x00, 0x00,
    0x00, 0x00, 0x00, 0x00, 0x00, 0x00, 0x00, 0x00, 0xEF, 0x7B, 0x00, 0x00, 0x00, 0x00, 0xDB, 0xD6,
    0xFC, 0xD6, 0xDB, 0xD6, 0xBB, 0xD6, 0xBB, 0xD6, 0xBB, 0xD6, 0xBB, 0xD6, 0xBB, 0xD6, 0xBB, 0xD6,
    0xBB, 0xD6, 0xBB, 0xD6, 0xBB, 0xD6, 0xBB, 0xD6, 0xBB, 0xD6, 0xBB, 0xD6, 0x9B, 0xD6, 0x9B, 0xD6,
    0xBB, 0xD6, 0xBB, 0xD6, 0xBB, 0xD6, 0xFC, 0xDE, 0xFC, 0xDE, 0xBB, 0xD6, 0xDB, 0xD6, 0xDC, 0xDE,
    0xBB, 0xD6, 0x00, 0x00, 0x00, 0x00, 0xFF, 0xFF, 0x00, 0x00, 0x00, 0x00, 0x00, 0x00, 0x00, 0x00,
    0x00, 0x00, 0x00, 0x00, 0x00, 0x00, 0x00, 0x00, 0x00, 0x00, 0xFF, 0xFF, 0xFF, 0xFF, 0x00, 0x00,
    0x00, 0x00, 0x00, 0x00, 0x00, 0x00, 0x00, 0x00, 0x00, 0x00, 0x00, 0x00, 0x00, 0x00, 0x00, 0x00,
    0x00, 0x00, 0x00, 0x00, 0x00, 0x00, 0x00, 0x00, 0x00, 0x00, 0x00, 0x00, 0x00, 0x00, 0x00, 0x00,
    0x00, 0x00, 0x79, 0xCE, 0xDB, 0xDE, 0xBB, 0xD6, 0xBB, 0xD6, 0xDB, 0xDE, 0xFF, 0xFF, 0x00, 0x00,
    0x00, 0x00, 0xFF, 0xFF, 0xFF, 0xFF, 0x00, 0x00, 0x00, 0x00, 0x00, 0x00, 0x00, 0x00, 0x00, 0x00,
    0x00, 0x00, 0x00, 0x00, 0x00, 0x00, 0x00, 0x00, 0x00, 0x00, 0xEF, 0x7B, 0xF7, 0xBD, 0x79, 0xCE,
    0xF7, 0xBD, 0xF7, 0xBD, 0xF7, 0xBD, 0xF7, 0xBD, 0xF7, 0xBD, 0xF7, 0xBD, 0xF7, 0xBD, 0xF7, 0xBD,
    0xF7, 0xBD, 0xF7, 0xBD, 0xF7, 0xBD, 0xF7, 0xBD, 0xF7, 0xBD, 0xF7, 0xBD, 0xF7, 0xBD, 0xF7, 0xBD,
    0xDB, 0xB6, 0xEF, 0x7B, 0x00, 0x00, 0x00, 0x00, 0x00, 0x00, 0x00, 0x00, 0xEF, 0x7B, 0xDB, 0xDE,
    0x5A, 0xAD, 0xF7, 0xBD, 0xEF, 0x7B, 0x00, 0x00, 0x00, 0x00, 0x00, 0x00, 0x00, 0x00, 0x00, 0x00,
    0x00, 0x00, 0x00, 0x00, 0x00, 0x00, 0x00, 0x00, 0x00, 0x00, 0x00, 0x00, 0x00, 0x00, 0x00, 0x00,
    0x00, 0x00, 0x00, 0x00, 0x00, 0x00, 0x00, 0x00, 0x00, 0x00, 0x00, 0x00, 0x00, 0x00, 0x00, 0x00,
    0x00, 0x00, 0x00, 0x00, 0x00, 0x00, 0x00, 0x00, 0x00, 0x00, 0x00, 0x00, 0x00, 0x00, 0x00, 0x00,
    0x00, 0x00, 0x00, 0x00, 0x00, 0x00, 0x00, 0x00, 0x00, 0x00, 0x00, 0x00, 0x00, 0x00, 0x00, 0x00,
    0x00, 0x00, 0x00, 0x00, 0x00, 0x00, 0x00, 0x00, 0x00, 0x00, 0x00, 0x00, 0x00, 0x00, 0x00, 0x00,
    0x00, 0x00, 0x00, 0x00, 0x00, 0x00, 0x55, 0xAD, 0x00, 0x00, 0xB7, 0xB5, 0x39, 0xC6, 0xB7, 0xB5,
    0xB7, 0xB5, 0xB7, 0xB5, 0xB7, 0xB5, 0xB7, 0xB5, 0xB7, 0xB5, 0xB7, 0xB5, 0xB7, 0xB5, 0xB7, 0xB5,
    0xB7, 0xB5, 0xB7, 0xB5, 0xB7, 0xB5, 0xB7, 0xB5, 0xB7, 0xB5, 0xB7, 0xB5, 0xB7, 0xB5, 0xB7, 0xB5,
    0xB7, 0xB5, 0xB7, 0xB5, 0xB7, 0xB5, 0xB7, 0xB5, 0xB7, 0xB5, 0xB7, 0xB5, 0xB7, 0xB5, 0xB7, 0xB5,
    0xB7, 0xB5, 0x39, 0xC6, 0xB7, 0xB5, 0x00, 0x00, 0x55, 0xAD, 0x00, 0x00, 0x00, 0x00, 0x00, 0x00,
    0x00, 0x00, 0x00, 0x00, 0x00, 0x00, 0xF7, 0xBD, 0x00, 0x00, 0xB7, 0xB5, 0x9B, 0xCE, 0x18, 0xBE,
    0x19, 0xC6, 0x19, 0xC6, 0x19, 0xC6, 0x19, 0xC6, 0x19, 0xC6, 0x19, 0xC6, 0x19, 0xC6, 0x19, 0xC6,
    0x19, 0xC6, 0x19, 0xC6, 0x19, 0xC6, 0x19, 0xC6, 0x19, 0xC6, 0x19, 0xC6, 0x19, 0xC6, 0x19, 0xC6,
    0x19, 0xC6, 0x19, 0xC6, 0x19, 0xC6, 0x19, 0xC6, 0x19, 0xC6, 0x19, 0xC6, 0x19, 0xC6, 0x19, 0xC6,
    0x18, 0xBE, 0x9B, 0xCE, 0xB7, 0xB5, 0x00, 0x00, 0xF7, 0xBD, 0x00, 0x00, 0x00, 0x00, 0x00, 0x00,
    0x00, 0x00, 0x00, 0x00, 0x00, 0x00, 0x00, 0x00, 0x00, 0x00, 0xD7, 0xAD, 0x39, 0xC6, 0xB7, 0xB5,
    0xB7, 0xB5, 0xB7, 0xB5, 0xB7, 0xB5, 0xB7, 0xB5, 0xB7, 0xB5, 0xB7, 0xB5, 0xB7, 0xB5, 0xB7, 0xB5,
    0xB7, 0xB5, 0xB7, 0xB5, 0xB7, 0xB5, 0xB7, 0xB5, 0xB7, 0xB5, 0xB7, 0xB5, 0xB7, 0xB5, 0xB7, 0xB5,
    0xB7, 0xB5, 0xB7, 0xB5, 0xB7, 0xB5, 0xB7, 0xB5, 0xB7, 0xB5, 0xB7, 0xB5, 0xB7, 0xB5, 0xB7, 0xB5,
    0xB7, 0xB5, 0x39, 0xC6, 0xD7, 0xAD, 0x00, 0x00, 0x00, 0x00, 0x00, 0x00, 0x00, 0x00, 0x00, 0x00,
    0x00, 0x00, 0x00, 0x00, 0x00, 0x00, 0x00, 0x00, 0x00, 0x00, 0x00, 0x00, 0x00, 0x00, 0x00, 0x00,
    0x00, 0x00, 0x00, 0x00, 0x00, 0x00, 0x00, 0x00, 0x00, 0x00, 0x00, 0x00, 0x00, 0x00, 0x00, 0x00,
    0x00, 0x00, 0x00, 0x00, 0x00, 0x00, 0x00, 0x00, 0x00, 0x00, 0x00, 0x00, 0x00, 0x00, 0x00, 0x00,
    0x00, 0x00, 0x00, 0x00, 0x00, 0x00, 0x00, 0x00, 0x00, 0x00, 0x00, 0x00, 0x00, 0x00, 0x00, 0x00,
    0x00, 0x00, 0x00, 0x00, 0x00, 0x00, 0x00, 0x00, 0x00, 0x00, 0x00, 0x00, 0x00, 0x00, 0x00, 0x00,
    0x00, 0x00, 0x00, 0x00, 0x00, 0x00, 0x00, 0x00, 0x00, 0x00, 0xFF, 0xFF, 0xFF, 0xFF, 0x00, 0x00,
    0x00, 0x00, 0x00, 0x00, 0x00, 0x00, 0x00, 0x00, 0x00, 0x00, 0x00, 0x00, 0x00, 0x00, 0x00, 0x00,
    0x00, 0x00, 0x00, 0x00, 0x00, 0x00, 0x00, 0x00, 0x00, 0x00, 0x00, 0x00, 0x00, 0x00, 0x00, 0x00,
    0x00, 0x00, 0x00, 0x00, 0x00, 0x00, 0x00, 0x00, 0x00, 0x00, 0x00, 0x00, 0x00, 0x00, 0x00, 0x00,
    0x00, 0x00, 0xFF, 0xFF, 0xFF, 0xFF, 0x00, 0x00, 0x00, 0x00, 0x00, 0x00, 0x00, 0x00, 0x00, 0x00,
    0x00, 0x00, 0x00, 0x00, 0x00, 0x00, 0x00, 0x00, 0x00, 0x00, 0x00, 0x00, 0x00, 0x00, 0xB7, 0xB5,
    0xF8, 0xBD, 0xB7, 0xB5, 0xB7, 0xB5, 0xB7, 0xB5, 0xB7, 0xB5, 0xB7, 0xB5, 0xB7, 0xB5, 0xB7, 0xB5,
    0xB7, 0xB5, 0xB7, 0xB5, 0xB7, 0xB5, 0xB7, 0xB5, 0xB7, 0xB5, 0xB7, 0xB5, 0xB7, 0xB5, 0xB7, 0xB5,
    0xB7, 0xB5, 0xB7, 0xB5, 0xB7, 0xB5, 0xB7, 0xB5, 0xB7, 0xB5, 0xB7, 0xB5, 0xB7, 0xB5, 0xF8, 0xBD,
    0xB7, 0xB5, 0x00, 0x00, 0x00, 0x00, 0x00, 0x00, 0x00, 0x00, 0x00, 0x00, 0x00, 0x00, 0x00, 0x00,
    0x00, 0x00, 0x00, 0x00, 0x00, 0x00, 0x00, 0x00, 0x00, 0x00, 0x00, 0x00, 0x00, 0x00, 0xB7, 0xB5,
    0xF8, 0xBD, 0xB7, 0xB5, 0xB7, 0xB5, 0xB7, 0xB5, 0xB7, 0xB5, 0xB7, 0xB5, 0xB7, 0xB5, 0xB7, 0xB5,
    0xB7, 0xB5, 0xB7, 0xB5, 0xB7, 0xB5, 0xB7, 0xB5, 0xB7, 0xB5, 0xB7, 0xB5, 0xB7, 0xB5, 0xB7, 0xB5,
    0xB7, 0xB5, 0xB7, 0xB5, 0xB7, 0xB5, 0xB7, 0xB5, 0xB7, 0xB5, 0xB7, 0xB5, 0xB7, 0xB5, 0xF8, 0xBD,
    0xB7, 0xB5, 0x00, 0x00, 0x00, 0x00, 0x00, 0x00, 0x00, 0x00, 0x00, 0x00, 0x00, 0x00, 0x00, 0x00,
    0x00, 0x00, 0x00, 0x00, 0x00, 0x00, 0x00, 0x00, 0x00, 0x00, 0x00, 0x00, 0xFF, 0xFF, 0x98, 0xB5,
    0xD9, 0xBD, 0xD7, 0xBD, 0xD7, 0xBD, 0xD7, 0xBD, 0xD7, 0xBD, 0xD7, 0xBD, 0xD7, 0xBD, 0xD7, 0xBD,
    0xD7, 0xBD, 0xD7, 0xBD, 0xD7, 0xBD, 0xD7, 0xBD, 0xD7, 0xBD, 0xD7, 0xBD, 0xD7, 0xBD, 0xD7, 0xBD,
    0xD7, 0xBD, 0xD7, 0xBD, 0xD7, 0xBD, 0xD7, 0xBD, 0xD7, 0xBD, 0xD7, 0xBD, 0xD7, 0xBD, 0xD9, 0xBD,
    0x98, 0xB5, 0xFF, 0xFF, 0x00, 0x00, 0x00, 0x00, 0x00, 0x00, 0x00, 0x00, 0x00, 0x00, 0x00, 0x00,
    0x00, 0x00, 0x00, 0x00, 0x00, 0x00, 0x00, 0x00, 0x00, 0x00, 0x00, 0x00, 0x00, 0x00, 0x00, 0x00,
    0x00, 0x00, 0x00, 0x00, 0x00, 0x00, 0x00, 0x00, 0x00, 0x00, 0x00, 0x00, 0x00, 0x00, 0x00, 0x00,
    0x00, 0x00, 0x00, 0x00, 0x00, 0x00, 0x00, 0x00, 0x00, 0x00, 0x00, 0x00, 0x00, 0x00, 0x00, 0x00,
    0x00, 0x00, 0x00, 0x00, 0x00, 0x00, 0x00, 0x00, 0x00, 0x00, 0x00, 0x00, 0x00, 0x00, 0x00, 0x00,
    0x00, 0x00, 0x00, 0x00, 0x00, 0x00, 0x00, 0x00, 0x00, 0x00, 0x00, 0x00, 0x00, 0x00, 0x00, 0x00,
    0x00, 0x00, 0x00, 0x00, 0x00, 0x00, 0x00, 0x00, 0x00, 0x00, 0xB6, 0xB5, 0x59, 0xCE, 0xD7, 0xBD,
    0xD7, 0xBD, 0xD7, 0xBD, 0xD7, 0xBD, 0xD7, 0xBD, 0xD7, 0xBD, 0xD7, 0xBD, 0xD7, 0xBD, 0xD7, 0xBD,
    0xD7, 0xBD, 0xD7, 0xBD, 0xD7, 0xBD, 0xD7, 0xBD, 0xD7, 0xBD, 0xD7, 0xBD, 0xD7, 0xBD, 0xD7, 0xBD,
    0xD7, 0xBD, 0xD7, 0xBD, 0xD7, 0xBD, 0xD7, 0xBD, 0xD7, 0xBD, 0xD7, 0xBD, 0xD7, 0xBD, 0xD7, 0xBD,
    0xD7, 0xBD, 0x59, 0xCE, 0xB6, 0xB5, 0x00, 0x00, 0x00, 0x00, 0x00, 0x00, 0x00, 0x00, 0x00, 0x00,
    0x00, 0x00, 0x00, 0x00, 0x00, 0x00, 0xF7, 0xBD, 0x00, 0x00, 0xB7, 0xB5, 0x39, 0xC6, 0xB7, 0xB5,
    0xB7, 0xB5, 0xB7, 0xB5, 0xB7, 0xB5, 0xB7, 0xB5, 0xB7, 0xB5, 0xB7, 0xB5, 0xB7, 0xB5, 0xB7, 0xB5,
    0xB7, 0xB5, 0xB7, 0xB5, 0xB7, 0xB5, 0xB7, 0xB5, 0xB7, 0xB5, 0xB7, 0xB5, 0xB7, 0xB5, 0xB7, 0xB5,
    0xB7, 0xB5, 0xB7, 0xB5, 0xB7, 0xB5, 0xB7, 0xB5, 0xB7, 0xB5, 0xB7, 0xB5, 0xB7, 0xB5, 0xB7, 0xB5,
    0xB7, 0xB5, 0x39, 0xC6, 0xB7, 0xB5, 0x00, 0x00, 0xF7, 0xBD, 0x00, 0x00, 0x00, 0x00, 0x00, 0x00,
    0x00, 0x00, 0x00, 0x00, 0x00, 0x00, 0x55, 0xAD, 0x00, 0x00, 0xB7, 0xB5, 0x39, 0xC6, 0xB7, 0xB5,
    0xB7, 0xB5, 0xB7, 0xB5, 0xB7, 0xB5, 0xB7, 0xB5, 0xB7, 0xB5, 0xB7, 0xB5, 0xB7, 0xB5, 0xB7, 0xB5,
    0xB7, 0xB5, 0xB7, 0xB5, 0xB7, 0xB5, 0xB7, 0xB5, 0xB7, 0xB5, 0xB7, 0xB5, 0xB7, 0xB5, 0xB7, 0xB5,
    0xB7, 0xB5, 0xB7, 0xB5, 0xB7, 0xB5, 0xB7, 0xB5, 0xB7, 0xB5, 0xB7, 0xB5, 0xB7, 0xB5, 0xB7, 0xB5,
    0xB7, 0xB5, 0x39, 0xC6, 0xB7, 0xB5, 0x00, 0x00, 0x55, 0xAD, 0x00, 0x00, 0x00, 0x00, 0x00, 0x00,
    0x00, 0x00, 0x00, 0x00, 0x00, 0x00, 0x00, 0x00, 0x00, 0x00, 0x00, 0x00, 0x00, 0x00, 0x00, 0x00,
    0x00, 0x00, 0x00, 0x00, 0x00, 0x00, 0x00, 0x00, 0x00, 0x00, 0x00, 0x00, 0x00, 0x00, 0x00, 0x00,
    0x00, 0x00, 0x00, 0x00, 0x00, 0x00, 0x00, 0x00, 0x00, 0x00, 0x00, 0x00, 0x00, 0x00, 0x00, 0x00,
    0x00, 0x00, 0x00, 0x00, 0x00, 0x00, 0x00, 0x00, 0x00, 0x00, 0x00, 0x00, 0x00, 0x00, 0x00, 0x00,
    0x00, 0x00, 0x00, 0x00, 0x00, 0x00, 0x00, 0x00, 0x00, 0x00, 0x00, 0x00, 0x00, 0x00, 0x00, 0x00,
    0x00, 0x00, 0x00, 0x00, 0x00, 0x00, 0x00, 0x00, 0x00, 0x00, 0xFF, 0xFF, 0xFF, 0xFF, 0xFF, 0xFF,
    0xFF, 0xFF, 0xFF, 0xFF, 0xFF, 0xFF, 0xFF, 0xFF, 0xFF, 0xFF, 0xFF, 0xFF, 0xFF, 0xFF, 0xFF, 0xFF,
    0xFF, 0xFF, 0xFF, 0xFF, 0xFF, 0xFF, 0xFF, 0xFF, 0xFF, 0xFF, 0xFF, 0xFF, 0xFF, 0xFF, 0xFF, 0xFF,
    0xFF, 0xFF, 0xFF, 0xFF, 0xFF, 0xFF, 0xFF, 0xFF, 0xFF, 0xFF, 0xFF, 0xFF, 0xFF, 0xFF, 0xFF, 0xFF,
    0xFF, 0xFF, 0xFF, 0xFF, 0xFF, 0xFF, 0x00, 0x00, 0x00, 0x00, 0x00, 0x00, 0x00, 0x00, 0x00, 0x00,
    0x00, 0x00, 0x00, 0x00, 0x00, 0x00, 0x00, 0x00, 0x00, 0x03, 0x00, 0x43, 0xF3, 0xFD, 0xFE, 0xFF,
    0xFF, 0xFF, 0xFF, 0xFF, 0xFD, 0xFE, 0x7A, 0x00, 0x03, 0x00, 0x00, 0x00, 0x00, 0x00, 0x00, 0x00,
    0x00, 0x00, 0x00, 0x00, 0x00, 0x00, 0x00, 0x00, 0x00, 0x00, 0x00, 0x00, 0x00, 0x00, 0x00, 0x00,
    0x02, 0x01, 0x20, 0xE9, 0xFF, 0xFD, 0xFF, 0xFF, 0xFF, 0xFF, 0xFF, 0xFF, 0xFE, 0xFD, 0xFF, 0x4E,
    0x00, 0x03, 0x00, 0x01, 0x01, 0x01, 0x00, 0x00, 0x00, 0x00, 0x00, 0x00, 0x00, 0x00, 0x00, 0x00,
    0x00, 0x00, 0x00, 0x00, 0x00, 0x00, 0x00, 0x00, 0x03, 0x00, 0xBA, 0xFF, 0xFC, 0xFF, 0xFF, 0xFF,
    0xFF, 0xFF, 0xFF, 0xFF, 0xFF, 0xFD, 0xFF, 0xEC, 0x13, 0x04, 0x01, 0x00, 0x00, 0x00, 0x03, 0x03,
    0x01, 0x00, 0x00, 0x00, 0x00, 0x00, 0x00, 0x00, 0x00, 0x00, 0x00, 0x00, 0x00, 0x00, 0x01, 0x07,
    0x00, 0x40, 0xFF, 0xFC, 0xFF, 0xFF, 0xFF, 0xFF, 0xFF, 0xFF, 0xFF, 0xFF, 0xFF, 0xFF, 0xFB, 0xFF,
    0x7F, 0x00, 0x05, 0x11, 0x11, 0x01, 0x00, 0x00, 0x00, 0x03, 0x00, 0x00, 0x00, 0x00, 0x00, 0x00,
    0x00, 0x00, 0x00, 0x00, 0x00, 0x02, 0x00, 0x00, 0x05, 0xB9, 0xFE, 0xFC, 0xFF, 0xFF, 0xFF, 0xFF,
    0xFF, 0xFF, 0xFF, 0xFF, 0xFF, 0xFF, 0xFE, 0xFE, 0xEA, 0xA6, 0xD7, 0xED, 0xED, 0xD6, 0xA5, 0x55,
    0x05, 0x00, 0x03, 0x00, 0x00, 0x00, 0x00, 0x00, 0x00, 0x00, 0x00, 0x00, 0x03, 0x00, 0x0E, 0x7D,
    0xD8, 0xFF, 0xFE, 0xFF, 0xFF, 0xFF, 0xFF, 0xFF, 0xFF, 0xFF, 0xFF, 0xFF, 0xFF, 0xFF, 0xFF, 0xFF,
    0xFF, 0xFF, 0xFF, 0xFF, 0xFF, 0xFF, 0xFF, 0xFF, 0xD2, 0x45, 0x00, 0x03, 0x00, 0x00, 0x00, 0x00,
    0x00, 0x00, 0x00, 0x03, 0x00, 0x38, 0xD8, 0xFF, 0xFF, 0xFE, 0xFF, 0xFF, 0xFF, 0xFF, 0xFF, 0xFF,
    0xFF, 0xFF, 0xFF, 0xFF, 0xFF, 0xFF, 0xFF, 0xFF, 0xFE, 0xFB, 0xFD, 0xFE, 0xFE, 0xFD, 0xFC, 0xFC,
    0xFF, 0xFF, 0x70, 0x00, 0x04, 0x00, 0x00, 0x00, 0x00, 0x00, 0x02, 0x00, 0x3C, 0xF5, 0xFF, 0xFA,
    0xFD, 0xFF, 0xFF, 0xFF, 0xFF, 0xFF, 0xFF, 0xFF, 0xFF, 0xFF, 0xFF, 0xFF, 0xFF, 0xFF, 0xFF, 0xFF,
    0xFF, 0xFF, 0xFF, 0xFF, 0xFF, 0xFF, 0xFF, 0xFF, 0xFC, 0xFC, 0xFF, 0x65, 0x00, 0x03, 0x00, 0x00,
    0x00, 0x02, 0x02, 0x17, 0xE8, 0xFF, 0xFB, 0xFF, 0xFF, 0xFF, 0xFF, 0xFF, 0xFF, 0xFF, 0xFF, 0xFF,
    0xFF, 0xFF, 0xFF, 0xFF, 0xFF, 0xFF, 0xFF, 0xFF, 0xFF, 0xFF, 0xFF, 0xFF, 0xFF, 0xFF, 0xFF, 0xFF,
    0xFF, 0xFD, 0xFC, 0xF9, 0x29, 0x01, 0x02, 0x00, 0x00, 0x03, 0x00, 0x9D, 0xFF, 0xFB, 0xFF, 0xFF,
    0xFF, 0xFF, 0xFF, 0xFF, 0xFF, 0xFF, 0xFF, 0xFF, 0xFF, 0xFF, 0xFF, 0xFF, 0xFF, 0xFF, 0xFF, 0xFF,
    0xFF, 0xFF, 0xFF, 0xFF, 0xFF, 0xFF, 0xFF, 0xFF, 0xFF, 0xFF, 0xFB, 0xFF, 0xAF, 0x00, 0x03, 0x00,
    0x02, 0x00, 0x19, 0xF6, 0xFE, 0xFE, 0xFF, 0xFF, 0xFF, 0xFF, 0xFF, 0xFF, 0xFF, 0xFF, 0xFF, 0xFF,
    0xFF, 0xFF, 0xFF, 0xFF, 0xFF, 0xFF, 0xFF, 0xFF, 0xFF, 0xFF, 0xFF, 0xFF, 0xFF, 0xFF, 0xFF, 0xFF,
    0xFF, 0xFF, 0xFE, 0xFE, 0xFA, 0x21, 0x00, 0x02, 0x04, 0x00, 0x61, 0xFF, 0xFC, 0xFF, 0xFF, 0xFF,
    0xFF, 0xFF, 0xFF, 0xFF, 0xFF, 0xFF, 0xFF, 0xFF, 0xFF, 0xFF, 0xFF, 0xFF, 0xFF, 0xFF, 0xFF, 0xFF,
    0xFF, 0xFF, 0xFF, 0xFF, 0xFF, 0xFF, 0xFF, 0xFF, 0xFF, 0xFF, 0xFF, 0xFB, 0xFF, 0x62, 0x00, 0x04,
    0x05, 0x00, 0x8E, 0xFE, 0xFB, 0xFF, 0xFF, 0xFF, 0xFF, 0xFF, 0xFF, 0xFF, 0xFF, 0xFF, 0xFF, 0xFF,
    0xFF, 0xFF, 0xFF, 0xFF, 0xFF, 0xFF, 0xFF, 0xFF, 0xFF, 0xFF, 0xFF, 0xFF, 0xFF, 0xFF, 0xFF, 0xFF,
    0xFF, 0xFF, 0xFF, 0xFB, 0xFF, 0x96, 0x00, 0x04, 0x04, 0x00, 0xA1, 0xFF, 0xFB, 0xFF, 0xFF, 0xFF,
    0xFF, 0xFF, 0xFF, 0xFF, 0xFF, 0xFF, 0xFF, 0xFF, 0xFF, 0xFF, 0xFF, 0xFF, 0xFF, 0xFF, 0xFF, 0xFF,
    0xFF, 0xFF, 0xFF, 0xFF, 0xFF, 0xFF, 0xFF, 0xFF, 0xFF, 0xFF, 0xFF, 0xFC, 0xFF, 0xBA, 0x00, 0x02,
    0x04, 0x00, 0xA1, 0xFF, 0xFB, 0xFF, 0xFF, 0xFF, 0xFF, 0xFF, 0xFF, 0xFF, 0xFF, 0xFF, 0xFF, 0xFF,
    0xFF, 0xFF, 0xFF, 0xFF, 0xFF, 0xFF, 0xFF, 0xFF, 0xFF, 0xFF, 0xFF, 0xFF, 0xFF, 0xFF, 0xFF, 0xFF,
    0xFF, 0xFF, 0xFF, 0xFC, 0xFF, 0xC0, 0x00, 0x02, 0x05, 0x00, 0x91, 0xFE, 0xFB, 0xFF, 0xFF, 0xFF,
    0xFF, 0xFF, 0xFF, 0xFF, 0xFF, 0xFF, 0xFF, 0xFF, 0xFF, 0xFF, 0xFF, 0xFF, 0xFF, 0xFF, 0xFF, 0xFF,
    0xFF, 0xFF, 0xFF, 0xFF, 0xFF, 0xFF, 0xFF, 0xFF, 0xFF, 0xFF, 0xFF, 0xFC, 0xFF, 0xB0, 0x00, 0x03,
    0x04, 0x00, 0x5A, 0xFF, 0xFC, 0xFF, 0xFF, 0xFF, 0xFF, 0xFF, 0xFF, 0xFF, 0xFF, 0xFF, 0xFF, 0xFF,
    0xFF, 0xFF, 0xFF, 0xFF, 0xFF, 0xFF, 0xFF, 0xFF, 0xFF, 0xFF, 0xFF, 0xFF, 0xFF, 0xFF, 0xFF, 0xFF,
    0xFF, 0xFF, 0xFF, 0xFB, 0xFF, 0x7A, 0x00, 0x05, 0x01, 0x00, 0x16, 0xF3, 0xFD, 0xFE, 0xFF, 0xFF,
    0xFF, 0xFF, 0xFF, 0xFF, 0xFF, 0xFF, 0xFF, 0xFF, 0xFF, 0xFF, 0xFF, 0xFF, 0xFF, 0xFF, 0xFF, 0xFF,
    0xFF, 0xFF, 0xFF, 0xFF, 0xFF, 0xFF, 0xFF, 0xFF, 0xFF, 0xFF, 0xFE, 0xFD, 0xFF, 0x2C, 0x00, 0x02,
    0x00, 0x03, 0x00, 0x88, 0xFF, 0xF9, 0xFF, 0xFF, 0xFF, 0xFF, 0xFF, 0xFF, 0xFF, 0xFF, 0xFF, 0xFF,
    0xFF, 0xFF, 0xFF, 0xFF, 0xFF, 0xFF, 0xFF, 0xFF, 0xFF, 0xFF, 0xFF, 0xFF, 0xFF, 0xFF, 0xFF, 0xFF,
    0xFF, 0xFF, 0xFA, 0xFF, 0xA7, 0x00, 0x03, 0x00, 0x00, 0x01, 0x02, 0x0A, 0xD0, 0xFF, 0xF9, 0xFE,
    0xFF, 0xFF, 0xFF, 0xFF, 0xFF, 0xFF, 0xFF, 0xFF, 0xFF, 0xFF, 0xFF, 0xFF, 0xFF, 0xFF, 0xFF, 0xFF,
    0xFF, 0xFF, 0xFF, 0xFF, 0xFF, 0xFF, 0xFF, 0xFF, 0xFF, 0xFA, 0xFF, 0xE1, 0x14, 0x02, 0x01, 0x00,
    0x00, 0x00, 0x02, 0x00, 0x19, 0xCD, 0xFF, 0xFF, 0xFB, 0xFB, 0xFB, 0xFB, 0xFB, 0xFB, 0xFB, 0xFB,
    0xFB, 0xFB, 0xFB, 0xFB, 0xFB, 0xFB, 0xFB, 0xFB, 0xFB, 0xFD, 0xFE, 0xFF, 0xFF, 0xFE, 0xFD, 0xFB,
    0xFF, 0xFF, 0xDB, 0x2A, 0x00, 0x02, 0x00, 0x00, 0x00, 0x00, 0x00, 0x02, 0x00, 0x0B, 0x8C, 0xF0,
    0xFF, 0xFF, 0xFF, 0xFF, 0xFF, 0xFF, 0xFF, 0xFF, 0xFF, 0xFF, 0xFF, 0xFF, 0xFF, 0xFF, 0xFF, 0xFF,
    0xFF, 0xFF, 0xFF, 0xFD, 0xFD, 0xFF, 0xFF, 0xFF, 0xF9, 0x99, 0x12, 0x00, 0x02, 0x00, 0x00, 0x00,
    0x00, 0x00, 0x00, 0x00, 0x02, 0x00, 0x00, 0x1C, 0x60, 0x8F, 0x9F, 0x9F, 0x9F, 0x9F, 0x9F, 0x9F,
    0x9F, 0x9F, 0x9F, 0x9F, 0x9F, 0x9F, 0xA0, 0xA0, 0xA7, 0xDC, 0xFD, 0xFF, 0xFF, 0xFD, 0xDB, 0x92,
    0x2C, 0x00, 0x00, 0x02, 0x00, 0x00, 0x00, 0x00, 0x00, 0x00, 0x00, 0x00, 0x00, 0x01, 0x03, 0x00,
    0x00, 0x00, 0x00, 0x00, 0x00, 0x00, 0x00, 0x00, 0x00, 0x00, 0x00, 0x00, 0x00, 0x00, 0x00, 0x00,
    0x00, 0x05, 0x28, 0x41, 0x41, 0x28, 0x05, 0x00, 0x00, 0x03, 0x01, 0x00, 0x00, 0x00, 0x00, 0x00,
    0x00, 0x00, 0x00, 0x00, 0x00, 0x02, 0x04, 0x05, 0x08, 0x08, 0x08, 0x08, 0x08, 0x08, 0x08, 0x08,
    0x08, 0x08, 0x08, 0x08, 0x08, 0x08, 0x08, 0x08, 0x07, 0x02, 0x00, 0x00, 0x00, 0x00, 0x02, 0x07,
    0x06, 0x04, 0x02, 0x00, 0x00, 0x00, 0x00, 0x00, 0x00, 0x00, 0x00, 0x00, 0x00, 0x00, 0x00, 0x00,
    0x00, 0x00, 0x00, 0x00, 0x00, 0x00, 0x00, 0x00, 0x00, 0x00, 0x00, 0x00, 0x00, 0x00, 0x00, 0x00,
    0x00, 0x00, 0x00, 0x00, 0x00, 0x00, 0x00, 0x00, 0x00, 0x00, 0x00, 0x00, 0x00, 0x00, 0x00, 0x00,
    0x00, 0x00, 0x00, 0x03, 0x00, 0x50, 0xA0, 0x9D, 0xA0, 0xA0, 0xA0, 0xA0, 0xA0, 0xA0, 0xA0, 0xA0,
    0xA0, 0xA0, 0xA0, 0xA0, 0xA0, 0xA0, 0xA0, 0xA0, 0xA0, 0xA0, 0xA0, 0xA0, 0xA0, 0xA0, 0xA0, 0xA0,
    0x9D, 0xA0, 0x50, 0x00, 0x03, 0x00, 0x00, 0x00, 0x00, 0x00, 0x00, 0x04, 0x00, 0x87, 0xFF, 0xFF,
    0xFF, 0xFF, 0xFF, 0xFF, 0xFF, 0xFF, 0xFF, 0xFF, 0xFF, 0xFF, 0xFF, 0xFF, 0xFF, 0xFF, 0xFF, 0xFF,
    0xFF, 0xFF, 0xFF, 0xFF, 0xFF, 0xFF, 0xFF, 0xFF, 0xFF, 0xFF, 0x87, 0x00, 0x04, 0x00, 0x00, 0x00,
    0x00, 0x00, 0x00, 0x01, 0x00, 0x12, 0x23, 0x23, 0x23, 0x23, 0x23, 0x23, 0x23, 0x23, 0x23, 0x23,
    0x23, 0x23, 0x23, 0x23, 0x23, 0x23, 0x23, 0x23, 0x23, 0x23, 0x23, 0x23, 0x23, 0x23, 0x23, 0x23,
    0x23, 0x23, 0x12, 0x00, 0x01, 0x00, 0x00, 0x00, 0x00, 0x00, 0x00, 0x00, 0x00, 0x00, 0x00, 0x00,
    0x00, 0x00, 0x00, 0x00, 0x00, 0x00, 0x00, 0x00, 0x00, 0x00, 0x00, 0x00, 0x00, 0x00, 0x00, 0x00,
    0x00, 0x00, 0x00, 0x00, 0x00, 0x00, 0x00, 0x00, 0x00, 0x00, 0x00, 0x00, 0x00, 0x00, 0x00, 0x00,
    0x00, 0x00, 0x00, 0x00, 0x00, 0x01, 0x02, 0x00, 0x00, 0x00, 0x00, 0x00, 0x00, 0x00, 0x00, 0x00,
    0x00, 0x00, 0x00, 0x00, 0x00, 0x00, 0x00, 0x00, 0x00, 0x00, 0x00, 0x00, 0x00, 0x00, 0x00, 0x00,
    0x00, 0x02, 0x01, 0x00, 0x00, 0x00, 0x00, 0x00, 0x00, 0x00, 0x00, 0x00, 0x01, 0x00, 0x00, 0xA4,
    0xC2, 0xC0, 0xC2, 0xC2, 0xC2, 0xC2, 0xC2, 0xC2, 0xC2, 0xC2, 0xC2, 0xC2, 0xC2, 0xC2, 0xC2, 0xC2,
    0xC2, 0xC2, 0xC2, 0xC2, 0xC2, 0xC2, 0xC0, 0xC2, 0xA4, 0x00, 0x00, 0x01, 0x00, 0x00, 0x00, 0x00,
    0x00, 0x00, 0x00, 0x00, 0x01, 0x00, 0x00, 0xD5, 0xFB, 0xF9, 0xFB, 0xFB, 0xFB, 0xFB, 0xFB, 0xFB,
    0xFB, 0xFB, 0xFB, 0xFB, 0xFB, 0xFB, 0xFB, 0xFB, 0xFB, 0xFB, 0xFB, 0xFB, 0xFB, 0xFB, 0xF9, 0xFB,
    0xD5, 0x00, 0x00, 0x01, 0x00, 0x00, 0x00, 0x00, 0x00, 0x00, 0x00, 0x00, 0x00, 0x01, 0x01, 0x0D,
    0x0F, 0x0F, 0x0F, 0x0F, 0x0F, 0x0F, 0x0F, 0x0F, 0x0F, 0x0F, 0x0F, 0x0F, 0x0F, 0x0F, 0x0F, 0x0F,
    0x0F, 0x0F, 0x0F, 0x0F, 0x0F, 0x0F, 0x0F, 0x0F, 0x0D, 0x01, 0x01, 0x00, 0x00, 0x00, 0x00, 0x00,
    0x00, 0x00, 0x00, 0x00, 0x00, 0x00, 0x00, 0x00, 0x00, 0x00, 0x00, 0x00, 0x00, 0x00, 0x00, 0x00,
    0x00, 0x00, 0x00, 0x00, 0x00, 0x00, 0x00, 0x00, 0x00, 0x00, 0x00, 0x00, 0x00, 0x00, 0x00, 0x00,
    0x00, 0x00, 0x00, 0x00, 0x00, 0x00, 0x00, 0x00, 0x00, 0x00, 0x00, 0x00, 0x00, 0x07, 0x0E, 0x0F,
    0x0F, 0x0F, 0x0F, 0x0F, 0x0F, 0x0F, 0x0F, 0x0F, 0x0F, 0x0F, 0x0F, 0x0F, 0x0F, 0x0F, 0x0F, 0x0F,
    0x0F, 0x0F, 0x0F, 0x0F, 0x0F, 0x0F, 0x0F, 0x0F, 0x0F, 0x0E, 0x07, 0x00, 0x00, 0x00, 0x00, 0x00,
    0x00, 0x00, 0x00, 0x04, 0x00, 0x7D, 0xFB, 0xF8, 0xFB, 0xFB, 0xFB, 0xFB, 0xFB, 0xFB, 0xFB, 0xFB,
    0xFB, 0xFB, 0xFB, 0xFB, 0xFB, 0xFB, 0xFB, 0xFB, 0xFB, 0xFB, 0xFB, 0xFB, 0xFB, 0xFB, 0xFB, 0xFB,
    0xF8, 0xFB, 0x7D, 0x00, 0x04, 0x00, 0x00, 0x00, 0x00, 0x00, 0x00, 0x03, 0x00, 0x61, 0xC3, 0xBF,
    0xC3, 0xC3, 0xC3, 0xC3, 0xC3, 0xC3, 0xC3, 0xC3, 0xC3, 0xC3, 0xC3, 0xC3, 0xC3, 0xC3, 0xC3, 0xC3,
    0xC3, 0xC3, 0xC3, 0xC3, 0xC3, 0xC3, 0xC3, 0xC3, 0xBF, 0xC3, 0x61, 0x00, 0x03, 0x00, 0x00, 0x00,
    0x00, 0x00, 0x00, 0x00, 0x00, 0x00, 0x00, 0x00, 0x00, 0x00, 0x00, 0x00, 0x00, 0x00, 0x00, 0x00,
    0x00, 0x00, 0x00, 0x00, 0x00, 0x00, 0x00, 0x00, 0x00, 0x00, 0x00, 0x00, 0x00, 0x00, 0x00, 0x00,
    0x00, 0x00, 0x00, 0x00, 0x00, 0x00, 0x00, 0x00, 0x00, 0x00, 0x00, 0x00, 0x00, 0x01, 0x02, 0x02,
    0x02, 0x02, 0x02, 0x02, 0x02, 0x02, 0x02, 0x02, 0x02, 0x02, 0x02, 0x02, 0x02, 0x02, 0x02, 0x02,
    0x02, 0x02, 0x02, 0x02, 0x02, 0x02, 0x02, 0x02, 0x02, 0x02, 0x01, 0x00, 0x00, 0x00, 0x00, 0x00
};

#define ICON_WX_RAIN_W 40
#define ICON_WX_RAIN_H 40
static const uint8_t icon_wx_rain_data[4800] = {
    0x00, 0x00, 0x00, 0x00, 0x00, 0x00, 0x00, 0x00, 0x00, 0x00, 0x00, 0x00, 0x00, 0x00, 0x00, 0x00,
    0x00, 0x00, 0x00, 0x00, 0xEF, 0x7B, 0x00, 0x00, 0xD4, 0x94, 0xF5, 0x9C, 0xD4, 0x94, 0xD4, 0x94,
    0xD4, 0x94, 0xD4, 0x94, 0xD4, 0x94, 0xD4, 0x94, 0xF5, 0x9C, 0xD4, 0x94, 0xFF, 0xFF, 0x55, 0xAD,
    0xFF, 0xFF, 0x00, 0x00, 0x00, 0x00, 0x00, 0x00, 0x00, 0x00, 0x00, 0x00, 0x00, 0x00, 0x00, 0x00,
    0x00, 0x00, 0x00, 0x00, 0x00, 0x00, 0x00, 0x00, 0x00, 0x00, 0x00, 0x00, 0x00, 0x00, 0x00, 0x00,
    0x00, 0x00, 0x00, 0x00, 0x00, 0x00, 0x00, 0x00, 0x00, 0x00, 0x00, 0x00, 0x00, 0x00, 0x00, 0x00,
    0x00, 0x00, 0x55, 0xAD, 0x00, 0x00, 0xB4, 0x94, 0x15, 0x9D, 0xD4, 0x94, 0xD4, 0x94, 0xD4, 0x94,
    0xD4, 0x94, 0xD4, 0x94, 0xD4, 0x94, 0xD4, 0x94, 0xD4, 0x94, 0x36, 0xA5, 0xD4, 0x94, 0x00, 0x00,
    0x55, 0xAD, 0x00, 0x00, 0x00, 0x00, 0x00, 0x00, 0x00, 0x00, 0x00, 0x00, 0x00, 0x00, 0x00, 0x00,
    0x00, 0x00, 0x00, 0x00, 0x00, 0x00, 0x00, 0x00, 0x00, 0x00, 0x00, 0x00, 0x00, 0x00, 0x00, 0x00,
    0x00, 0x00, 0x00, 0x00, 0x00, 0x00, 0x00, 0x00, 0x00, 0x00, 0x00, 0x00, 0x00, 0x00, 0x00, 0x00,
    0x55, 0xAD, 0x00, 0x00, 0xD4, 0x94, 0x15, 0x9D, 0xF4, 0x9C, 0xD4, 0x94, 0xD4, 0x94, 0xD4, 0x94,
    0xD4, 0x94, 0xD4, 0x94, 0xD4, 0x94, 0xD4, 0x94, 0xD4, 0x94, 0xD4, 0x94, 0x56, 0xA5, 0xD4, 0x94,
    0x00, 0x00, 0xEF, 0x7B, 0xEF, 0x7B, 0x55, 0xAD, 0x55, 0xAD, 0xEF, 0x7B, 0x00, 0x00, 0x00, 0x00,
    0x00, 0x00, 0x00, 0x00, 0x00, 0x00, 0x00, 0x00, 0x00, 0x00, 0x00, 0x00, 0x00, 0x00, 0x00, 0x00,
    0x00, 0x00, 0x00, 0x00, 0x00, 0x00, 0x00, 0x00, 0x00, 0x00, 0x00, 0x00, 0x00, 0x00, 0x00, 0x00,
    0xEF, 0x7B, 0x55, 0x7D, 0xD4, 0x94, 0x15, 0x9D, 0xD4, 0x94, 0xD4, 0x94, 0xD4, 0x94, 0xD4, 0x94,
    0xD4, 0x94, 0xD4, 0x94, 0xD4, 0x94, 0xD4, 0x94, 0xD4, 0x94, 0xD4, 0x94, 0xD4, 0x94, 0xF5, 0x9C,
    0xB4, 0x94, 0x00, 0x00, 0x00, 0x00, 0x00, 0x00, 0x00, 0x00, 0x00, 0x00, 0x00, 0x00, 0xEF, 0x7B,
    0xEF, 0x7B, 0x00, 0x00, 0x00, 0x00, 0x00, 0x00, 0x00, 0x00, 0x00, 0x00, 0x00, 0x00, 0x00, 0x00,
    0x00, 0x00, 0x00, 0x00, 0x00, 0x00, 0x00, 0x00, 0x00, 0x00, 0x00, 0x00, 0xEF, 0x7B, 0xD9, 0x9C,
    0x00, 0x00, 0xD4, 0x94, 0x36, 0xA5, 0xD4, 0x94, 0xD4, 0x94, 0xD4, 0x94, 0xD4, 0x94, 0xD4, 0x94,
    0xD4, 0x94, 0xD4, 0x94, 0xD4, 0x94, 0xD4, 0x94, 0xD4, 0x94, 0xD4, 0x94, 0xD4, 0x94, 0x36, 0xA5,
    0xD4, 0x94, 0xD3, 0x9C, 0x15, 0x9D, 0xD4, 0x94, 0xF5, 0x9C, 0xF5, 0x9C, 0xD9, 0x9C, 0x00, 0x00,
    0x00, 0x00, 0x55, 0xAD, 0x00, 0x00, 0x00, 0x00, 0x00, 0x00, 0x00, 0x00, 0x00, 0x00, 0x00, 0x00,
    0x00, 0x00, 0x00, 0x00, 0x00, 0x00, 0x00, 0x00, 0x00, 0x00, 0x55, 0xAD, 0x00, 0x00, 0x00, 0x00,
    0xF5, 0x9C, 0xF4, 0x9C, 0x15, 0x9D, 0xD4, 0x94, 0xD4, 0x94, 0xD4, 0x94, 0xD4, 0x94, 0xD4, 0x94,
    0xD4, 0x94, 0xD4, 0x94, 0xD4, 0x94, 0xD4, 0x94, 0xD4, 0x94, 0xD4, 0x94, 0xD4, 0x94, 0xD4, 0x94,
    0xD4, 0x94, 0xD4, 0x94, 0xD4, 0x9C, 0x15, 0x9D, 0x15, 0x9D, 0xD4, 0x94, 0xF5, 0x9C, 0xF5, 0x9C,
    0xD4, 0x94, 0x00, 0x00, 0xFF, 0xFF, 0x00, 0x00, 0x00, 0x00, 0x00, 0x00, 0x00, 0x00, 0x00, 0x00,
    0x00, 0x00, 0x00, 0x00, 0x00, 0x00, 0x00, 0x00, 0x55, 0xAD, 0x00, 0x00, 0xB4, 0x94, 0xF5, 0x9C,
    0xF4, 0x9C, 0xF5, 0x9C, 0xD4, 0x94, 0xD4, 0x94, 0xD4, 0x94, 0xD4, 0x94, 0xD4, 0x94, 0xD4, 0x94,
    0xD4, 0x94, 0xD4, 0x94, 0xD4, 0x94, 0xD4, 0x94, 0xD4, 0x94, 0xD4, 0x94, 0xD4, 0x94, 0xD4, 0x94,
    0xD4, 0x94, 0xF5, 0x9C, 0xD4, 0x94, 0xD4, 0x94, 0xD4, 0x94, 0xD4, 0x94, 0xF5, 0x9C, 0x36, 0xA5,
    0xF5, 0x9C, 0xF4, 0x9C, 0x00, 0x00, 0xFF, 0xFF, 0x1F, 0x00, 0x00, 0x00, 0x00, 0x00, 0x00, 0x00,
    0x00, 0x00, 0x00, 0x00, 0x00, 0x00, 0xEF, 0x7B, 0x00, 0x00, 0xD4, 0x94, 0xF5, 0x9C, 0x15, 0x9D,
    0xD4, 0x94, 0xD4, 0x94, 0xD4, 0x94, 0xD4, 0x94, 0xD4, 0x94, 0xD4, 0x94, 0xD4, 0x94, 0xD4, 0x94,
    0xD4, 0x94, 0xD4, 0x94, 0xD4, 0x94, 0xD4, 0x94, 0xD4, 0x94, 0xD4, 0x94, 0xD4, 0x94, 0xD4, 0x94,
    0xD4, 0x94, 0xD4, 0x94, 0xD4, 0x94, 0xD4, 0x94, 0xD4, 0x94, 0xD4, 0x94, 0xD4, 0x94, 0xD4, 0x94,
    0xD4, 0x94, 0x56, 0xA5, 0xD4, 0x94, 0xEF, 0x7B, 0x55, 0xAD, 0x1F, 0x00, 0x00, 0x00, 0x00, 0x00,
    0x00, 0x00, 0x00, 0x00, 0x55, 0xAD, 0x00, 0x00, 0xB4, 0x94, 0x36, 0xA5, 0xD4, 0x94, 0xD4, 0x94,
    0xD4, 0x94, 0xD4, 0x94, 0xD4, 0x94, 0xD4, 0x94, 0xD4, 0x94, 0xD4, 0x94, 0xD4, 0x94, 0xD4, 0x94,
    0xD4, 0x94, 0xD4, 0x94, 0xD4, 0x94, 0xD4, 0x94, 0xD4, 0x94, 0xD4, 0x94, 0xD4, 0x94, 0xD4, 0x94,
    0xD4, 0x94, 0xD4, 0x94, 0xD4, 0x94, 0xD4, 0x94, 0xD4, 0x94, 0xD4, 0x94, 0xD4, 0x94, 0xD4, 0x94,
    0xD4, 0x94, 0xD4, 0x94, 0x56, 0xA5, 0xD4, 0x94, 0x00, 0x00, 0x55, 0xAD, 0x00, 0x00, 0x00, 0x00,
    0x00, 0x00, 0xFF, 0x7F, 0x00, 0x00, 0xD5, 0x9C, 0xF5, 0x9C, 0xD4, 0x94, 0xD4, 0x94, 0xD4, 0x94,
    0xD4, 0x94, 0xD4, 0x94, 0xD4, 0x94, 0xD4, 0x94, 0xD4, 0x94, 0xD4, 0x94, 0xD4, 0x94, 0xD4, 0x94,
    0xD4, 0x94, 0xD4, 0x94, 0xD4, 0x94, 0xD4, 0x94, 0xD4, 0x94, 0xD4, 0x94, 0xD4, 0x94, 0xD4, 0x94,
    0xD4, 0x94, 0xD4, 0x94, 0xD4, 0x94, 0xD4, 0x94, 0xD4, 0x94, 0xD4, 0x94, 0xD4, 0x94, 0xD4, 0x94,
    0xD4, 0x94, 0xD4, 0x94, 0xD4, 0x94, 0x15, 0x9D, 0xD4, 0x94, 0x00, 0x00, 0x55, 0xAD, 0x00, 0x00,
    0x00, 0x00, 0xEF, 0x7B, 0x00, 0x00, 0xD4, 0x94, 0x15, 0x9D, 0xD4, 0x94, 0xD4, 0x94, 0xD4, 0x94,
    0xD4, 0x94, 0xD4, 0x94, 0xD4, 0x94, 0xD4, 0x94, 0xD4, 0x94, 0xD4, 0x94, 0xD4, 0x94, 0xD4, 0x94,
    0xD4, 0x94, 0xD4, 0x94, 0xD4, 0x94, 0xD4, 0x94, 0xD4, 0x94, 0xD4, 0x94, 0xD4, 0x94, 0xD4, 0x94,
    0xD4, 0x94, 0xD4, 0x94, 0xD4, 0x94, 0xD4, 0x94, 0xD4, 0x94, 0xD4, 0x94, 0xD4, 0x94, 0xD4, 0x94,
    0xD4, 0x94, 0xD4, 0x94, 0xD4, 0x94, 0x15, 0x9D, 0xD4, 0x94, 0x00, 0x00, 0xEF, 0x7B, 0x00, 0x00,
    0xEF, 0x7B, 0x00, 0x00, 0xF4, 0x94, 0xF5, 0x9C, 0xD4, 0x94, 0xD4, 0x94, 0xD4, 0x94, 0xD4, 0x94,
    0xD4, 0x94, 0xD4, 0x94, 0xD4, 0x94, 0xD4, 0x94, 0xD4, 0x94, 0xD4, 0x94, 0xD4, 0x94, 0xD4, 0x94,
    0xD4, 0x94, 0xD4, 0x94, 0xD4, 0x94, 0xD4, 0x94, 0xD4, 0x94, 0xD4, 0x94, 0xD4, 0x94, 0xD4, 0x94,
    0xD4, 0x94, 0xD4, 0x94, 0xD4, 0x94, 0xD4, 0x94, 0xD4, 0x94, 0xD4, 0x94, 0xD4, 0x94, 0xD4, 0x94,
    0xD4, 0x94, 0xD4, 0x94, 0xD4, 0x94, 0xD4, 0x94, 0xF5, 0x9C, 0xF4, 0x94, 0x00, 0x00, 0xFF, 0x7F,
    0xD3, 0x9C, 0x00, 0x00, 0xD4, 0x94, 0x36, 0xA5, 0xD4, 0x94, 0xD4, 0x94, 0xD4, 0x94, 0xD4, 0x94,
    0xD4, 0x94, 0xD4, 0x94, 0xD4, 0x94, 0xD4, 0x94, 0xD4, 0x94, 0xD4, 0x94, 0xD4, 0x94, 0xD4, 0x94,
    0xD4, 0x94, 0xD4, 0x94, 0xD4, 0x94, 0xD4, 0x94, 0xD4, 0x94, 0xD4, 0x94, 0xD4, 0x94, 0xD4, 0x94,
    0xD4, 0x94, 0xD4, 0x94, 0xD4, 0x94, 0xD4, 0x94, 0xD4, 0x94, 0xD4, 0x94, 0xD4, 0x94, 0xD4, 0x94,
    0xD4, 0x94, 0xD4, 0x94, 0xD4, 0x94, 0xD4, 0x94, 0x36, 0xA5, 0xD4, 0x94, 0x00, 0x00, 0xD3, 0x9C,
    0xF7, 0x7B, 0x00, 0x00, 0xD4, 0x94, 0x36, 0xA5, 0xD4, 0x94, 0xD4, 0x94, 0xD4, 0x94, 0xD4, 0x94,
    0xD4, 0x94, 0xD4, 0x94, 0xD4, 0x94, 0xD4, 0x94, 0xD4, 0x94, 0xD4, 0x94, 0xD4, 0x94, 0xD4, 0x94,
    0xD4, 0x94, 0xD4, 0x94, 0xD4, 0x94, 0xD4, 0x94, 0xD4, 0x94, 0xD4, 0x94, 0xD4, 0x94, 0xD4, 0x94,
    0xD4, 0x94, 0xD4, 0x94, 0xD4, 0x94, 0xD4, 0x94, 0xD4, 0x94, 0xD4, 0x94, 0xD4, 0x94, 0xD4, 0x94,
    0xD4, 0x94, 0xD4, 0x94, 0xD4, 0x94, 0xD4, 0x94, 0x36, 0xA5, 0xD4, 0x94, 0x00, 0x00, 0xF7, 0x7B,
    0xF7, 0x7B, 0x00, 0x00, 0xD4, 0x94, 0x36, 0xA5, 0xD4, 0x94, 0xD4, 0x94, 0xD4, 0x94, 0xD4, 0x94,
    0xD4, 0x94, 0xD4, 0x94, 0xD4, 0x94, 0xD4, 0x94, 0xD4, 0x94, 0xD4, 0x94, 0xD4, 0x94, 0xD4, 0x94,
    0xD4, 0x94, 0xD4, 0x94, 0xD4, 0x94, 0xD4, 0x94, 0xD4, 0x94, 0xD4, 0x94, 0xD4, 0x94, 0xD4, 0x94,
    0xD4, 0x94, 0xD4, 0x94, 0xD4, 0x94, 0xD4, 0x94, 0xD4, 0x94, 0xD4, 0x94, 0xD4, 0x94, 0xD4, 0x94,
    0xD4, 0x94, 0xD4, 0x94, 0xD4, 0x94, 0xD4, 0x94, 0x15, 0x9D, 0xD4, 0x94, 0x00, 0x00, 0xFF, 0x7B,
    0xF7, 0x7B, 0x00, 0x00, 0xD4, 0x94, 0x36, 0xA5, 0xD4, 0x94, 0xD4, 0x94, 0xD4, 0x94, 0xD4, 0x94,
    0xD4, 0x94, 0xD4, 0x94, 0xD4, 0x94, 0xD4, 0x94, 0xD4, 0x94, 0xD4, 0x94, 0xD4, 0x94, 0xD4, 0x94,
    0xD4, 0x94, 0xD4, 0x94, 0xD4, 0x94, 0xD4, 0x94, 0xD4, 0x94, 0xD4, 0x94, 0xD4, 0x94, 0xD4, 0x94,
    0xD4, 0x94, 0xD4, 0x94, 0xD4, 0x94, 0xD4, 0x94, 0xD4, 0x94, 0xD4, 0x94, 0xD4, 0x94, 0xD4, 0x94,
    0xD4, 0x94, 0xD4, 0x94, 0xD4, 0x94, 0xD4, 0x94, 0x15, 0x9D, 0xD4, 0x94, 0x00, 0x00, 0xFF, 0x7B,
    0xD3, 0x9C, 0x00, 0x00, 0xD4, 0x94, 0x36, 0xA5, 0xD4, 0x94, 0xD4, 0x94, 0xD4, 0x94, 0xD4, 0x94,
    0xD4, 0x94, 0xD4, 0x94, 0xD4, 0x94, 0xD4, 0x94, 0xD4, 0x94, 0xD4, 0x94, 0xD4, 0x94, 0xD4, 0x94,
    0xD4, 0x94, 0xD4, 0x94, 0xD4, 0x94, 0xD4, 0x94, 0xD4, 0x94, 0xD4, 0x94, 0xD4, 0x94, 0xD4, 0x94,
    0xD4, 0x94, 0xD4, 0x94, 0xD4, 0x94, 0xD4, 0x94, 0xD4, 0x94, 0xD4, 0x94, 0xD4, 0x94, 0xD4, 0x94,
    0xD4, 0x94, 0xD4, 0x94, 0xD4, 0x94, 0xD4, 0x94, 0x15, 0x9D, 0xD4, 0x94, 0x00, 0x00, 0x5F, 0xAD,
    0xF7, 0x7D, 0x00, 0x00, 0xD4, 0x94, 0x15, 0x9D, 0xD4, 0x94, 0xD4, 0x94, 0xD4, 0x94, 0xD4, 0x94,
    0xD4, 0x94, 0xD4, 0x94, 0xD4, 0x94, 0xD4, 0x94, 0xD4, 0x94, 0xD4, 0x94, 0xD4, 0x94, 0xD4, 0x94,
    0xD4, 0x94, 0xD4, 0x94, 0xD4, 0x94, 0xD4, 0x94, 0xD4, 0x94, 0xD4, 0x94, 0xD4, 0x94, 0xD4, 0x94,
    0xD4, 0x94, 0xD4, 0x94, 0xD4, 0x94, 0xD4, 0x94, 0xD4, 0x94, 0xD4, 0x94, 0xD4, 0x94, 0xD4, 0x94,
    0xD4, 0x94, 0xD4, 0x94, 0xD4, 0x94, 0xD4, 0x94, 0x36, 0xA5, 0xD4, 0x94, 0x00, 0x00, 0xD3, 0x9C,
    0xFF, 0xFF, 0x00, 0x00, 0xF3, 0x8C, 0xD4, 0x94, 0xF5, 0x9C, 0xD4, 0x94, 0xD4, 0x94, 0xD4, 0x94,
    0xD4, 0x94, 0xD4, 0x94, 0xD4, 0x94, 0xD4, 0x94, 0xD4, 0x94, 0xD4, 0x94, 0xD4, 0x94, 0xD4, 0x94,
    0xD4, 0x94, 0xD4, 0x94, 0xD4, 0x94, 0xD4, 0x94, 0xD4, 0x94, 0xD4, 0x94, 0xD4, 0x94, 0xD4, 0x94,
    0xD4, 0x94, 0xD4, 0x94, 0xD4, 0x94, 0xD4, 0x94, 0xD4, 0x94, 0xD4, 0x94, 0xD4, 0x94, 0xD4, 0x94,
    0xD4, 0x94, 0xD4, 0x94, 0xD4, 0x94, 0xD4, 0x94, 0xD4, 0x94, 0xD4, 0x9C, 0x00, 0x00, 0xEF, 0x7B,
    0x00, 0x00, 0x55, 0xAD, 0x00, 0x00, 0xD4, 0x94, 0x56, 0xA5, 0xD4, 0x94, 0xD4, 0x94, 0xD4, 0x94,
    0xD4, 0x94, 0xD4, 0x94, 0xD4, 0x94, 0xD4, 0x94, 0xD4, 0x94, 0xD4, 0x94, 0xD4, 0x94, 0xD4, 0x94,
    0xD4, 0x94, 0xD4, 0x94, 0xD4, 0x94, 0xD4, 0x94, 0xD4, 0x94, 0xD4, 0x94, 0xD4, 0x94, 0xD4, 0x94,
    0xD4, 0x94, 0xD4, 0x94, 0xD4, 0x94, 0xD4, 0x94, 0xD4, 0x94, 0xD4, 0x94, 0xD4, 0x94, 0xD4, 0x94,
    0xD4, 0x94, 0xD4, 0x94, 0xD4, 0x94, 0x36, 0xA5, 0xD4, 0x94, 0x00, 0x00, 0x55, 0xAD, 0x00, 0x00,
    0x00, 0x00, 0x00, 0x00, 0xFF, 0x7B, 0x55, 0xAD, 0xD4, 0x94, 0x36, 0xA5, 0xD4, 0x94, 0xD4, 0x94,
    0xD4, 0x94, 0xD4, 0x94, 0xD4, 0x94, 0xD4, 0x94, 0xD4, 0x94, 0xD4, 0x94, 0xD4, 0x94, 0xD4, 0x94,
    0xD4, 0x94, 0xD4, 0x94, 0xD4, 0x94, 0xD4, 0x94, 0xD4, 0x94, 0xD4, 0x94, 0xD4, 0x94, 0xD4, 0x94,
    0xD4, 0x94, 0xD4, 0x94, 0xD4, 0x94, 0xD4, 0x94, 0xD4, 0x94, 0xD4, 0x94, 0xD4, 0x94, 0xD4, 0x94,
    0xD4, 0x94, 0xD4, 0x94, 0x36, 0xA5, 0xD4, 0x94, 0xD3, 0x9C, 0xEF, 0x7B, 0xFF, 0xFF, 0x00, 0x00,
    0x00, 0x00, 0x00, 0x00, 0xFF, 0xFF, 0x1F, 0x00, 0x14, 0xA5, 0xF4, 0x9C, 0x36, 0xA5, 0xF5, 0x9C,
    0xD4, 0x94, 0xD4, 0x94, 0xD4, 0x94, 0xD4, 0x94, 0xD4, 0x94, 0xD4, 0x94, 0xD4, 0x94, 0xD4, 0x94,
    0xD4, 0x94, 0xD4, 0x94, 0xD4, 0x94, 0xD4, 0x94, 0xD4, 0x94, 0xD4, 0x94, 0xD4, 0x94, 0xD4, 0x94,
    0xD4, 0x94, 0xD4, 0x94, 0xD4, 0x94, 0xD4, 0x94, 0xD4, 0x94, 0xD4, 0x94, 0xD4, 0x94, 0xD4, 0x94,
    0xF5, 0x9C, 0x36, 0xA5, 0xF5, 0x9C, 0xD4, 0x8C, 0x00, 0x00, 0xEF, 0x7B, 0x00, 0x00, 0x00, 0x00,
    0x00, 0x00, 0x00, 0x00, 0x00, 0x00, 0xFF, 0xFF, 0x00, 0x00, 0x00, 0x00, 0xF5, 0x9C, 0xF5, 0x9C,
    0x15, 0x9D, 0x36, 0xA5, 0x36, 0xA5, 0x36, 0xA5, 0x36, 0xA5, 0x36, 0xA5, 0x36, 0xA5, 0x36, 0xA5,
    0x36, 0xA5, 0x36, 0xA5, 0x36, 0xA5, 0x36, 0xA5, 0x36, 0xA5, 0x36, 0xA5, 0x36, 0xA5, 0x36, 0xA5,
    0x36, 0xA5, 0x15, 0x9D, 0xF5, 0x9C, 0xD4, 0x94, 0xD4, 0x94, 0xF5, 0x9C, 0x15, 0x9D, 0x36, 0xA5,
    0xF5, 0x9C, 0xF4, 0x9C, 0xEF, 0x7B, 0x00, 0x00, 0xEF, 0x7B, 0x00, 0x00, 0x00, 0x00, 0x00, 0x00,
    0x00, 0x00, 0x00, 0x00, 0x00, 0x00, 0x00, 0x00, 0xFF, 0xFF, 0x00, 0x00, 0x00, 0x00, 0x55, 0x8D,
    0xF4, 0x9C, 0xF5, 0x9C, 0xF5, 0x9C, 0xD4, 0x94, 0xD4, 0x94, 0xD4, 0x94, 0xD4, 0x94, 0xD4, 0x94,
    0xD4, 0x94, 0xD4, 0x94, 0xD4, 0x94, 0xD4, 0x94, 0xD4, 0x94, 0xD4, 0x94, 0xD4, 0x94, 0xD4, 0x94,
    0xD4, 0x94, 0xD4, 0x94, 0xF4, 0x94, 0xD4, 0x94, 0xD4, 0x94, 0xD4, 0x94, 0xF5, 0x9C, 0xF5, 0x9C,
    0xB4, 0x94, 0x00, 0x00, 0x00, 0x00, 0xFF, 0xFF, 0x00, 0x00, 0x00, 0x00, 0x00, 0x00, 0x00, 0x00,
    0x00, 0x00, 0x00, 0x00, 0x00, 0x00, 0x00, 0x00, 0x00, 0x00, 0x00, 0x00, 0x55, 0xAD, 0x00, 0x00,
    0x00, 0x00, 0x00, 0x00, 0x00, 0x00, 0x00, 0x00, 0x00, 0x00, 0x00, 0x00, 0x00, 0x00, 0x00, 0x00,
    0x00, 0x00, 0x00, 0x00, 0x00, 0x00, 0x00, 0x00, 0x00, 0x00, 0x00, 0x00, 0x00, 0x00, 0x00, 0x00,
    0x00, 0x00, 0x00, 0x00, 0xD5, 0x9C, 0xF5, 0x9C, 0xD5, 0x8C, 0x57, 0x9D, 0x00, 0x00, 0x00, 0x00,
    0x00, 0x00, 0x55, 0xAD, 0x00, 0x00, 0x00, 0x00, 0x00, 0x00, 0x00, 0x00, 0x00, 0x00, 0x00, 0x00,
    0x00, 0x00, 0x00, 0x00, 0x00, 0x00, 0x00, 0x00, 0x00, 0x00, 0x00, 0x00, 0x00, 0x00, 0xFF, 0xFF,
    0x55, 0xAD, 0xF7, 0x7D, 0xF7, 0xBD, 0xD3, 0x9C, 0x55, 0xAD, 0x00, 0x00, 0x00, 0x00, 0xF7, 0xBD,
    0xF7, 0x7B, 0xF7, 0x7D, 0xF7, 0xBD, 0xF7, 0xBD, 0x00, 0x00, 0x00, 0x00, 0xF7, 0xBD, 0xF7, 0x7D,
    0xF7, 0x7B, 0xFF, 0xFF, 0x00, 0x00, 0x00, 0x00, 0x00, 0x00, 0x00, 0x00, 0xFF, 0xFF, 0xEF, 0x7B,
    0xFF, 0xFF, 0x00, 0x00, 0x00, 0x00, 0x00, 0x00, 0x00, 0x00, 0x00, 0x00, 0x00, 0x00, 0x00, 0x00,
    0x00, 0x00, 0x00, 0x00, 0x00, 0x00, 0x00, 0x00, 0x00, 0x00, 0x00, 0x00, 0x00, 0x00, 0x00, 0x00,
    0x00, 0x00, 0x00, 0x00, 0xFF, 0x7B, 0x00, 0x00, 0xBC, 0x4C, 0xFE, 0x4C, 0xDC, 0x4C, 0xFF, 0x07,
    0xEF, 0x03, 0xF7, 0x3B, 0x00, 0x00, 0xBC, 0x4C, 0x1E, 0x4D, 0xBC, 0x4C, 0x1F, 0x00, 0xFF, 0x07,
    0xFF, 0x7B, 0x00, 0x00, 0xBC, 0x4C, 0xFD, 0x4C, 0xBB, 0x4C, 0xBA, 0x54, 0xFF, 0x07, 0x1F, 0x00,
    0x00, 0x00, 0x00, 0x00, 0x00, 0x00, 0x00, 0x00, 0x00, 0x00, 0x00, 0x00, 0x00, 0x00, 0x00, 0x00,
    0x00, 0x00, 0x00, 0x00, 0x00, 0x00, 0x00, 0x00, 0x00, 0x00, 0x00, 0x00, 0x00, 0x00, 0x00, 0x00,
    0x00, 0x00, 0xFF, 0x07, 0x00, 0x00, 0x9B, 0x4C, 0xBB, 0x4C, 0x7F, 0x55, 0xBC, 0x4C, 0x00, 0x00,
    0xFF, 0x3D, 0xFF, 0x7B, 0x00, 0x00, 0xBC, 0x4C, 0x9F, 0x55, 0xBC, 0x4C, 0x00, 0x00, 0x5F, 0x55,
    0xFF, 0x3B, 0x00, 0x00, 0xBC, 0x4C, 0x7F, 0x55, 0xBC, 0x4C, 0x5C, 0x55, 0x1F, 0x00, 0x1F, 0x00,
    0x00, 0x00, 0x00, 0x00, 0x00, 0x00, 0x00, 0x00, 0x00, 0x00, 0x00, 0x00, 0x00, 0x00, 0x00, 0x00,
    0x00, 0x00, 0x00, 0x00, 0x00, 0x00, 0x00, 0x00, 0x00, 0x00, 0x00, 0x00, 0x00, 0x00, 0x00, 0x00,
    0x00, 0x00, 0xF7, 0x3B, 0x00, 0x00, 0xBC, 0x4C, 0x1D, 0x4D, 0xBC, 0x4C, 0xBB, 0x4C, 0x00, 0x00,
    0x5F, 0x55, 0x00, 0x00, 0xBC, 0x4C, 0xBC, 0x4C, 0xFD, 0x4C, 0xBC, 0x4C, 0x00, 0x00, 0xF7, 0x3B,
    0x1F, 0x00, 0xFF, 0x7B, 0xBB, 0x4C, 0x3F, 0x55, 0xBC, 0x4C, 0x00, 0x00, 0xF7, 0x3B, 0x00, 0x00,
    0x00, 0x00, 0x00, 0x00, 0x00, 0x00, 0x00, 0x00, 0x00, 0x00, 0x00, 0x00, 0x00, 0x00, 0x00, 0x00,
    0x00, 0x00, 0x00, 0x00, 0x00, 0x00, 0x00, 0x00, 0x00, 0x00, 0x00, 0x00, 0x00, 0x00, 0x00, 0x00,
    0x00, 0x00, 0x5F, 0x55, 0x00, 0x00, 0xBC, 0x4C, 0x5F, 0x55, 0xBC, 0x4C, 0x00, 0x00, 0xFF, 0x7B,
    0xFF, 0x3D, 0x00, 0x00, 0xBC, 0x4C, 0x3E, 0x55, 0xBC, 0x4C, 0xFB, 0x3C, 0x00, 0x00, 0x5F, 0x55,
    0x00, 0x00, 0xBC, 0x4C, 0xDC, 0x4C, 0xDC, 0x4C, 0x9C, 0x44, 0x00, 0x00, 0x55, 0x55, 0x00, 0x00,
    0x00, 0x00, 0x00, 0x00, 0x00, 0x00, 0x00, 0x00, 0x00, 0x00, 0x00, 0x00, 0x00, 0x00, 0x00, 0x00,
    0x00, 0x00, 0x00, 0x00, 0x00, 0x00, 0x00, 0x00, 0x00, 0x00, 0x00, 0x00, 0x00, 0x00, 0x00, 0x00,
    0xFF, 0x07, 0x00, 0x00, 0xFD, 0x4C, 0xBC, 0x4C, 0x1E, 0x55, 0xBC, 0x4C, 0x1F, 0x00, 0xFF, 0x3D,
    0xFF, 0x07, 0x00, 0x00, 0xBC, 0x4C, 0x3F, 0x55, 0xBC, 0x4C, 0x00, 0x00, 0xF7, 0x3B, 0xF7, 0x3B,
    0x00, 0x00, 0xBC, 0x4C, 0x3F, 0x55, 0xBC, 0x4C, 0xFF, 0x7B, 0xFF, 0x07, 0x00, 0x00, 0x00, 0x00,
    0x00, 0x00, 0x00, 0x00, 0x00, 0x00, 0x00, 0x00, 0x00, 0x00, 0x00, 0x00, 0x00, 0x00, 0x00, 0x00,
    0x00, 0x00, 0x00, 0x00, 0x00, 0x00, 0x00, 0x00, 0x00, 0x00, 0x00, 0x00, 0x00, 0x00, 0x00, 0x00,
    0xF7, 0x3B, 0x1F, 0x00, 0xBC, 0x4C, 0x1E, 0x4D, 0xBC, 0x4C, 0x9C, 0x4C, 0x00, 0x00, 0xFF, 0x3B,
    0x00, 0x00, 0xBB, 0x4C, 0xDC, 0x4C, 0xFD, 0x4C, 0xBB, 0x4C, 0x00, 0x00, 0xF7, 0x3B, 0x00, 0x00,
    0xFF, 0x3D, 0xBB, 0x4C, 0x3F, 0x55, 0xBC, 0x4C, 0x00, 0x00, 0xFF, 0x3B, 0x00, 0x00, 0x00, 0x00,
    0x00, 0x00, 0x00, 0x00, 0x00, 0x00, 0x00, 0x00, 0x00, 0x00, 0x00, 0x00, 0x00, 0x00, 0x00, 0x00,
    0x00, 0x00, 0x00, 0x00, 0x00, 0x00, 0x00, 0x00, 0x00, 0x00, 0x00, 0x00, 0x00, 0x00, 0x00, 0x00,
    0x55, 0x55, 0x00, 0x00, 0xBC, 0x4C, 0x5F, 0x55, 0xBC, 0x4C, 0x00, 0x00, 0x55, 0x55, 0xFF, 0x3B,
    0x00, 0x00, 0xBC, 0x4C, 0x3F, 0x55, 0xBC, 0x4C, 0xDF, 0x64, 0x00, 0x00, 0xF7, 0x3B, 0x00, 0x00,
    0xBB, 0x4C, 0xFD, 0x4C, 0xDC, 0x4C, 0xBC, 0x4C, 0x00, 0x00, 0xFF, 0x7B, 0x00, 0x00, 0x00, 0x00,
    0x00, 0x00, 0x00, 0x00, 0x00, 0x00, 0x00, 0x00, 0x00, 0x00, 0x00, 0x00, 0x00, 0x00, 0x00, 0x00,
    0x00, 0x00, 0x00, 0x00, 0x00, 0x00, 0x00, 0x00, 0x00, 0x00, 0x00, 0x00, 0x00, 0x00, 0xFF, 0x07,
    0x00, 0x00, 0xDB, 0x4C, 0xBB, 0x4C, 0x1E, 0x55, 0xBC, 0x4C, 0x1F, 0x00, 0xFF, 0x3D, 0x1F, 0x00,
    0xFF, 0x7B, 0xBC, 0x4C, 0x3F, 0x55, 0xBC, 0x4C, 0x00, 0x00, 0xFF, 0x3B, 0xF7, 0x3B, 0x00, 0x00,
    0xBC, 0x4C, 0x5F, 0x55, 0xBC, 0x4C, 0x00, 0x00, 0xFF, 0x7B, 0x00, 0x00, 0x00, 0x00, 0x00, 0x00,
    0x00, 0x00, 0x00, 0x00, 0x00, 0x00, 0x00, 0x00, 0x00, 0x00, 0x00, 0x00, 0x00, 0x00, 0x00, 0x00,
    0x00, 0x00, 0x00, 0x00, 0x00, 0x00, 0x00, 0x00, 0x00, 0x00, 0x00, 0x00, 0x00, 0x00, 0xF7, 0x3B,
    0x00, 0x00, 0xBC, 0x4C, 0x1E, 0x4D, 0xBB, 0x4C, 0xDB, 0x4C, 0x00, 0x00, 0xFF, 0x3B, 0x00, 0x00,
    0xBB, 0x4C, 0xDC, 0x4C, 0xDC, 0x4C, 0x9C, 0x44, 0x00, 0x00, 0x5F, 0x55, 0x00, 0x00, 0x9B, 0x4C,
    0xBB, 0x4C, 0x3E, 0x55, 0xBC, 0x4C, 0x00, 0x00, 0xFF, 0x3D, 0x00, 0x00, 0x00, 0x00, 0x00, 0x00,
    0x00, 0x00, 0x00, 0x00, 0x00, 0x00, 0x00, 0x00, 0x00, 0x00, 0x00, 0x00, 0x00, 0x00, 0x00, 0x00,
    0x00, 0x00, 0x00, 0x00, 0x00, 0x00, 0x00, 0x00, 0x00, 0x00, 0x00, 0x00, 0x00, 0x00, 0xB5, 0x52,
    0x00, 0x00, 0xBC, 0x4C, 0x5F, 0x55, 0xBC, 0x4C, 0x00, 0x00, 0x55, 0x55, 0xF7, 0x3B, 0x00, 0x00,
    0xBC, 0x4C, 0x5F, 0x55, 0xBC, 0x4C, 0xFF, 0x7B, 0xFF, 0x07, 0xFF, 0x3B, 0x00, 0x00, 0xBC, 0x4C,
    0x3F, 0x55, 0xBC, 0x4C, 0x9C, 0x44, 0x00, 0x00, 0xFF, 0x7B, 0x00, 0x00, 0x00, 0x00, 0x00, 0x00,
    0x00, 0x00, 0x00, 0x00, 0x00, 0x00, 0x00, 0x00, 0x00, 0x00, 0x00, 0x00, 0x00, 0x00, 0x00, 0x00,
    0x00, 0x00, 0x00, 0x00, 0x00, 0x00, 0x00, 0x00, 0x00, 0x00, 0x00, 0x00, 0x00, 0x00, 0x1F, 0x00,
    0xD9, 0x34, 0xBB, 0x4C, 0x1E, 0x4D, 0xBC, 0x4C, 0x1F, 0x00, 0xFF, 0x3D, 0xFF, 0x07, 0x1F, 0x00,
    0xBC, 0x4C, 0x3E, 0x55, 0xBC, 0x4C, 0x00, 0x00, 0xFF, 0x3B, 0x55, 0x55, 0x1F, 0x00, 0xDC, 0x4C,
    0x1E, 0x4D, 0xBC, 0x4C, 0x00, 0x00, 0xFF, 0x7B, 0x00, 0x00, 0x00, 0x00, 0x00, 0x00, 0x00, 0x00,
    0x00, 0x00, 0x00, 0x00, 0x00, 0x00, 0x00, 0x00, 0x00, 0x00, 0x00, 0x00, 0x00, 0x00, 0x00, 0x00,
    0x00, 0x00, 0x00, 0x00, 0x00, 0x00, 0x00, 0x00, 0x00, 0x00, 0x00, 0x00, 0x00, 0x00, 0x00, 0x00,
    0x00, 0x00, 0x00, 0x00, 0x9B, 0x4C, 0xDC, 0x4C, 0x00, 0x00, 0x00, 0x00, 0x00, 0x00, 0x1F, 0x00,
    0x00, 0x00, 0x3A, 0x3C, 0xDB, 0x44, 0x00, 0x00, 0x1F, 0x00, 0x00, 0x00, 0x00, 0x00, 0x00, 0x00,
    0xAF, 0x2A, 0xBC, 0x44, 0x1F, 0x00, 0x1F, 0x00, 0x00, 0x00, 0x00, 0x00, 0x00, 0x00, 0x00, 0x00,
    0x00, 0x00, 0x00, 0x00, 0x00, 0x00, 0x00, 0x00, 0x00, 0x00, 0x00, 0x00, 0x00, 0x00, 0x00, 0x00,
    0x00, 0x00, 0x00, 0x00, 0x00, 0x00, 0x00, 0x00, 0x00, 0x00, 0x00, 0x00, 0x00, 0x00, 0x00, 0x00,
    0x00, 0x00, 0xB5, 0x52, 0x00, 0x00, 0x00, 0x00, 0x00, 0x00, 0x00, 0x00, 0x00, 0x00, 0x00, 0x00,
    0xB5, 0x52, 0x00, 0x00, 0x00, 0x00, 0x00, 0x00, 0x00, 0x00, 0x00, 0x00, 0x00, 0x00, 0xFF, 0x7B,
    0x00, 0x00, 0x00, 0x00, 0x00, 0x00, 0x00, 0x00, 0x00, 0x00, 0x00, 0x00, 0x00, 0x00, 0x00, 0x00,
    0x00, 0x00, 0x00, 0x00, 0x00, 0x00, 0x00, 0x00, 0x00, 0x00, 0x00, 0x00, 0x00, 0x00, 0x00, 0x00,
    0x00, 0x00, 0x00, 0x00, 0x00, 0x00, 0x00, 0x00, 0x00, 0x00, 0x00, 0x00, 0x00, 0x00, 0x00, 0x00,
    0x00, 0x00, 0x00, 0x00, 0xFF, 0x07, 0x1F, 0x00, 0x00, 0x00, 0x00, 0x00, 0x00, 0x00, 0x00, 0x00,
    0x00, 0x00, 0xFF, 0x07, 0xFF, 0x07, 0x00, 0x00, 0x00, 0x00, 0x00, 0x00, 0x00, 0x00, 0x00, 0x00,
    0x1F, 0x00, 0xFF, 0x07, 0x00, 0x00, 0x00, 0x00, 0x00, 0x00, 0x00, 0x00, 0x00, 0x00, 0x00, 0x00,
    0x00, 0x00, 0x00, 0x00, 0x00, 0x00, 0x00, 0x00, 0x00, 0x00, 0x00, 0x00, 0x00, 0x00, 0x00, 0x00,
    0x00, 0x00, 0x00, 0x00, 0x00, 0x00, 0x00, 0x00, 0x00, 0x00, 0x04, 0x00, 0x65, 0xF5, 0xFD, 0xFE,
    0xFF, 0xFF, 0xFF, 0xFD, 0xFD, 0x95, 0x01, 0x03, 0x01, 0x00, 0x00, 0x00, 0x00, 0x00, 0x00, 0x00,
    0x00, 0x00, 0x00, 0x00, 0x00, 0x00, 0x00, 0x00, 0x00, 0x00, 0x00, 0x00, 0x00, 0x00, 0x00, 0x00,
    0x00, 0x03, 0x00, 0x69, 0xFF, 0xFE, 0xFE, 0xFF, 0xFF, 0xFF, 0xFF, 0xFF, 0xFD, 0xFF, 0xA0, 0x00,
    0x03, 0x01, 0x00, 0x00, 0x00, 0x00, 0x00, 0x00, 0x00, 0x00, 0x00, 0x00, 0x00, 0x00, 0x00, 0x00,
    0x00, 0x00, 0x00, 0x00, 0x00, 0x00, 0x00, 0x00, 0x03, 0x00, 0x3D, 0xFF, 0xFD, 0xFE, 0xFF, 0xFF,
    0xFF, 0xFF, 0xFF, 0xFF, 0xFF, 0xFA, 0xFF, 0x76, 0x00, 0x04, 0x02, 0x03, 0x03, 0x02, 0x01, 0x00,
    0x00, 0x00, 0x00, 0x00, 0x00, 0x00, 0x00, 0x00, 0x00, 0x00, 0x00, 0x00, 0x00, 0x00, 0x00, 0x01,
    0x04, 0x06, 0xD6, 0xFF, 0xFC, 0xFF, 0xFF, 0xFF, 0xFF, 0xFF, 0xFF, 0xFF, 0xFF, 0xFE, 0xFC, 0xFA,
    0x25, 0x00, 0x00, 0x00, 0x00, 0x00, 0x00, 0x04, 0x02, 0x00, 0x00, 0x00, 0x00, 0x00, 0x00, 0x00,
    0x00, 0x00, 0x00, 0x00, 0x00, 0x00, 0x02, 0x05, 0x00, 0x5D, 0xFF, 0xFB, 0xFF, 0xFF, 0xFF, 0xFF,
    0xFF, 0xFF, 0xFF, 0xFF, 0xFF, 0xFF, 0xFB, 0xFF, 0x9F, 0x05, 0x2B, 0x42, 0x41, 0x28, 0x05, 0x00,
    0x00, 0x03, 0x00, 0x00, 0x00, 0x00, 0x00, 0x00, 0x00, 0x00, 0x00, 0x00, 0x00, 0x03, 0x00, 0x00,
    0x2D, 0xD1, 0xFD, 0xFD, 0xFF, 0xFF, 0xFF, 0xFF, 0xFF, 0xFF, 0xFF, 0xFF, 0xFF, 0xFF, 0xFF, 0xFE,
    0xF8, 0xDC, 0xFD, 0xFF, 0xFF, 0xFD, 0xDB, 0x92, 0x2B, 0x00, 0x01, 0x01, 0x00, 0x00, 0x00, 0x00,
    0x00, 0x00, 0x00, 0x00, 0x03, 0x00, 0x36, 0xB8, 0xFC, 0xFF, 0xFF, 0xFF, 0xFF, 0xFF, 0xFF, 0xFF,
    0xFF, 0xFF, 0xFF, 0xFF, 0xFF, 0xFF, 0xFF, 0xFF, 0xFF, 0xFF, 0xFF, 0xFD, 0xFD, 0xFF, 0xFF, 0xFF,
    0xF8, 0x7D, 0x00, 0x01, 0x01, 0x00, 0x00, 0x00, 0x00, 0x00, 0x00, 0x04, 0x00, 0x6B, 0xFB, 0xFF,
    0xFF, 0xFE, 0xFF, 0xFF, 0xFF, 0xFF, 0xFF, 0xFF, 0xFF, 0xFF, 0xFF, 0xFF, 0xFF, 0xFF, 0xFF, 0xFF,
    0xFE, 0xFD, 0xFE, 0xFF, 0xFF, 0xFE, 0xFD, 0xFB, 0xFE, 0xFF, 0xA6, 0x02, 0x03, 0x01, 0x00, 0x00,
    0x00, 0x00, 0x03, 0x00, 0x6A, 0xFF, 0xFE, 0xFB, 0xFF, 0xFF, 0xFF, 0xFF, 0xFF, 0xFF, 0xFF, 0xFF,
    0xFF, 0xFF, 0xFF, 0xFF, 0xFF, 0xFF, 0xFF, 0xFF, 0xFF, 0xFF, 0xFF, 0xFF, 0xFF, 0xFF, 0xFF, 0xFF,
    0xFE, 0xF9, 0xFF, 0x95, 0x00, 0x03, 0x00, 0x00, 0x00, 0x02, 0x01, 0x32, 0xFC, 0xFC, 0xFD, 0xFF,
    0xFF, 0xFF, 0xFF, 0xFF, 0xFF, 0xFF, 0xFF, 0xFF, 0xFF, 0xFF, 0xFF, 0xFF, 0xFF, 0xFF, 0xFF, 0xFF,
    0xFF, 0xFF, 0xFF, 0xFF, 0xFF, 0xFF, 0xFF, 0xFF, 0xFF, 0xFE, 0xFB, 0xFF, 0x45, 0x00, 0x03, 0x00,
    0x00, 0x02, 0x00, 0xBD, 0xFF, 0xFB, 0xFF, 0xFF, 0xFF, 0xFF, 0xFF, 0xFF, 0xFF, 0xFF, 0xFF, 0xFF,
    0xFF, 0xFF, 0xFF, 0xFF, 0xFF, 0xFF, 0xFF, 0xFF, 0xFF, 0xFF, 0xFF, 0xFF, 0xFF, 0xFF, 0xFF, 0xFF,
    0xFF, 0xFF, 0xFC, 0xFE, 0xCA, 0x01, 0x02, 0x00, 0x02, 0x00, 0x2A, 0xFD, 0xFD, 0xFE, 0xFF, 0xFF,
    0xFF, 0xFF, 0xFF, 0xFF, 0xFF, 0xFF, 0xFF, 0xFF, 0xFF, 0xFF, 0xFF, 0xFF, 0xFF, 0xFF, 0xFF, 0xFF,
    0xFF, 0xFF, 0xFF, 0xFF, 0xFF, 0xFF, 0xFF, 0xFF, 0xFF, 0xFF, 0xFF, 0xFE, 0xFF, 0x31, 0x00, 0x02,
    0x05, 0x00, 0x6F, 0xFF, 0xFB, 0xFF, 0xFF, 0xFF, 0xFF, 0xFF, 0xFF, 0xFF, 0xFF, 0xFF, 0xFF, 0xFF,
    0xFF, 0xFF, 0xFF, 0xFF, 0xFF, 0xFF, 0xFF, 0xFF, 0xFF, 0xFF, 0xFF, 0xFF, 0xFF, 0xFF, 0xFF, 0xFF,
    0xFF, 0xFF, 0xFF, 0xFB, 0xFF, 0x70, 0x00, 0x05, 0x04, 0x00, 0x96, 0xFF, 0xFB, 0xFF, 0xFF, 0xFF,
    0xFF, 0xFF, 0xFF, 0xFF, 0xFF, 0xFF, 0xFF, 0xFF, 0xFF, 0xFF, 0xFF, 0xFF, 0xFF, 0xFF, 0xFF, 0xFF,
    0xFF, 0xFF, 0xFF, 0xFF, 0xFF, 0xFF, 0xFF, 0xFF, 0xFF, 0xFF, 0xFF, 0xFB, 0xFF, 0xA2, 0x00, 0x04,
    0x04, 0x00, 0xA1, 0xFF, 0xFB, 0xFF, 0xFF, 0xFF, 0xFF, 0xFF, 0xFF, 0xFF, 0xFF, 0xFF, 0xFF, 0xFF,
    0xFF, 0xFF, 0xFF, 0xFF, 0xFF, 0xFF, 0xFF, 0xFF, 0xFF, 0xFF, 0xFF, 0xFF, 0xFF, 0xFF, 0xFF, 0xFF,
    0xFF, 0xFF, 0xFF, 0xFC, 0xFF, 0xBE, 0x00, 0x02, 0x04, 0x00, 0xA2, 0xFF, 0xFB, 0xFF, 0xFF, 0xFF,
    0xFF, 0xFF, 0xFF, 0xFF, 0xFF, 0xFF, 0xFF, 0xFF, 0xFF, 0xFF, 0xFF, 0xFF, 0xFF, 0xFF, 0xFF, 0xFF,
    0xFF, 0xFF, 0xFF, 0xFF, 0xFF, 0xFF, 0xFF, 0xFF, 0xFF, 0xFF, 0xFF, 0xFC, 0xFF, 0xC0, 0x00, 0x02,
    0x05, 0x00, 0x8C, 0xFE, 0xFB, 0xFF, 0xFF, 0xFF, 0xFF, 0xFF, 0xFF, 0xFF, 0xFF, 0xFF, 0xFF, 0xFF,
    0xFF, 0xFF, 0xFF, 0xFF, 0xFF, 0xFF, 0xFF, 0xFF, 0xFF, 0xFF, 0xFF, 0xFF, 0xFF, 0xFF, 0xFF, 0xFF,
    0xFF, 0xFF, 0xFF, 0xFB, 0xFF, 0xAB, 0x00, 0x03, 0x04, 0x00, 0x51, 0xFF, 0xFC, 0xFF, 0xFF, 0xFF,
    0xFF, 0xFF, 0xFF, 0xFF, 0xFF, 0xFF, 0xFF, 0xFF, 0xFF, 0xFF, 0xFF, 0xFF, 0xFF, 0xFF, 0xFF, 0xFF,
    0xFF, 0xFF, 0xFF, 0xFF, 0xFF, 0xFF, 0xFF, 0xFF, 0xFF, 0xFF, 0xFF, 0xFB, 0xFF, 0x71, 0x00, 0x05,
    0x01, 0x00, 0x10, 0xEC, 0xFD, 0xFD, 0xFF, 0xFF, 0xFF, 0xFF, 0xFF, 0xFF, 0xFF, 0xFF, 0xFF, 0xFF,
    0xFF, 0xFF, 0xFF, 0xFF, 0xFF, 0xFF, 0xFF, 0xFF, 0xFF, 0xFF, 0xFF, 0xFF, 0xFF, 0xFF, 0xFF, 0xFF,
    0xFF, 0xFF, 0xFE, 0xFD, 0xFC, 0x23, 0x00, 0x02, 0x00, 0x03, 0x00, 0x75, 0xFF, 0xF9, 0xFF, 0xFF,
    0xFF, 0xFF, 0xFF, 0xFF, 0xFF, 0xFF, 0xFF, 0xFF, 0xFF, 0xFF, 0xFF, 0xFF, 0xFF, 0xFF, 0xFF, 0xFF,
    0xFF, 0xFF, 0xFF, 0xFF, 0xFF, 0xFF, 0xFF, 0xFF, 0xFF, 0xFF, 0xF9, 0xFF, 0x93, 0x00, 0x03, 0x00,
    0x00, 0x01, 0x02, 0x03, 0xBA, 0xFF, 0xFA, 0xFD, 0xFF, 0xFF, 0xFF, 0xFF, 0xFF, 0xFF, 0xFF, 0xFF,
    0xFF, 0xFF, 0xFF, 0xFF, 0xFF, 0xFF, 0xFF, 0xFF, 0xFF, 0xFF, 0xFF, 0xFF, 0xFF, 0xFF, 0xFF, 0xFF,
    0xFE, 0xFA, 0xFF, 0xD0, 0x0A, 0x02, 0x01, 0x00, 0x00, 0x00, 0x01, 0x01, 0x0B, 0xB5, 0xFF, 0xFF,
    0xFD, 0xFB, 0xFB, 0xFB, 0xFB, 0xFB, 0xFB, 0xFB, 0xFB, 0xFB, 0xFB, 0xFB, 0xFB, 0xFB, 0xFB, 0xFB,
    0xFB, 0xFC, 0xFE, 0xFE, 0xFE, 0xFE, 0xFC, 0xFB, 0xFF, 0xFF, 0xC4, 0x19, 0x00, 0x02, 0x00, 0x00,
    0x00, 0x00, 0x00, 0x01, 0x00, 0x00, 0x6E, 0xDC, 0xFF, 0xFF, 0xFF, 0xFF, 0xFF, 0xFF, 0xFF, 0xFF,
    0xFF, 0xFF, 0xFF, 0xFF, 0xFF, 0xFF, 0xFF, 0xFF, 0xFF, 0xFF, 0xFF, 0xFF, 0xFF, 0xFF, 0xFF, 0xFF,
    0xE9, 0x7B, 0x04, 0x00, 0x02, 0x00, 0x00, 0x00, 0x00, 0x00, 0x00, 0x00, 0x01, 0x01, 0x00, 0x09,
    0x43, 0x6F, 0x7F, 0x7F, 0x80, 0x80, 0x7F, 0x80, 0x7F, 0x80, 0x7F, 0x80, 0x80, 0x7F, 0x80, 0x80,
    0x88, 0xC3, 0xED, 0xFE, 0xFE, 0xEC, 0xC2, 0x73, 0x16, 0x00, 0x00, 0x01, 0x00, 0x00, 0x00, 0x00,
    0x00, 0x00, 0x00, 0x00, 0x00, 0x00, 0x03, 0x00, 0x00, 0x00, 0x00, 0x00, 0x00, 0x00, 0x00, 0x00,
    0x00, 0x00, 0x00, 0x00, 0x00, 0x00, 0x00, 0x00, 0x00, 0x00, 0x12, 0x28, 0x2B, 0x12, 0x00, 0x00,
    0x00, 0x03, 0x01, 0x00, 0x00, 0x00, 0x00, 0x00, 0x00, 0x00, 0x00, 0x00, 0x00, 0x00, 0x00, 0x01,
    0x03, 0x04, 0x04, 0x05, 0x03, 0x00, 0x00, 0x04, 0x04, 0x04, 0x04, 0x04, 0x00, 0x00, 0x04, 0x04,
    0x04, 0x01, 0x00, 0x00, 0x00, 0x00, 0x01, 0x04, 0x01, 0x00, 0x00, 0x00, 0x00, 0x00, 0x00, 0x00,
    0x00, 0x00, 0x00, 0x00, 0x00, 0x00, 0x00, 0x00, 0x00, 0x00, 0x02, 0x00, 0x92, 0xA3, 0x32, 0x01,
    0x02, 0x04, 0x00, 0x5E, 0xB6, 0x4E, 0x01, 0x01, 0x02, 0x01, 0x2C, 0xC5, 0x6F, 0x0C, 0x01, 0x01,
    0x00, 0x00, 0x00, 0x00, 0x00, 0x00, 0x00, 0x00, 0x00, 0x00, 0x00, 0x00, 0x00, 0x00, 0x00, 0x00,
    0x00, 0x01, 0x00, 0x0E, 0xEC, 0xFF, 0x6F, 0x00, 0x04, 0x02, 0x00, 0xBB, 0xFF, 0xB0, 0x00, 0x03,
    0x04, 0x00, 0x7D, 0xFF, 0xEA, 0x09, 0x01, 0x01, 0x00, 0x00, 0x00, 0x00, 0x00, 0x00, 0x00, 0x00,
    0x00, 0x00, 0x00, 0x00, 0x00, 0x00, 0x00, 0x00, 0x00, 0x04, 0x01, 0x4F, 0xFF, 0xEF, 0x18, 0x00,
    0x03, 0x00, 0x22, 0xF8, 0xFD, 0x45, 0x00, 0x04, 0x01, 0x02, 0xD2, 0xFC, 0x81, 0x00, 0x04, 0x00,
    0x00, 0x00, 0x00, 0x00, 0x00, 0x00, 0x00, 0x00, 0x00, 0x00, 0x00, 0x00, 0x00, 0x00, 0x00, 0x00,
    0x00, 0x03, 0x00, 0xA1, 0xFE, 0xB5, 0x00, 0x02, 0x04, 0x00, 0x6F, 0xFF, 0xE1, 0x08, 0x00, 0x03,
    0x00, 0x33, 0xFD, 0xFE, 0x32, 0x00, 0x03, 0x00, 0x00, 0x00, 0x00, 0x00, 0x00, 0x00, 0x00, 0x00,
    0x00, 0x00, 0x00, 0x00, 0x00, 0x00, 0x00, 0x00, 0x01, 0x00, 0x0D, 0xE7, 0xFF, 0x64, 0x01, 0x04,
    0x01, 0x00, 0xC7, 0xFE, 0x94, 0x00, 0x04, 0x04, 0x00, 0x8C, 0xFF, 0xCE, 0x02, 0x01, 0x01, 0x00,
    0x00, 0x00, 0x00, 0x00, 0x00, 0x00, 0x00, 0x00, 0x00, 0x00, 0x00, 0x00, 0x00, 0x00, 0x00, 0x00,
    0x04, 0x01, 0x57, 0xFF, 0xF2, 0x1A, 0x00, 0x04, 0x00, 0x29, 0xFB, 0xFF, 0x3C, 0x00, 0x04, 0x01,
    0x04, 0xD9, 0xFF, 0x78, 0x00, 0x04, 0x00, 0x00, 0x00, 0x00, 0x00, 0x00, 0x00, 0x00, 0x00, 0x00,
    0x00, 0x00, 0x00, 0x00, 0x00, 0x00, 0x00, 0x00, 0x03, 0x00, 0xAB, 0xFE, 0xAC, 0x00, 0x03, 0x04,
    0x00, 0x7D, 0xFF, 0xD9, 0x05, 0x01, 0x04, 0x00, 0x41, 0xFF, 0xFB, 0x2A, 0x00, 0x02, 0x00, 0x00,
    0x00, 0x00, 0x00, 0x00, 0x00, 0x00, 0x00, 0x00, 0x00, 0x00, 0x00, 0x00, 0x00, 0x00, 0x00, 0x01,
    0x00, 0x14, 0xEE, 0xFF, 0x59, 0x01, 0x04, 0x01, 0x02, 0xD1, 0xFF, 0x85, 0x00, 0x04, 0x04, 0x00,
    0x98, 0xFE, 0xC1, 0x00, 0x02, 0x00, 0x00, 0x00, 0x00, 0x00, 0x00, 0x00, 0x00, 0x00, 0x00, 0x00,
    0x00, 0x00, 0x00, 0x00, 0x00, 0x00, 0x00, 0x04, 0x00, 0x56, 0xFF, 0xEE, 0x14, 0x00, 0x04, 0x00,
    0x30, 0xFC, 0xFE, 0x32, 0x00, 0x03, 0x00, 0x07, 0xDF, 0xFF, 0x6E, 0x00, 0x04, 0x00, 0x00, 0x00,
    0x00, 0x00, 0x00, 0x00, 0x00, 0x00, 0x00, 0x00, 0x00, 0x00, 0x00, 0x00, 0x00, 0x00, 0x00, 0x03,
    0x00, 0xBB, 0xFF, 0xAB, 0x00, 0x03, 0x04, 0x00, 0x9C, 0xFF, 0xCE, 0x02, 0x01, 0x04, 0x00, 0x5C,
    0xFF, 0xF6, 0x21, 0x00, 0x02, 0x00, 0x00, 0x00, 0x00, 0x00, 0x00, 0x00, 0x00, 0x00, 0x00, 0x00,
    0x00, 0x00, 0x00, 0x00, 0x00, 0x00, 0x00, 0x01, 0x05, 0x92, 0xED, 0x5B, 0x01, 0x04, 0x01, 0x01,
    0x7C, 0xE7, 0x79, 0x00, 0x04, 0x03, 0x01, 0x52, 0xD9, 0xB6, 0x00, 0x02, 0x00, 0x00, 0x00, 0x00,
    0x00, 0x00, 0x00, 0x00, 0x00, 0x00, 0x00, 0x00, 0x00, 0x00, 0x00, 0x00, 0x00, 0x00, 0x00, 0x00,
    0x00, 0x00, 0x15, 0x0A, 0x00, 0x00, 0x00, 0x01, 0x00, 0x11, 0x0F, 0x00, 0x01, 0x00, 0x00, 0x00,
    0x06, 0x16, 0x01, 0x01, 0x00, 0x00, 0x00, 0x00, 0x00, 0x00, 0x00, 0x00, 0x00, 0x00, 0x00, 0x00,
    0x00, 0x00, 0x00, 0x00, 0x00, 0x00, 0x00, 0x00, 0x00, 0x03, 0x00, 0x00, 0x00, 0x00, 0x00, 0x00,
    0x03, 0x00, 0x00, 0x00, 0x00, 0x00, 0x00, 0x02, 0x00, 0x00, 0x00, 0x00, 0x00, 0x00, 0x00, 0x00,
    0x00, 0x00, 0x00, 0x00, 0x00, 0x00, 0x00, 0x00, 0x00, 0x00, 0x00, 0x00, 0x00, 0x00, 0x00, 0x00,
    0x00, 0x00, 0x01, 0x01, 0x00, 0x00, 0x00, 0x00, 0x00, 0x01, 0x01, 0x00, 0x00, 0x00, 0x00, 0x00,
    0x01, 0x01, 0x00, 0x00, 0x00, 0x00, 0x00, 0x00, 0x00, 0x00, 0x00, 0x00, 0x00, 0x00, 0x00, 0x00
};

#define ICON_WX_SNOW_W 40
#define ICON_WX_SNOW_H 40
static const uint8_t icon_wx_snow_data[4800] = {
    0x00, 0x00, 0x00, 0x00, 0x00, 0x00, 0x00, 0x00, 0x00, 0x00, 0x00, 0x00, 0x00, 0x00, 0x00, 0x00,
    0x00, 0x00, 0x00, 0x00, 0x00, 0x00, 0x00, 0x00, 0x00, 0x00, 0x00, 0x00, 0x00, 0x00, 0x00, 0x00,
    0x00, 0x00, 0x00, 0x00, 0x00, 0x00, 0x00, 0x00, 0x00, 0x00, 0x00, 0x00, 0x00, 0x00, 0x00, 0x00,
    0x00, 0x00, 0x00, 0x00, 0x00, 0x00, 0x00, 0x00, 0x00, 0x00, 0x00, 0x00, 0x00, 0x00, 0x00, 0x00,
    0x00, 0x00, 0x00, 0x00, 0x00, 0x00, 0x00, 0x00, 0x00, 0x00, 0x00, 0x00, 0x00, 0x00, 0x00, 0x00,
    0x00, 0x00, 0x00, 0x00, 0x00, 0x00, 0x00, 0x00, 0x00, 0x00, 0x00, 0x00, 0x00, 0x00, 0x00, 0x00,
    0x00, 0x00, 0x00, 0x00, 0x00, 0x00, 0x00, 0x00, 0x00, 0x00, 0x00, 0x00, 0x00, 0x00, 0x00, 0x00,
    0x00, 0x00, 0x00, 0x00, 0x00, 0x00, 0x00, 0x00, 0x00, 0x00, 0x00, 0x00, 0x00, 0x00, 0x00, 0x00,
    0x00, 0x00, 0x00, 0x00, 0x00, 0x00, 0x00, 0x00, 0x00, 0x00, 0x00, 0x00, 0x00, 0x00, 0x00, 0x00,
    0x00, 0x00, 0x00, 0x00, 0x00, 0x00, 0x00, 0x00, 0x00, 0x00, 0x00, 0x00, 0x00, 0x00, 0x00, 0x00,
    0x00, 0x00, 0x00, 0x00, 0x00, 0x00, 0x00, 0x00, 0x00, 0x00, 0x00, 0x00, 0x00, 0x00, 0x00, 0x00,
    0x00, 0x00, 0x00, 0x00, 0x00, 0x00, 0x00, 0x00, 0x00, 0x00, 0x00, 0x00, 0x00, 0x00, 0x00, 0x00,
    0x00, 0x00, 0x00, 0x00, 0x00, 0x00, 0x00, 0x00, 0x00, 0x00, 0x00, 0x00, 0x00, 0x00, 0x00, 0x00,
    0x00, 0x00, 0x00, 0x00, 0x00, 0x00, 0x00, 0x00, 0x00, 0x00, 0x00, 0x00, 0x00, 0x00, 0x00, 0x00,
    0x00, 0x00, 0x00, 0x00, 0x00, 0x00, 0x00, 0x00, 0x00, 0x00, 0x00, 0x00, 0x00, 0x00, 0x00, 0x00,
    0x00, 0x00, 0x00, 0x00, 0x00, 0x00, 0x00, 0x00, 0x00, 0x00, 0x00, 0x00, 0x00, 0x00, 0x00, 0x00,
    0x00, 0x00, 0x00, 0x00, 0x00, 0x00, 0x00, 0x00, 0x00, 0x00, 0x00, 0x00, 0x00, 0x00, 0x00, 0x00,
    0x00, 0x00, 0x00, 0x00, 0x00, 0x00, 0x00, 0x00, 0x00, 0x00, 0x00, 0x00, 0x00, 0x00, 0x00, 0x00,
    0x00, 0x00, 0x00, 0x00, 0x00, 0x00, 0x00, 0x00, 0x00, 0x00, 0x00, 0x00, 0x00, 0x00, 0x00, 0x00,
    0x00, 0x00, 0x00, 0x00, 0x00, 0x00, 0x00, 0x00, 0x00, 0x00, 0x00, 0x00, 0x00, 0x00, 0x00, 0x00,
    0x00, 0x00, 0x00, 0x00, 0x00, 0x00, 0x00, 0x00, 0x00, 0x00, 0x00, 0x00, 0x00, 0x00, 0x00, 0x00,
    0x00, 0x00, 0x00, 0x00, 0x00, 0x00, 0x00, 0x00, 0x00, 0x00, 0x00, 0x00, 0x00, 0x00, 0x00, 0x00,
    0x00, 0x00, 0x00, 0x00, 0x00, 0x00, 0x00, 0x00, 0x00, 0x00, 0x00, 0x00, 0x00, 0x00, 0x00, 0x00,
    0x00, 0x00, 0x00, 0x00, 0x00, 0x00, 0x00, 0x00, 0x00, 0x00, 0x00, 0x00, 0x00, 0x00, 0x00, 0x00,
    0x00, 0x00, 0x00, 0x00, 0x00, 0x00, 0x00, 0x00, 0x00, 0x00, 0x00, 0x00, 0x00, 0x00, 0x00, 0x00,
    0x00, 0x00, 0x00, 0x00, 0x00, 0x00, 0x00, 0x00, 0x00, 0x00, 0x00, 0x00, 0x00, 0x00, 0x00, 0x00,
    0x00, 0x00, 0x00, 0x00, 0x00, 0x00, 0x00, 0x00, 0x00, 0x00, 0x00, 0x00, 0x00, 0x00, 0x00, 0x00,
    0x00, 0x00, 0x00, 0x00, 0x00, 0x00, 0x00, 0x00, 0x00, 0x00, 0x00, 0x00, 0x00, 0x00, 0x00, 0x00,
    0x00, 0x00, 0x00, 0x00, 0x00, 0x00, 0x00, 0x00, 0x00, 0x00, 0x00, 0x00, 0x00, 0x00, 0x00, 0x00,
    0x00, 0x00, 0x00, 0x00, 0x00, 0x00, 0x00, 0x00, 0x00, 0x00, 0x00, 0x00, 0x00, 0x00, 0x00, 0x00,
    0x00, 0x00, 0x00, 0x00, 0x00, 0x00, 0x00, 0x00, 0x00, 0x00, 0x00, 0x00, 0x00, 0x00, 0x00, 0x00,
    0x00, 0x00, 0x00, 0x00, 0x00, 0x00, 0x00, 0x00, 0x00, 0x00, 0x00, 0x00, 0x00, 0x00, 0x00, 0x00,
    0x00, 0x00, 0x00, 0x00, 0x00, 0x00, 0x00, 0x00, 0x00, 0x00, 0x00, 0x00, 0x00, 0x00, 0x00, 0x00,
    0x00, 0x00, 0x00, 0x00, 0x00, 0x00, 0x00, 0x00, 0x00, 0x00, 0x00, 0x00, 0x00, 0x00, 0x00, 0x00,
    0x00, 0x00, 0x00, 0x00, 0x00, 0x00, 0x00, 0x00, 0x00, 0x00, 0x00, 0x00, 0x00, 0x00, 0x00, 0x00,
    0x00, 0x00, 0x00, 0x00, 0x00, 0x00, 0x00, 0x00, 0x00, 0x00, 0x00, 0x00, 0x00, 0x00, 0x00, 0x00,
    0x00, 0x00, 0x00, 0x00, 0x00, 0x00, 0x00, 0x00, 0x00, 0x00, 0xFF, 0xAF, 0xFF, 0xFF, 0xFF, 0xFF,
    0xFF, 0xFF, 0x00, 0x00, 0x00, 0x00, 0x00, 0x00, 0x00, 0x00, 0x00, 0x00, 0xFF, 0xFF, 0xFF, 0xFF,
    0xFF, 0xFF, 0xFF, 0xFF, 0xFF, 0xFF, 0x00, 0x00, 0x00, 0x00, 0x00, 0x00, 0x00, 0x00, 0x00, 0x00,
    0x00, 0x00, 0x00, 0x00, 0x00, 0x00, 0x00, 0x00, 0x00, 0x00, 0x00, 0x00, 0x00, 0x00, 0x00, 0x00,
    0x00, 0x00, 0x00, 0x00, 0x00, 0x00, 0x00, 0x00, 0x00, 0x00, 0x00, 0x00, 0x00, 0x00, 0x00, 0x00,
    0x00, 0x00, 0x00, 0x00, 0x00, 0x00, 0x00, 0x00, 0xFF, 0xFF, 0x00, 0x00, 0x00, 0x00, 0x00, 0x00,
    0x00, 0x00, 0x00, 0x00, 0x00, 0x00, 0x00, 0x00, 0x00, 0x00, 0x00, 0x00, 0x00, 0x00, 0x00, 0x00,
    0x00, 0x00, 0x00, 0x00, 0x00, 0x00, 0xFF, 0xFF, 0x00, 0x00, 0x00, 0x00, 0x00, 0x00, 0x00, 0x00,
    0x00, 0x00, 0x00, 0x00, 0x00, 0x00, 0x00, 0x00, 0x00, 0x00, 0x00, 0x00, 0x00, 0x00, 0x00, 0x00,
    0x00, 0x00, 0x00, 0x00, 0x00, 0x00, 0x00, 0x00, 0x00, 0x00, 0x00, 0x00, 0x00, 0x00, 0x00, 0x00,
    0x00, 0x00, 0x00, 0x00, 0x00, 0x00, 0xFF, 0xFF, 0x00, 0x00, 0x7F, 0xDF, 0x9F, 0xE7, 0x9F, 0xE7,
    0x9F, 0xE7, 0x1F, 0xE7, 0xFF, 0xFF, 0x1F, 0x00, 0xFF, 0xFF, 0xFF, 0xFF, 0x9F, 0xE7, 0xBF, 0xE7,
    0x7F, 0xE7, 0xBF, 0xE7, 0x7F, 0xDF, 0x00, 0x00, 0xFF, 0xFF, 0x00, 0x00, 0x00, 0x00, 0x00, 0x00,
    0x00, 0x00, 0x00, 0x00, 0x00, 0x00, 0x00, 0x00, 0x00, 0x00, 0x00, 0x00, 0x00, 0x00, 0x00, 0x00,
    0x00, 0x00, 0x00, 0x00, 0x00, 0x00, 0x00, 0x00, 0x00, 0x00, 0x00, 0x00, 0x00, 0x00, 0x00, 0x00,
    0x00, 0x00, 0x00, 0x00, 0xFF, 0xFF, 0xFF, 0xFF, 0x9F, 0xE7, 0xBF, 0xE7, 0xFF, 0xF7, 0xFF, 0xF7,
    0x9F, 0xE7, 0x00, 0x00, 0x00, 0x00, 0x00, 0x00, 0xFF, 0xFF, 0x00, 0x00, 0xFF, 0xBF, 0x9F, 0xE7,
    0xFF, 0xEF, 0xFF, 0xFF, 0x9F, 0xE7, 0xFF, 0xFF, 0xFF, 0xFF, 0x00, 0x00, 0x00, 0x00, 0x00, 0x00,
    0x00, 0x00, 0x00, 0x00, 0x00, 0x00, 0x00, 0x00, 0x00, 0x00, 0x00, 0x00, 0x00, 0x00, 0x00, 0x00,
    0x00, 0x00, 0x00, 0x00, 0x00, 0x00, 0x00, 0x00, 0x00, 0x00, 0x00, 0x00, 0x00, 0x00, 0x00, 0x00,
    0x00, 0x00, 0x00, 0x00, 0xFF, 0xFF, 0x00, 0x00, 0x9F, 0xE7, 0xFF, 0xFF, 0xBF, 0xEF, 0xDF, 0xEF,
    0x7F, 0xE7, 0x9F, 0xE7, 0x7F, 0xDF, 0x00, 0x00, 0x00, 0x00, 0x9F, 0xEF, 0x7F, 0xDF, 0x9F, 0xE7,
    0xFF, 0xF7, 0xDF, 0xEF, 0xFF, 0xFF, 0x9F, 0xE7, 0x00, 0x00, 0xFF, 0xFF, 0x00, 0x00, 0x00, 0x00,
    0x00, 0x00, 0x00, 0x00, 0x00, 0x00, 0x00, 0x00, 0x00, 0x00, 0x00, 0x00, 0x00, 0x00, 0x00, 0x00,
    0x00, 0x00, 0x00, 0x00, 0x00, 0x00, 0x00, 0x00, 0x00, 0x00, 0x00, 0x00, 0x00, 0x00, 0x00, 0x00,
    0x00, 0x00, 0x00, 0x00, 0xFF, 0xFF, 0x00, 0x00, 0x9F, 0xE7, 0xFF, 0xF7, 0x9F, 0xE7, 0xFF, 0xF7,
    0x9F, 0xE7, 0xDF, 0xEF, 0x9F, 0xE7, 0x00, 0x00, 0x00, 0x00, 0x9F, 0xE7, 0xDF, 0xEF, 0x9F, 0xE7,
    0xFF, 0xF7, 0x7F, 0xE7, 0xFF, 0xF7, 0x9F, 0xEF, 0x00, 0x00, 0xFF, 0xFF, 0x00, 0x00, 0x00, 0x00,
    0x00, 0x00, 0x00, 0x00, 0x00, 0x00, 0x00, 0x00, 0x00, 0x00, 0x00, 0x00, 0x00, 0x00, 0x00, 0x00,
    0x00, 0x00, 0x00, 0x00, 0x00, 0x00, 0x00, 0x00, 0x00, 0x00, 0x00, 0x00, 0x00, 0x00, 0x00, 0x00,
    0x00, 0x00, 0x00, 0x00, 0x00, 0x00, 0xFF, 0xFF, 0x00, 0x00, 0x00, 0x00, 0x9F, 0xE7, 0xBF, 0xEF,
    0xFF, 0xF7, 0xBF, 0xE7, 0x9F, 0xE7, 0xFF, 0xFF, 0x00, 0x00, 0x9F, 0xE7, 0xBF, 0xEF, 0xFF, 0xF7,
    0x9F, 0xE7, 0x9F, 0xE7, 0x00, 0x00, 0x00, 0x00, 0x00, 0x00, 0x00, 0x00, 0x00, 0x00, 0x00, 0x00,
    0x00, 0x00, 0x00, 0x00, 0x00, 0x00, 0x00, 0x00, 0x00, 0x00, 0x00, 0x00, 0x00, 0x00, 0x00, 0x00,
    0x00, 0x00, 0x00, 0x00, 0x00, 0x00, 0x00, 0x00, 0x00, 0x00, 0x00, 0x00, 0x00, 0x00, 0x00, 0x00,
    0x00, 0x00, 0x00, 0x00, 0x00, 0x00, 0xFF, 0xFF, 0xFF, 0xFF, 0x9F, 0xE7, 0x9F, 0xE7, 0xBF, 0xE7,
    0xDF, 0xEF, 0x9F, 0xE7, 0xFF, 0xFF, 0xFF, 0xFF, 0xFF, 0x7F, 0xFF, 0xFF, 0x9F, 0xE7, 0xDF, 0xEF,
    0xBF, 0xE7, 0x9F, 0xE7, 0x9F, 0xE7, 0xFF, 0xFF, 0xFF, 0xFF, 0x00, 0x00, 0x00, 0x00, 0x00, 0x00,
    0x00, 0x00, 0x00, 0x00, 0x00, 0x00, 0x00, 0x00, 0x00, 0x00, 0x00, 0x00, 0x00, 0x00, 0x00, 0x00,
    0x00, 0x00, 0x00, 0x00, 0x00, 0x00, 0x00, 0x00, 0x00, 0x00, 0x00, 0x00, 0x00, 0x00, 0x00, 0x00,
    0xFF, 0xFF, 0xFF, 0xFF, 0x00, 0x00, 0xFF, 0xFF, 0xFF, 0xFF, 0xFF, 0x7B, 0x7F, 0xDF, 0xFF, 0xF7,
    0x9F, 0xE7, 0xFF, 0xFF, 0x7F, 0xE7, 0x00, 0x00, 0x00, 0x00, 0x9F, 0xE7, 0xFF, 0xFF, 0x9F, 0xE7,
    0xDF, 0xE7, 0x9F, 0xE7, 0xFF, 0xFF, 0xFF, 0xBD, 0xFF, 0xFF, 0x00, 0x00, 0xFF, 0xBD, 0xFF, 0xFF,
    0x00, 0x00, 0x00, 0x00, 0x00, 0x00, 0x00, 0x00, 0x00, 0x00, 0x00, 0x00, 0x00, 0x00, 0x00, 0x00,
    0x00, 0x00, 0x00, 0x00, 0x00, 0x00, 0x00, 0x00, 0x00, 0x00, 0x00, 0x00, 0x00, 0x00, 0x00, 0x00,
    0x00, 0x00, 0x00, 0x00, 0xFF, 0xFF, 0x00, 0x00, 0x00, 0x00, 0xFF, 0xFF, 0x00, 0x00, 0x00, 0x00,
    0x9F, 0xE7, 0xDF, 0xEF, 0xBF, 0xEF, 0xBF, 0xDF, 0x9F, 0xE7, 0xBF, 0xEF, 0xDF, 0xEF, 0x9F, 0xE7,
    0x00, 0x00, 0x00, 0x00, 0x00, 0x00, 0x00, 0x00, 0x00, 0x00, 0xFF, 0xFF, 0x00, 0x00, 0x00, 0x00,
    0x00, 0x00, 0x00, 0x00, 0x00, 0x00, 0x00, 0x00, 0x00, 0x00, 0x00, 0x00, 0x00, 0x00, 0x00, 0x00,
    0x00, 0x00, 0x00, 0x00, 0x00, 0x00, 0x00, 0x00, 0x00, 0x00, 0x00, 0x00, 0xFF, 0xFF, 0x00, 0x00,
    0x9F, 0xE7, 0x9F, 0xE7, 0x00, 0x00, 0x7F, 0xE7, 0xBF, 0xE7, 0x00, 0x00, 0x00, 0x00, 0x00, 0x00,
    0x00, 0x00, 0x9F, 0xE7, 0xFF, 0xFF, 0x9F, 0xE7, 0x9F, 0xE7, 0xFF, 0xFF, 0x7F, 0xE7, 0x00, 0x00,
    0xFF, 0xFF, 0xFF, 0xFF, 0xFF, 0xFF, 0xBF, 0xEF, 0x9F, 0xE7, 0xFF, 0xFF, 0xBF, 0xEF, 0xBF, 0xDF,
    0x00, 0x00, 0xFF, 0xFF, 0x00, 0x00, 0x00, 0x00, 0x00, 0x00, 0x00, 0x00, 0x00, 0x00, 0x00, 0x00,
    0x00, 0x00, 0x00, 0x00, 0x00, 0x00, 0x00, 0x00, 0x00, 0x00, 0x00, 0x00, 0xFF, 0xFF, 0xFF, 0xFF,
    0x9F, 0xE7, 0xFF, 0xFF, 0x9F, 0xE7, 0x9F, 0xE7, 0xFF, 0xFF, 0x9F, 0xE7, 0x7F, 0xDF, 0x9F, 0xE7,
    0x9F, 0xE7, 0x9F, 0xEF, 0xBF, 0xE7, 0xBF, 0xEF, 0xDF, 0xEF, 0xBF, 0xE7, 0xBF, 0xEF, 0xFF, 0xFF,
    0xFF, 0xFF, 0x00, 0x00, 0x9F, 0xE7, 0xFF, 0xFF, 0x7F, 0xE7, 0x9F, 0xE7, 0xFF, 0xFF, 0x9F, 0xE7,
    0x00, 0x00, 0xFF, 0xFF, 0x00, 0x00, 0x00, 0x00, 0x00, 0x00, 0x00, 0x00, 0x00, 0x00, 0x00, 0x00,
    0x00, 0x00, 0x00, 0x00, 0x00, 0x00, 0x00, 0x00, 0x00, 0x00, 0xFF, 0xFF, 0x00, 0x00, 0x7F, 0xDF,
    0x9F, 0xE7, 0xBF, 0xEF, 0x9F, 0xE7, 0x9F, 0xE7, 0x9F, 0xE7, 0x9F, 0xE7, 0x9F, 0xE7, 0x9F, 0xE7,
    0x9F, 0xE7, 0x9F, 0xE7, 0x9F, 0xE7, 0x9F, 0xE7, 0xBF, 0xE7, 0x9F, 0xE7, 0x9F, 0xE7, 0x9F, 0xE7,
    0x9F, 0xE7, 0x9F, 0xE7, 0x9F, 0xE7, 0x9F, 0xE7, 0x9F, 0xE7, 0x9F, 0xE7, 0x9F, 0xE7, 0x9F, 0xE7,
    0x7F, 0xE7, 0x00, 0x00, 0xFF, 0xFF, 0x00, 0x00, 0x00, 0x00, 0x00, 0x00, 0x00, 0x00, 0x00, 0x00,
    0x00, 0x00, 0x00, 0x00, 0x00, 0x00, 0x00, 0x00, 0x00, 0x00, 0xFF, 0xFF, 0x00, 0x00, 0x7F, 0xDF,
    0x9F, 0xE7, 0xBF, 0xE7, 0xBF, 0xE7, 0x9F, 0xE7, 0x9F, 0xE7, 0xBF, 0xE7, 0x9F, 0xE7, 0x9F, 0xE7,
    0x9F, 0xE7, 0x9F, 0xE7, 0x9F, 0xE7, 0x9F, 0xE7, 0x9F, 0xE7, 0x9F, 0xE7, 0xDF, 0xEF, 0xDF, 0xEF,
    0xDF, 0xEF, 0xDF, 0xEF, 0xDF, 0xEF, 0x9F, 0xE7, 0xBF, 0xE7, 0xDF, 0xEF, 0x9F, 0xE7, 0xBF, 0xE7,
    0x9F, 0xE7, 0x00, 0x00, 0xFF, 0xFF, 0x00, 0x00, 0x00, 0x00, 0x00, 0x00, 0x00, 0x00, 0x00, 0x00,
    0x00, 0x00, 0x00, 0x00, 0x00, 0x00, 0x00, 0x00, 0x00, 0x00, 0x00, 0x00, 0xFF, 0xAF, 0xFF, 0xFF,
    0x9F, 0xE7, 0xFF, 0xFF, 0x9F, 0xE7, 0x7F, 0xE7, 0xFF, 0xFF, 0x9F, 0xE7, 0x7F, 0xDF, 0x9F, 0xE7,
    0x9F, 0xE7, 0x9F, 0xE7, 0x9F, 0xE7, 0xFF, 0xEF, 0xBF, 0xEF, 0xBF, 0xEF, 0xBF, 0xE7, 0x9F, 0xE7,
    0x9F, 0xE7, 0x9F, 0xE7, 0x9F, 0xE7, 0xFF, 0xFF, 0x9F, 0xE7, 0x9F, 0xE7, 0xFF, 0xFF, 0x9F, 0xE7,
    0xBF, 0xD6, 0xFF, 0xFF, 0x00, 0x00, 0x00, 0x00, 0x00, 0x00, 0x00, 0x00, 0x00, 0x00, 0x00, 0x00,
    0x00, 0x00, 0x00, 0x00, 0x00, 0x00, 0x00, 0x00, 0x00, 0x00, 0x00, 0x00, 0xFF, 0xFF, 0x00, 0x00,
    0x9F, 0xE7, 0xBF, 0xEF, 0x7F, 0xCE, 0x9F, 0xE7, 0xBF, 0xEF, 0x1F, 0xE7, 0x00, 0x00, 0xFF, 0xFF,
    0x00, 0x00, 0x7F, 0xE7, 0xFF, 0xFF, 0x9F, 0xE7, 0x9F, 0xE7, 0xFF, 0xFF, 0x9F, 0xE7, 0x00, 0x00,
    0x00, 0x00, 0x00, 0x00, 0x00, 0x00, 0xBF, 0xE7, 0x7F, 0xE7, 0x00, 0x00, 0xBF, 0xE7, 0xBF, 0xE7,
    0x00, 0x00, 0xFF, 0xFF, 0x00, 0x00, 0x00, 0x00, 0x00, 0x00, 0x00, 0x00, 0x00, 0x00, 0x00, 0x00,
    0x00, 0x00, 0x00, 0x00, 0x00, 0x00, 0x00, 0x00, 0x00, 0x00, 0x00, 0x00, 0x00, 0x00, 0x00, 0x00,
    0x00, 0x00, 0x00, 0x00, 0xFF, 0xFF, 0x00, 0x00, 0x00, 0x00, 0x00, 0x00, 0x00, 0x00, 0x00, 0x00,
    0xBF, 0xDF, 0xBF, 0xEF, 0xFF, 0xF7, 0x9F, 0xE7, 0x5F, 0xD7, 0xBF, 0xEF, 0xFF, 0xF7, 0xBF, 0xE7,
    0x00, 0x00, 0xFF, 0xFF, 0xFF, 0xFF, 0x00, 0x00, 0x00, 0x00, 0xFF, 0xFF, 0x00, 0x00, 0x00, 0x00,
    0x00, 0x00, 0x00, 0x00, 0x00, 0x00, 0x00, 0x00, 0x00, 0x00, 0x00, 0x00, 0x00, 0x00, 0x00, 0x00,
    0x00, 0x00, 0x00, 0x00, 0x00, 0x00, 0x00, 0x00, 0x00, 0x00, 0x00, 0x00, 0x00, 0x00, 0x00, 0x00,
    0xFF, 0xFF, 0xFF, 0xBD, 0x00, 0x00, 0xFF, 0xFF, 0xFF, 0xBD, 0xFF, 0xFF, 0xBF, 0xE7, 0xDF, 0xE7,
    0x9F, 0xE7, 0xFF, 0xFF, 0x9F, 0xE7, 0x00, 0x00, 0x00, 0x00, 0x7F, 0xE7, 0xFF, 0xFF, 0x9F, 0xE7,
    0xFF, 0xEF, 0x7F, 0xDF, 0xFF, 0x7B, 0xFF, 0xFF, 0xFF, 0xFF, 0x00, 0x00, 0xFF, 0xFF, 0xFF, 0xFF,
    0x00, 0x00, 0x00, 0x00, 0x00, 0x00, 0x00, 0x00, 0x00, 0x00, 0x00, 0x00, 0x00, 0x00, 0x00, 0x00,
    0x00, 0x00, 0x00, 0x00, 0x00, 0x00, 0x00, 0x00, 0x00, 0x00, 0x00, 0x00, 0x00, 0x00, 0x00, 0x00,
    0x00, 0x00, 0x00, 0x00, 0x00, 0x00, 0xFF, 0xFF, 0xFF, 0xFF, 0x9F, 0xE7, 0x9F, 0xE7, 0xBF, 0xEF,
    0xBF, 0xEF, 0xBF, 0xEF, 0x9F, 0xE7, 0x00, 0x00, 0x5F, 0xAD, 0xFF, 0xFF, 0x9F, 0xE7, 0xDF, 0xEF,
    0x9F, 0xE7, 0x9F, 0xE7, 0x9F, 0xE7, 0xFF, 0xFF, 0xFF, 0xFF, 0x00, 0x00, 0x00, 0x00, 0x00, 0x00,
    0x00, 0x00, 0x00, 0x00, 0x00, 0x00, 0x00, 0x00, 0x00, 0x00, 0x00, 0x00, 0x00, 0x00, 0x00, 0x00,
    0x00, 0x00, 0x00, 0x00, 0x00, 0x00, 0x00, 0x00, 0x00, 0x00, 0x00, 0x00, 0x00, 0x00, 0x00, 0x00,
    0x00, 0x00, 0x00, 0x00, 0x00, 0x00, 0x00, 0x00, 0x00, 0x00, 0x00, 0x00, 0x9F, 0xE7, 0x9F, 0xE7,
    0xFF, 0xEF, 0xBF, 0xE7, 0xBF, 0xE7, 0x00, 0x00, 0xFF, 0xFF, 0x9F, 0xF7, 0xBF, 0xE7, 0xFF, 0xF7,
    0xBF, 0xEF, 0x9F, 0xE7, 0x00, 0x00, 0x00, 0x00, 0xFF, 0xFF, 0x00, 0x00, 0x00, 0x00, 0x00, 0x00,
    0x00, 0x00, 0x00, 0x00, 0x00, 0x00, 0x00, 0x00, 0x00, 0x00, 0x00, 0x00, 0x00, 0x00, 0x00, 0x00,
    0x00, 0x00, 0x00, 0x00, 0x00, 0x00, 0x00, 0x00, 0x00, 0x00, 0x00, 0x00, 0x00, 0x00, 0x00, 0x00,
    0x00, 0x00, 0x00, 0x00, 0xFF, 0xFF, 0x00, 0x00, 0x9F, 0xE7, 0xFF, 0xF7, 0x9F, 0xE7, 0xDF, 0xEF,
    0x9F, 0xE7, 0xDF, 0xEF, 0x9F, 0xE7, 0x00, 0x00, 0x00, 0x00, 0x9F, 0xE7, 0xDF, 0xEF, 0x9F, 0xE7,
    0xFF, 0xF7, 0x9F, 0xE7, 0xFF, 0xF7, 0x9F, 0xE7, 0x00, 0x00, 0xFF, 0xFF, 0x00, 0x00, 0x00, 0x00,
    0x00, 0x00, 0x00, 0x00, 0x00, 0x00, 0x00, 0x00, 0x00, 0x00, 0x00, 0x00, 0x00, 0x00, 0x00, 0x00,
    0x00, 0x00, 0x00, 0x00, 0x00, 0x00, 0x00, 0x00, 0x00, 0x00, 0x00, 0x00, 0x00, 0x00, 0x00, 0x00,
    0x00, 0x00, 0x00, 0x00, 0xFF, 0xFF, 0x00, 0x00, 0x9F, 0xE7, 0xFF, 0xF7, 0xDF, 0xEF, 0xFF, 0xF7,
    0x9F, 0xE7, 0x7F, 0xE7, 0x9F, 0xEF, 0x00, 0x00, 0x00, 0x00, 0x7F, 0xDF, 0x9F, 0xE7, 0x9F, 0xE7,
    0xDF, 0xEF, 0xBF, 0xEF, 0xFF, 0xFF, 0x9F, 0xE7, 0x00, 0x00, 0xFF, 0xFF, 0x00, 0x00, 0x00, 0x00,
    0x00, 0x00, 0x00, 0x00, 0x00, 0x00, 0x00, 0x00, 0x00, 0x00, 0x00, 0x00, 0x00, 0x00, 0x00, 0x00,
    0x00, 0x00, 0x00, 0x00, 0x00, 0x00, 0x00, 0x00, 0x00, 0x00, 0x00, 0x00, 0x00, 0x00, 0x00, 0x00,
    0x00, 0x00, 0x00, 0x00, 0x00, 0x00, 0xFF, 0xBF, 0xFF, 0xFF, 0x9F, 0xE7, 0xFF, 0xFF, 0xFF, 0xF7,
    0x9F, 0xE7, 0xFF, 0xFF, 0x00, 0x00, 0xFF, 0xFF, 0x00, 0x00, 0x00, 0x00, 0x00, 0x00, 0x9F, 0xE7,
    0xFF, 0xF7, 0xFF, 0xF7, 0xBF, 0xE7, 0x9F, 0xE7, 0xFF, 0xFF, 0xFF, 0xFF, 0x00, 0x00, 0x00, 0x00,
    0x00, 0x00, 0x00, 0x00, 0x00, 0x00, 0x00, 0x00, 0x00, 0x00, 0x00, 0x00, 0x00, 0x00, 0x00, 0x00,
    0x00, 0x00, 0x00, 0x00, 0x00, 0x00, 0x00, 0x00, 0x00, 0x00, 0x00, 0x00, 0x00, 0x00, 0x00, 0x00,
    0x00, 0x00, 0x00, 0x00, 0x00, 0x00, 0xFF, 0xFF, 0x00, 0x00, 0x9F, 0xE7, 0xBF, 0xEF, 0x7F, 0xE7,
    0x9F, 0xE7, 0x9F, 0xE7, 0xFF, 0xFF, 0xFF, 0xFF, 0x1F, 0x00, 0xFF, 0xFF, 0x1F, 0xE7, 0x9F, 0xE7,
    0x9F, 0xE7, 0x9F, 0xE7, 0x9F, 0xE7, 0x00, 0x00, 0xFF, 0xFF, 0x00, 0x00, 0x00, 0x00, 0x00, 0x00,
    0x00, 0x00, 0x00, 0x00, 0x00, 0x00, 0x00, 0x00, 0x00, 0x00, 0x00, 0x00, 0x00, 0x00, 0x00, 0x00,
    0x00, 0x00, 0x00, 0x00, 0x00, 0x00, 0x00, 0x00, 0x00, 0x00, 0x00, 0x00, 0x00, 0x00, 0x00, 0x00,
    0x00, 0x00, 0x00, 0x00, 0x00, 0x00, 0x00, 0x00, 0xFF, 0xFF, 0x00, 0x00, 0x00, 0x00, 0x00, 0x00,
    0x00, 0x00, 0x00, 0x00, 0x00, 0x00, 0x00, 0x00, 0x00, 0x00, 0x00, 0x00, 0x00, 0x00, 0x00, 0x00,
    0x00, 0x00, 0x00, 0x00, 0x00, 0x00, 0xFF, 0xFF, 0x00, 0x00, 0x00, 0x00, 0x00, 0x00, 0x00, 0x00,
    0x00, 0x00, 0x00, 0x00, 0x00, 0x00, 0x00, 0x00, 0x00, 0x00, 0x00, 0x00, 0x00, 0x00, 0x00, 0x00,
    0x00, 0x00, 0x00, 0x00, 0x00, 0x00, 0x00, 0x00, 0x00, 0x00, 0x00, 0x00, 0x00, 0x00, 0x00, 0x00,
    0x00, 0x00, 0x00, 0x00, 0x00, 0x00, 0x00, 0x00, 0x00, 0x00, 0xFF, 0xFF, 0xFF, 0xFF, 0xFF, 0xFF,
    0xFF, 0xFF, 0xFF, 0xFF, 0x00, 0x00, 0x00, 0x00, 0x00, 0x00, 0x00, 0x00, 0x00, 0x00, 0xFF, 0xFF,
    0xFF, 0xFF, 0xFF, 0xFF, 0xFF, 0xAF, 0x00, 0x00, 0x00, 0x00, 0x00, 0x00, 0x00, 0x00, 0x00, 0x00,
    0x00, 0x00, 0x00, 0x00, 0x00, 0x00, 0x00, 0x00, 0x00, 0x00, 0x00, 0x00, 0x00, 0x00, 0x00, 0x00,
    0x00, 0x00, 0x00, 0x00, 0x00, 0x00, 0x00, 0x00, 0x00, 0x00, 0x00, 0x00, 0x00, 0x00, 0x00, 0x00,
    0x00, 0x00, 0x00, 0x00, 0x00, 0x00, 0x00, 0x00, 0x00, 0x00, 0x00, 0x00, 0x00, 0x00, 0x00, 0x00,
    0x00, 0x00, 0x00, 0x00, 0x00, 0x00, 0x00, 0x00, 0x00, 0x00, 0x00, 0x00, 0x00, 0x00, 0x00, 0x00,
    0x00, 0x00, 0x00, 0x00, 0x00, 0x00, 0x00, 0x00, 0x00, 0x00, 0x00, 0x00, 0x00, 0x00, 0x00, 0x00,
    0x00, 0x00, 0x00, 0x00, 0x00, 0x00, 0x00, 0x00, 0x00, 0x00, 0x00, 0x00, 0x00, 0x00, 0x00, 0x00,
    0x00, 0x00, 0x00, 0x00, 0x00, 0x00, 0x00, 0x00, 0x00, 0x00, 0x00, 0x00, 0x00, 0x00, 0x00, 0x00,
    0x00, 0x00, 0x00, 0x00, 0x00, 0x00, 0x00, 0x00, 0x00, 0x00, 0x00, 0x00, 0x00, 0x00, 0x00, 0x00,
    0x00, 0x00, 0x00, 0x00, 0x00, 0x00, 0x00, 0x00, 0x00, 0x00, 0x00, 0x00, 0x00, 0x00, 0x00, 0x00,
    0x00, 0x00, 0x00, 0x00, 0x00, 0x00, 0x00, 0x00, 0x00, 0x00, 0x00, 0x00, 0x00, 0x00, 0x00, 0x00,
    0x00, 0x00, 0x00, 0x00, 0x00, 0x00, 0x00, 0x00, 0x00, 0x00, 0x00, 0x00, 0x00, 0x00, 0x00, 0x00,
    0x00, 0x00, 0x00, 0x00, 0x00, 0x00, 0x00, 0x00, 0x00, 0x00, 0x00, 0x00, 0x00, 0x00, 0x00, 0x00,
    0x00, 0x00, 0x00, 0x00, 0x00, 0x00, 0x00, 0x00, 0x00, 0x00, 0x00, 0x00, 0x00, 0x00, 0x00, 0x00,
    0x00, 0x00, 0x00, 0x00, 0x00, 0x00, 0x00, 0x00, 0x00, 0x00, 0x00, 0x00, 0x00, 0x00, 0x00, 0x00,
    0x00, 0x00, 0x00, 0x00, 0x00, 0x00, 0x00, 0x00, 0x00, 0x00, 0x00, 0x00, 0x00, 0x00, 0x00, 0x00,
    0x00, 0x00, 0x00, 0x00, 0x00, 0x00, 0x00, 0x00, 0x00, 0x00, 0x00, 0x00, 0x00, 0x00, 0x00, 0x00,
    0x00, 0x00, 0x00, 0x00, 0x00, 0x00, 0x00, 0x00, 0x00, 0x00, 0x00, 0x00, 0x00, 0x00, 0x00, 0x00,
    0x00, 0x00, 0x00, 0x00, 0x00, 0x00, 0x00, 0x00, 0x00, 0x00, 0x00, 0x00, 0x00, 0x00, 0x00, 0x00,
    0x00, 0x00, 0x00, 0x00, 0x00, 0x00, 0x00, 0x00, 0x00, 0x00, 0x00, 0x00, 0x00, 0x00, 0x00, 0x00,
    0x00, 0x00, 0x00, 0x00, 0x00, 0x00, 0x00, 0x00, 0x00, 0x00, 0x00, 0x00, 0x00, 0x00, 0x00, 0x00,
    0x00, 0x00, 0x00, 0x00, 0x00, 0x00, 0x00, 0x00, 0x00, 0x00, 0x00, 0x00, 0x00, 0x00, 0x00, 0x00,
    0x00, 0x00, 0x00, 0x00, 0x00, 0x00, 0x00, 0x00, 0x00, 0x00, 0x00, 0x00, 0x00, 0x00, 0x00, 0x00,
    0x00, 0x00, 0x00, 0x00, 0x00, 0x00, 0x00, 0x00, 0x00, 0x00, 0x00, 0x00, 0x00, 0x00, 0x00, 0x00,
    0x00, 0x00, 0x00, 0x00, 0x00, 0x00, 0x00, 0x00, 0x00, 0x00, 0x00, 0x00, 0x00, 0x00, 0x00, 0x00,
    0x00, 0x00, 0x00, 0x00, 0x00, 0x00, 0x00, 0x00, 0x00, 0x00, 0x00, 0x00, 0x00, 0x00, 0x00, 0x00,
    0x00, 0x00, 0x00, 0x00, 0x00, 0x00, 0x00, 0x00, 0x00, 0x00, 0x00, 0x00, 0x00, 0x00, 0x00, 0x00,
    0x00, 0x00, 0x00, 0x00, 0x00, 0x00, 0x00, 0x00, 0x00, 0x00, 0x00, 0x00, 0x00, 0x00, 0x00, 0x00,
    0x00, 0x00, 0x00, 0x00, 0x00, 0x00, 0x00, 0x00, 0x00, 0x00, 0x00, 0x00, 0x00, 0x00, 0x00, 0x00,
    0x00, 0x00, 0x00, 0x00, 0x00, 0x00, 0x00, 0x00, 0x00, 0x00, 0x00, 0x00, 0x00, 0x00, 0x00, 0x00,
    0x00, 0x00, 0x00, 0x00, 0x00, 0x00, 0x00, 0x00, 0x00, 0x00, 0x00, 0x00, 0x00, 0x00, 0x00, 0x00,
    0x00, 0x00, 0x00, 0x00, 0x00, 0x00, 0x00, 0x00, 0x00, 0x00, 0x00, 0x00, 0x00, 0x00, 0x00, 0x00,
    0x00, 0x00, 0x00, 0x00, 0x00, 0x00, 0x00, 0x00, 0x00, 0x00, 0x00, 0x00, 0x00, 0x00, 0x00, 0x00,
    0x00, 0x00, 0x00, 0x00, 0x00, 0x00, 0x00, 0x00, 0x00, 0x00, 0x00, 0x00, 0x00, 0x00, 0x00, 0x00,
    0x00, 0x00, 0x00, 0x00, 0x00, 0x00, 0x00, 0x00, 0x00, 0x00, 0x00, 0x00, 0x00, 0x00, 0x00, 0x00,
    0x00, 0x00, 0x00, 0x00, 0x00, 0x00, 0x00, 0x00, 0x00, 0x00, 0x00, 0x00, 0x00, 0x00, 0x00, 0x00,
    0x00, 0x00, 0x00, 0x00, 0x00, 0x00, 0x00, 0x00, 0x00, 0x00, 0x00, 0x00, 0x00, 0x00, 0x00, 0x00,
    0x00, 0x00, 0x00, 0x00, 0x00, 0x00, 0x00, 0x00, 0x00, 0x00, 0x00, 0x00, 0x00, 0x00, 0x00, 0x00,
    0x00, 0x00, 0x00, 0x00, 0x00, 0x00, 0x00, 0x00, 0x00, 0x00, 0x00, 0x00, 0x00, 0x00, 0x00, 0x00,
    0x00, 0x00, 0x00, 0x00, 0x00, 0x00, 0x00, 0x00, 0x00, 0x00, 0x00, 0x00, 0x00, 0x00, 0x00, 0x00,
    0x00, 0x00, 0x00, 0x00, 0x00, 0x00, 0x00, 0x00, 0x00, 0x00, 0x00, 0x00, 0x00, 0x00, 0x00, 0x00,
    0x00, 0x00, 0x00, 0x00, 0x00, 0x00, 0x00, 0x00, 0x00, 0x00, 0x00, 0x00, 0x00, 0x00, 0x00, 0x00,
    0x00, 0x00, 0x00, 0x00, 0x00, 0x00, 0x00, 0x00, 0x00, 0x00, 0x00, 0x00, 0x00, 0x00, 0x00, 0x00,
    0x00, 0x00, 0x00, 0x00, 0x00, 0x00, 0x00, 0x00, 0x00, 0x00, 0x00, 0x00, 0x00, 0x00, 0x00, 0x00,
    0x00, 0x00, 0x00, 0x00, 0x00, 0x00, 0x00, 0x00, 0x00, 0x00, 0x00, 0x00, 0x00, 0x00, 0x00, 0x00,
    0x00, 0x00, 0x00, 0x00, 0x00, 0x00, 0x00, 0x00, 0x00, 0x00, 0x00, 0x00, 0x00, 0x00, 0x00, 0x00,
    0x00, 0x00, 0x00, 0x00, 0x00, 0x00, 0x00, 0x00, 0x00, 0x00, 0x00, 0x00, 0x00, 0x00, 0x00, 0x00,
    0x00, 0x00, 0x00, 0x00, 0x00, 0x00, 0x00, 0x00, 0x00, 0x00, 0x00, 0x00, 0x00, 0x00, 0x00, 0x00,
    0x00, 0x00, 0x00, 0x00, 0x00, 0x00, 0x00, 0x00, 0x00, 0x00, 0x00, 0x00, 0x00, 0x00, 0x00, 0x00,
    0x00, 0x00, 0x00, 0x00, 0x00, 0x00, 0x00, 0x00, 0x00, 0x00, 0x00, 0x00, 0x00, 0x00, 0x00, 0x00,
    0x00, 0x00, 0x00, 0x00, 0x00, 0x00, 0x00, 0x00, 0x00, 0x00, 0x00, 0x00, 0x00, 0x00, 0x00, 0x00,
    0x00, 0x00, 0x00, 0x00, 0x00, 0x00, 0x00, 0x00, 0x00, 0x00, 0x00, 0x00, 0x00, 0x00, 0x00, 0x00,
    0x00, 0x00, 0x00, 0x00, 0x00, 0x00, 0x00, 0x00, 0x00, 0x00, 0x00, 0x00, 0x00, 0x00, 0x00, 0x00,
    0x00, 0x00, 0x00, 0x00, 0x00, 0x00, 0x00, 0x00, 0x00, 0x00, 0x00, 0x00, 0x00, 0x00, 0x00, 0x00,
    0x00, 0x00, 0x00, 0x00, 0x00, 0x00, 0x00, 0x00, 0x00, 0x00, 0x00, 0x00, 0x00, 0x00, 0x00, 0x00,
    0x00, 0x00, 0x00, 0x00, 0x00, 0x03, 0x01, 0x01, 0x02, 0x00, 0x00, 0x00, 0x00, 0x00, 0x01, 0x02,
    0x01, 0x03, 0x02, 0x00, 0x00, 0x00, 0x00, 0x00, 0x00, 0x00, 0x00, 0x00, 0x00, 0x00, 0x00, 0x00,
    0x00, 0x00, 0x00, 0x00, 0x00, 0x00, 0x00, 0x00, 0x00, 0x00, 0x00, 0x00, 0x01, 0x00, 0x00, 0x00,
    0x00, 0x00, 0x00, 0x00, 0x00, 0x00, 0x00, 0x00, 0x00, 0x00, 0x00, 0x01, 0x00, 0x00, 0x00, 0x00,
    0x00, 0x00, 0x00, 0x00, 0x00, 0x00, 0x00, 0x00, 0x00, 0x00, 0x00, 0x00, 0x00, 0x00, 0x00, 0x00,
    0x00, 0x00, 0x00, 0x01, 0x00, 0x48, 0xB0, 0x84, 0x9E, 0x09, 0x02, 0x01, 0x01, 0x02, 0x12, 0xAA,
    0x75, 0x99, 0x31, 0x00, 0x01, 0x00, 0x00, 0x00, 0x00, 0x00, 0x00, 0x00, 0x00, 0x00, 0x00, 0x00,
    0x00, 0x00, 0x00, 0x00, 0x00, 0x00, 0x00, 0x00, 0x00, 0x00, 0x01, 0x02, 0x13, 0xCD, 0xFF, 0xFF,
    0xBC, 0x00, 0x00, 0x00, 0x01, 0x00, 0x04, 0xD8, 0xFF, 0xFF, 0xA6, 0x06, 0x03, 0x00, 0x00, 0x00,
    0x00, 0x00, 0x00, 0x00, 0x00, 0x00, 0x00, 0x00, 0x00, 0x00, 0x00, 0x00, 0x00, 0x00, 0x00, 0x00,
    0x00, 0x00, 0x04, 0x00, 0x87, 0xFF, 0xFF, 0xFE, 0x40, 0x34, 0x0F, 0x00, 0x00, 0x17, 0x2E, 0x4C,
    0xFE, 0xFF, 0xFF, 0x80, 0x00, 0x04, 0x00, 0x00, 0x00, 0x00, 0x00, 0x00, 0x00, 0x00, 0x00, 0x00,
    0x00, 0x00, 0x00, 0x00, 0x00, 0x00, 0x00, 0x00, 0x00, 0x00, 0x02, 0x00, 0x33, 0x60, 0x96, 0xFE,
    0xD1, 0xFF, 0x6A, 0x00, 0x00, 0x8E, 0xF5, 0xC5, 0xFE, 0x98, 0x82, 0x43, 0x00, 0x02, 0x00, 0x00,
    0x00, 0x00, 0x00, 0x00, 0x00, 0x00, 0x00, 0x00, 0x00, 0x00, 0x00, 0x00, 0x00, 0x00, 0x00, 0x00,
    0x00, 0x00, 0x00, 0x01, 0x00, 0x00, 0x88, 0xFF, 0xFF, 0xD8, 0x11, 0x01, 0x00, 0x22, 0xEA, 0xFF,
    0xF6, 0x5E, 0x00, 0x00, 0x00, 0x00, 0x00, 0x00, 0x00, 0x00, 0x00, 0x00, 0x00, 0x00, 0x00, 0x00,
    0x00, 0x00, 0x00, 0x00, 0x00, 0x00, 0x00, 0x00, 0x00, 0x00, 0x00, 0x01, 0x02, 0x15, 0xED, 0xF1,
    0xFF, 0xD4, 0x07, 0x02, 0x02, 0x05, 0xDA, 0xFF, 0xFF, 0xFD, 0x16, 0x02, 0x01, 0x00, 0x00, 0x00,
    0x00, 0x00, 0x00, 0x00, 0x00, 0x00, 0x00, 0x00, 0x00, 0x00, 0x00, 0x00, 0x00, 0x00, 0x00, 0x00,
    0x01, 0x03, 0x00, 0x01, 0x03, 0x02, 0x0F, 0x16, 0xCA, 0xFF, 0x7E, 0x00, 0x00, 0x79, 0xFF, 0xC0,
    0x29, 0x24, 0x03, 0x04, 0x01, 0x00, 0x04, 0x01, 0x00, 0x00, 0x00, 0x00, 0x00, 0x00, 0x00, 0x00,
    0x00, 0x00, 0x00, 0x00, 0x00, 0x00, 0x00, 0x00, 0x00, 0x00, 0x02, 0x00, 0x00, 0x01, 0x00, 0x00,
    0x3E, 0xFE, 0xF2, 0x18, 0x12, 0xF0, 0xFD, 0x34, 0x00, 0x00, 0x00, 0x00, 0x00, 0x01, 0x00, 0x00,
    0x00, 0x00, 0x00, 0x00, 0x00, 0x00, 0x00, 0x00, 0x00, 0x00, 0x00, 0x00, 0x00, 0x00, 0x01, 0x00,
    0x22, 0x79, 0x00, 0x21, 0x78, 0x00, 0x00, 0x00, 0x00, 0xA1, 0xFF, 0x9A, 0x92, 0xFF, 0x9D, 0x00,
    0x05, 0x01, 0x08, 0x79, 0x15, 0x04, 0x79, 0x18, 0x00, 0x01, 0x00, 0x00, 0x00, 0x00, 0x00, 0x00,
    0x00, 0x00, 0x00, 0x00, 0x00, 0x00, 0x03, 0x01, 0x6C, 0xFF, 0x48, 0x60, 0xFF, 0x57, 0x10, 0x15,
    0x11, 0x2D, 0xF2, 0xFF, 0xFF, 0xEC, 0x1B, 0x01, 0x05, 0x00, 0x71, 0xFF, 0x30, 0x64, 0xFF, 0x3E,
    0x00, 0x03, 0x00, 0x00, 0x00, 0x00, 0x00, 0x00, 0x00, 0x00, 0x00, 0x00, 0x00, 0x01, 0x00, 0x10,
    0xE0, 0xFC, 0xFC, 0xEE, 0xFC, 0xFE, 0xF2, 0xF2, 0xF2, 0xEF, 0xFD, 0xFE, 0xFE, 0xF3, 0xD6, 0xD9,
    0xD8, 0xD8, 0xFB, 0xFA, 0xD5, 0xFA, 0xF9, 0xD6, 0x21, 0x00, 0x02, 0x00, 0x00, 0x00, 0x00, 0x00,
    0x00, 0x00, 0x00, 0x00, 0x00, 0x01, 0x00, 0x10, 0xDE, 0xFB, 0xFF, 0xEE, 0xFC, 0xFF, 0xF2, 0xF2,
    0xF3, 0xF2, 0xF6, 0xFE, 0xFD, 0xFF, 0xFF, 0xFF, 0xFF, 0xFF, 0xFF, 0xFC, 0xFF, 0xFF, 0xFC, 0xFF,
    0x28, 0x00, 0x02, 0x00, 0x00, 0x00, 0x00, 0x00, 0x00, 0x00, 0x00, 0x00, 0x00, 0x00, 0x03, 0x01,
    0x4B, 0xFF, 0x6F, 0x3E, 0xFF, 0x7B, 0x10, 0x14, 0x12, 0x16, 0xDA, 0xFF, 0xFF, 0xFA, 0x4C, 0x26,
    0x2A, 0x25, 0x65, 0xFF, 0x70, 0x57, 0xFF, 0x7C, 0x06, 0x03, 0x00, 0x00, 0x00, 0x00, 0x00, 0x00,
    0x00, 0x00, 0x00, 0x00, 0x00, 0x00, 0x01, 0x00, 0x14, 0x79, 0x05, 0x11, 0x79, 0x09, 0x00, 0x02,
    0x00, 0x6B, 0xFF, 0xC6, 0xA0, 0xFF, 0xA6, 0x00, 0x00, 0x00, 0x00, 0x78, 0x1D, 0x00, 0x79, 0x1E,
    0x00, 0x01, 0x00, 0x00, 0x00, 0x00, 0x00, 0x00, 0x00, 0x00, 0x00, 0x00, 0x00, 0x00, 0x00, 0x00,
    0x00, 0x00, 0x01, 0x00, 0x00, 0x00, 0x00, 0x00, 0x18, 0xED, 0xFF, 0x44, 0x0D, 0xF2, 0xFF, 0x49,
    0x00, 0x01, 0x01, 0x00, 0x00, 0x02, 0x00, 0x00, 0x00, 0x00, 0x00, 0x00, 0x00, 0x00, 0x00, 0x00,
    0x00, 0x00, 0x00, 0x00, 0x00, 0x00, 0x00, 0x00, 0x01, 0x04, 0x00, 0x01, 0x04, 0x03, 0x24, 0x27,
    0x9F, 0xFF, 0xB4, 0x00, 0x00, 0x76, 0xFF, 0xD1, 0x18, 0x0F, 0x02, 0x03, 0x01, 0x00, 0x03, 0x01,
    0x00, 0x00, 0x00, 0x00, 0x00, 0x00, 0x00, 0x00, 0x00, 0x00, 0x00, 0x00, 0x00, 0x00, 0x00, 0x00,
    0x00, 0x00, 0x00, 0x01, 0x02, 0x16, 0xFF, 0xFF, 0xFF, 0xF1, 0x25, 0x00, 0x03, 0x04, 0xD1, 0xFF,
    0xF2, 0xED, 0x15, 0x02, 0x01, 0x00, 0x00, 0x00, 0x00, 0x00, 0x00, 0x00, 0x00, 0x00, 0x00, 0x00,
    0x00, 0x00, 0x00, 0x00, 0x00, 0x00, 0x00, 0x00, 0x00, 0x00, 0x00, 0x00, 0x00, 0x00, 0x51, 0xE7,
    0xFF, 0xF1, 0x1F, 0x00, 0x01, 0x11, 0xD8, 0xFF, 0xFF, 0x8B, 0x00, 0x00, 0x01, 0x00, 0x00, 0x00,
    0x00, 0x00, 0x00, 0x00, 0x00, 0x00, 0x00, 0x00, 0x00, 0x00, 0x00, 0x00, 0x00, 0x00, 0x00, 0x00,
    0x00, 0x00, 0x02, 0x00, 0x43, 0x82, 0x85, 0xFB, 0xE5, 0xF8, 0x8C, 0x00, 0x00, 0x6A, 0xFF, 0xCE,
    0xFE, 0x97, 0x5F, 0x33, 0x00, 0x02, 0x00, 0x00, 0x00, 0x00, 0x00, 0x00, 0x00, 0x00, 0x00, 0x00,
    0x00, 0x00, 0x00, 0x00, 0x00, 0x00, 0x00, 0x00, 0x00, 0x00, 0x04, 0x00, 0x80, 0xFF, 0xFF, 0xFE,
    0x6F, 0x2E, 0x17, 0x00, 0x00, 0x0F, 0x34, 0x3E, 0xFE, 0xFF, 0xFF, 0x87, 0x00, 0x04, 0x00, 0x00,
    0x00, 0x00, 0x00, 0x00, 0x00, 0x00, 0x00, 0x00, 0x00, 0x00, 0x00, 0x00, 0x00, 0x00, 0x00, 0x00,
    0x00, 0x00, 0x00, 0x04, 0x06, 0x89, 0xFF, 0xFF, 0xD4, 0x03, 0x00, 0x01, 0x00, 0x00, 0x00, 0xBC,
    0xFF, 0xFF, 0xD1, 0x13, 0x02, 0x01, 0x00, 0x00, 0x00, 0x00, 0x00, 0x00, 0x00, 0x00, 0x00, 0x00,
    0x00, 0x00, 0x00, 0x00, 0x00, 0x00, 0x00, 0x00, 0x00, 0x00, 0x00, 0x01, 0x00, 0x28, 0xA8, 0x97,
    0xA7, 0x12, 0x02, 0x01, 0x01, 0x02, 0x09, 0x9E, 0x84, 0xB0, 0x47, 0x00, 0x01, 0x00, 0x00, 0x00,
    0x00, 0x00, 0x00, 0x00, 0x00, 0x00, 0x00, 0x00, 0x00, 0x00, 0x00, 0x00, 0x00, 0x00, 0x00, 0x00,
    0x00, 0x00, 0x00, 0x00, 0x01, 0x00, 0x00, 0x00, 0x00, 0x00, 0x00, 0x00, 0x00, 0x00, 0x00, 0x00,
    0x00, 0x00, 0x00, 0x01, 0x00, 0x00, 0x00, 0x00, 0x00, 0x00, 0x00, 0x00, 0x00, 0x00, 0x00, 0x00,
    0x00, 0x00, 0x00, 0x00, 0x00, 0x00, 0x00, 0x00, 0x00, 0x00, 0x00, 0x00, 0x00, 0x02, 0x02, 0x01,
    0x02, 0x01, 0x00, 0x00, 0x00, 0x00, 0x00, 0x02, 0x01, 0x01, 0x03, 0x00, 0x00, 0x00, 0x00, 0x00,
    0x00, 0x00, 0x00, 0x00, 0x00, 0x00, 0x00, 0x00, 0x00, 0x00, 0x00, 0x00, 0x00, 0x00, 0x00, 0x00,
    0x00, 0x00, 0x00, 0x00, 0x00, 0x00, 0x00, 0x00, 0x00, 0x00, 0x00, 0x00, 0x00, 0x00, 0x00, 0x00,
    0x00, 0x00, 0x00, 0x00, 0x00, 0x00, 0x00, 0x00, 0x00, 0x00, 0x00, 0x00, 0x00, 0x00, 0x00, 0x00,
    0x00, 0x00, 0x00, 0x00, 0x00, 0x00, 0x00, 0x00, 0x00, 0x00, 0x00, 0x00, 0x00, 0x00, 0x00, 0x00,
    0x00, 0x00, 0x00, 0x00, 0x00, 0x00, 0x00, 0x00, 0x00, 0x00, 0x00, 0x00, 0x00, 0x00, 0x00, 0x00,
    0x00, 0x00, 0x00, 0x00, 0x00, 0x00, 0x00, 0x00, 0x00, 0x00, 0x00, 0x00, 0x00, 0x00, 0x00, 0x00,
    0x00, 0x00, 0x00, 0x00, 0x00, 0x00, 0x00, 0x00, 0x00, 0x00, 0x00, 0x00, 0x00, 0x00, 0x00, 0x00,
    0x00, 0x00, 0x00, 0x00, 0x00, 0x00, 0x00, 0x00, 0x00, 0x00, 0x00, 0x00, 0x00, 0x00, 0x00, 0x00,
    0x00, 0x00, 0x00, 0x00, 0x00, 0x00, 0x00, 0x00, 0x00, 0x00, 0x00, 0x00, 0x00, 0x00, 0x00, 0x00,
    0x00, 0x00, 0x00, 0x00, 0x00, 0x00, 0x00, 0x00, 0x00, 0x00, 0x00, 0x00, 0x00, 0x00, 0x00, 0x00,
    0x00, 0x00, 0x00, 0x00, 0x00, 0x00, 0x00, 0x00, 0x00, 0x00, 0x00, 0x00, 0x00, 0x00, 0x00, 0x00,
    0x00, 0x00, 0x00, 0x00, 0x00, 0x00, 0x00, 0x00, 0x00, 0x00, 0x00, 0x00, 0x00, 0x00, 0x00, 0x00,
    0x00, 0x00, 0x00, 0x00, 0x00, 0x00, 0x00, 0x00, 0x00, 0x00, 0x00, 0x00, 0x00, 0x00, 0x00, 0x00,
    0x00, 0x00, 0x00, 0x00, 0x00, 0x00, 0x00, 0x00, 0x00, 0x00, 0x00, 0x00, 0x00, 0x00, 0x00, 0x00,
    0x00, 0x00, 0x00, 0x00, 0x00, 0x00, 0x00, 0x00, 0x00, 0x00, 0x00, 0x00, 0x00, 0x00, 0x00, 0x00,
    0x00, 0x00, 0x00, 0x00, 0x00, 0x00, 0x00, 0x00, 0x00, 0x00, 0x00, 0x00, 0x00, 0x00, 0x00, 0x00,
    0x00, 0x00, 0x00, 0x00, 0x00, 0x00, 0x00, 0x00, 0x00, 0x00, 0x00, 0x00, 0x00, 0x00, 0x00, 0x00,
    0x00, 0x00, 0x00, 0x00, 0x00, 0x00, 0x00, 0x00, 0x00, 0x00, 0x00, 0x00, 0x00, 0x00, 0x00, 0x00
};

#define ICON_WX_THUNDER_W 40
#define ICON_WX_THUNDER_H 40
static const uint8_t icon_wx_thunder_data[4800] = {
    0x00, 0x00, 0x00, 0x00, 0x00, 0x00, 0x00, 0x00, 0x00, 0x00, 0x00, 0x00, 0x00, 0x00, 0x00, 0x00,
    0x00, 0x00, 0x55, 0xAD, 0x00, 0x00, 0xD3, 0x94, 0xF5, 0x9C, 0xF4, 0x9C, 0xD4, 0x94, 0xD4, 0x94,
    0xD4, 0x94, 0xD4, 0x94, 0xD4, 0x94, 0xD4, 0x94, 0xD4, 0x94, 0x15, 0x9D, 0xD4, 0x94, 0x00, 0x00,
    0x55, 0xAD, 0x00, 0x00, 0x00, 0x00, 0x00, 0x00, 0x00, 0x00, 0x00, 0x00, 0x00, 0x00, 0x00, 0x00,
    0x00, 0x00, 0x00, 0x00, 0x00, 0x00, 0x00, 0x00, 0x00, 0x00, 0x00, 0x00, 0x00, 0x00, 0x00, 0x00,
    0x00, 0x00, 0x00, 0x00, 0x00, 0x00, 0x00, 0x00, 0x00, 0x00, 0x00, 0x00, 0x00, 0x00, 0x00, 0x00,
    0xEF, 0x7B, 0xFF, 0xFF, 0xB4, 0x94, 0xF5, 0x9C, 0xF5, 0x9C, 0xD4, 0x94, 0xD4, 0x94, 0xD4, 0x94,
    0xD4, 0x94, 0xD4, 0x94, 0xD4, 0x94, 0xD4, 0x94, 0xD4, 0x94, 0xD4, 0x94, 0x15, 0x9D, 0xD4, 0x94,
    0x00, 0x00, 0x55, 0xAD, 0x00, 0x00, 0xFF, 0xFF, 0xFF, 0xFF, 0x00, 0x00, 0x00, 0x00, 0x00, 0x00,
    0x00, 0x00, 0x00, 0x00, 0x00, 0x00, 0x00, 0x00, 0x00, 0x00, 0x00, 0x00, 0x00, 0x00, 0x00, 0x00,
    0x00, 0x00, 0x00, 0x00, 0x00, 0x00, 0x00, 0x00, 0x00, 0x00, 0x00, 0x00, 0x00, 0x00, 0x00, 0x00,
    0x55, 0xAD, 0x00, 0x00, 0xD4, 0x94, 0x36, 0xA5, 0xD4, 0x94, 0xD4, 0x94, 0xD4, 0x94, 0xD4, 0x94,
    0xD4, 0x94, 0xD4, 0x94, 0xD4, 0x94, 0xD4, 0x94, 0xD4, 0x94, 0xD4, 0x94, 0xF5, 0x9C, 0xD4, 0x94,
    0x94, 0x94, 0xF7, 0x7B, 0x00, 0x00, 0x00, 0x00, 0x00, 0x00, 0x00, 0x00, 0x55, 0xAD, 0x55, 0xAD,
    0x00, 0x00, 0x00, 0x00, 0x00, 0x00, 0x00, 0x00, 0x00, 0x00, 0x00, 0x00, 0x00, 0x00, 0x00, 0x00,
    0x00, 0x00, 0x00, 0x00, 0x00, 0x00, 0x00, 0x00, 0x00, 0x00, 0x00, 0x00, 0xFF, 0xFF, 0x96, 0x94,
    0x00, 0x00, 0xB4, 0x94, 0x15, 0x9D, 0xD4, 0x94, 0xD4, 0x94, 0xD4, 0x94, 0xD4, 0x94, 0xD4, 0x94,
    0xD4, 0x94, 0xD4, 0x94, 0xD4, 0x94, 0xD4, 0x94, 0xD4, 0x94, 0xD4, 0x94, 0xD4, 0x94, 0x36, 0xA5,
    0xD4, 0x94, 0x00, 0x00, 0xD3, 0x9C, 0x34, 0x95, 0xB4, 0x94, 0xFF, 0xFF, 0x00, 0x00, 0x00, 0x00,
    0x00, 0x00, 0x55, 0xAD, 0x00, 0x00, 0x00, 0x00, 0x00, 0x00, 0x00, 0x00, 0x00, 0x00, 0x00, 0x00,
    0x00, 0x00, 0x00, 0x00, 0x00, 0x00, 0x00, 0x00, 0x00, 0x00, 0xFF, 0x7B, 0x00, 0x00, 0x00, 0x00,
    0xD3, 0x9C, 0xD4, 0x94, 0x15, 0x9D, 0xD4, 0x94, 0xD4, 0x94, 0xD4, 0x94, 0xD4, 0x94, 0xD4, 0x94,
    0xD4, 0x94, 0xD4, 0x94, 0xD4, 0x94, 0xD4, 0x94, 0xD4, 0x94, 0xD4, 0x94, 0xD4, 0x94, 0xF5, 0x9C,
    0xD4, 0x94, 0xD4, 0x94, 0xF4, 0x94, 0xD4, 0x94, 0xD4, 0x94, 0xF5, 0x9C, 0xF5, 0x9C, 0xF5, 0x9C,
    0xD3, 0x64, 0x00, 0x00, 0x55, 0xAD, 0x00, 0x00, 0x00, 0x00, 0x00, 0x00, 0x00, 0x00, 0x00, 0x00,
    0x00, 0x00, 0x00, 0x00, 0x00, 0x00, 0x00, 0x00, 0x55, 0xAD, 0x00, 0x00, 0x92, 0x7C, 0xF5, 0x9C,
    0xF5, 0x9C, 0xF5, 0x9C, 0xD4, 0x94, 0xD4, 0x94, 0xD4, 0x94, 0xD4, 0x94, 0xD4, 0x94, 0xD4, 0x94,
    0xD4, 0x94, 0xD4, 0x94, 0xD4, 0x94, 0xD4, 0x94, 0xD4, 0x94, 0xD4, 0x94, 0xD4, 0x94, 0xD4, 0x94,
    0xF4, 0x9C, 0x35, 0x9D, 0xF5, 0x9C, 0xF5, 0x9C, 0xF5, 0x9C, 0xF5, 0x9C, 0x35, 0x9D, 0x35, 0x9D,
    0xF5, 0x9C, 0xD4, 0x94, 0x00, 0x00, 0x55, 0xAD, 0x00, 0x00, 0x00, 0x00, 0x00, 0x00, 0x00, 0x00,
    0x00, 0x00, 0x00, 0x00, 0x00, 0x00, 0x55, 0xAD, 0x00, 0x00, 0xB3, 0x94, 0xF5, 0x9C, 0x36, 0xA5,
    0xF5, 0x9C, 0xD4, 0x94, 0xD4, 0x94, 0xD4, 0x94, 0xD4, 0x94, 0xD4, 0x94, 0xD4, 0x94, 0xD4, 0x94,
    0xD4, 0x94, 0xD4, 0x94, 0xD4, 0x94, 0xD4, 0x94, 0xD4, 0x94, 0xD4, 0x94, 0xD4, 0x94, 0xD4, 0x94,
    0xD4, 0x94, 0xD4, 0x94, 0xD4, 0x94, 0xD4, 0x94, 0xD4, 0x94, 0xD4, 0x94, 0xD4, 0x94, 0xD4, 0x94,
    0x15, 0x9D, 0x15, 0x9D, 0xD4, 0x94, 0x00, 0x00, 0xEF, 0x7B, 0x00, 0x00, 0x00, 0x00, 0x00, 0x00,
    0x00, 0x00, 0x00, 0x00, 0xFF, 0x7B, 0x00, 0x00, 0xD4, 0x94, 0xF5, 0x9C, 0x15, 0x9D, 0xD4, 0x94,
    0xD4, 0x94, 0xD4, 0x94, 0xD4, 0x94, 0xD4, 0x94, 0xD4, 0x94, 0xD4, 0x94, 0xD4, 0x94, 0xD4, 0x94,
    0xD4, 0x94, 0xD4, 0x94, 0xD4, 0x94, 0xD4, 0x94, 0xD4, 0x94, 0xD4, 0x94, 0xD4, 0x94, 0xD4, 0x94,
    0xD4, 0x94, 0xD4, 0x94, 0xD4, 0x94, 0xD4, 0x94, 0xD4, 0x94, 0xD4, 0x94, 0xD4, 0x94, 0xD4, 0x94,
    0xD4, 0x94, 0xD4, 0x94, 0x36, 0xA5, 0xB4, 0x94, 0x00, 0x00, 0x55, 0xAD, 0x00, 0x00, 0x00, 0x00,
    0x00, 0x00, 0xEF, 0x7B, 0xEF, 0x7B, 0xD4, 0x9C, 0xF5, 0x9C, 0xF5, 0x9C, 0xD4, 0x94, 0xD4, 0x94,
    0xD4, 0x94, 0xD4, 0x94, 0xD4, 0x94, 0xD4, 0x94, 0xD4, 0x94, 0xD4, 0x94, 0xD4, 0x94, 0xD4, 0x94,
    0xD4, 0x94, 0xD4, 0x94, 0xD4, 0x94, 0xD4, 0x94, 0xD4, 0x94, 0xD4, 0x94, 0xD4, 0x94, 0xD4, 0x94,
    0xD4, 0x94, 0xD4, 0x94, 0xD4, 0x94, 0xD4, 0x94, 0xD4, 0x94, 0xD4, 0x94, 0xD4, 0x94, 0xD4, 0x94,
    0xD4, 0x94, 0xD4, 0x94, 0xF4, 0x9C, 0xF5, 0x9C, 0xD4, 0x94, 0xFF, 0xFF, 0xEF, 0x7B, 0x00, 0x00,
    0x00, 0x00, 0x55, 0xAD, 0x00, 0x00, 0xD4, 0x94, 0x36, 0xA5, 0xD4, 0x94, 0xD4, 0x94, 0xD4, 0x94,
    0xD4, 0x94, 0xD4, 0x94, 0xD4, 0x94, 0xD4, 0x94, 0xD4, 0x94, 0xD4, 0x94, 0xD4, 0x94, 0xD4, 0x94,
    0xD4, 0x94, 0xD4, 0x94, 0xD4, 0x94, 0xD4, 0x94, 0xD4, 0x94, 0xD4, 0x94, 0xD4, 0x94, 0xD4, 0x94,
    0xD4, 0x94, 0xD4, 0x94, 0xD4, 0x94, 0xD4, 0x94, 0xD4, 0x94, 0xD4, 0x94, 0xD4, 0x94, 0xD4, 0x94,
    0xD4, 0x94, 0xD4, 0x94, 0xD4, 0x94, 0x36, 0xA5, 0xD4, 0x94, 0x00, 0x00, 0x55, 0x55, 0x00, 0x00,
    0xEF, 0x7B, 0x00, 0x00, 0xD4, 0x9C, 0xD4, 0x94, 0xD4, 0x94, 0xD4, 0x94, 0xD4, 0x94, 0xD4, 0x94,
    0xD4, 0x94, 0xD4, 0x94, 0xD4, 0x94, 0xD4, 0x94, 0xD4, 0x94, 0xD4, 0x94, 0xD4, 0x94, 0xD4, 0x94,
    0xD4, 0x94, 0xD4, 0x94, 0xD4, 0x94, 0xD4, 0x94, 0xD4, 0x94, 0xD4, 0x94, 0xD4, 0x94, 0xD4, 0x94,
    0xD4, 0x94, 0xD4, 0x94, 0xD4, 0x94, 0xD4, 0x94, 0xD4, 0x94, 0xD4, 0x94, 0xD4, 0x94, 0xD4, 0x94,
    0xD4, 0x94, 0xD4, 0x94, 0xD4, 0x94, 0xD4, 0x94, 0xD4, 0x94, 0xD4, 0x94, 0x00, 0x00, 0xEF, 0x7B,
    0xF7, 0x7D, 0x00, 0x00, 0xD4, 0x94, 0x36, 0xA5, 0xD4, 0x94, 0xD4, 0x94, 0xD4, 0x94, 0xD4, 0x94,
    0xD4, 0x94, 0xD4, 0x94, 0xD4, 0x94, 0xD4, 0x94, 0xD4, 0x94, 0xD4, 0x94, 0xD4, 0x94, 0xD4, 0x94,
    0xD4, 0x94, 0xD4, 0x94, 0xD4, 0x94, 0xD4, 0x94, 0xD4, 0x94, 0xD4, 0x94, 0xD4, 0x94, 0xD4, 0x94,
    0xD4, 0x94, 0xD4, 0x94, 0xD4, 0x94, 0xD4, 0x94, 0xD4, 0x94, 0xD4, 0x94, 0xD4, 0x94, 0xD4, 0x94,
    0xD4, 0x94, 0xD4, 0x94, 0xD4, 0x94, 0xD4, 0x94, 0x36, 0xA5, 0xD4, 0x94, 0x00, 0x00, 0xF7, 0x7D,
    0xD3, 0x9C, 0x00, 0x00, 0xD4, 0x94, 0x36, 0xA5, 0xD4, 0x94, 0xD4, 0x94, 0xD4, 0x94, 0xD4, 0x94,
    0xD4, 0x94, 0xD4, 0x94, 0xD4, 0x94, 0xD4, 0x94, 0xD4, 0x94, 0xD4, 0x94, 0xD4, 0x94, 0xD4, 0x94,
    0xD4, 0x94, 0xD4, 0x94, 0xD4, 0x94, 0xD4, 0x94, 0xD4, 0x94, 0xD4, 0x94, 0xD4, 0x94, 0xD4, 0x94,
    0xD4, 0x94, 0xD4, 0x94, 0xD4, 0x94, 0xD4, 0x94, 0xD4, 0x94, 0xD4, 0x94, 0xD4, 0x94, 0xD4, 0x94,
    0xD4, 0x94, 0xD4, 0x94, 0xD4, 0x94, 0xD4, 0x94, 0x36, 0xA5, 0xD4, 0x94, 0x00, 0x00, 0xF7, 0x7B,
    0xF7, 0x7B, 0x00, 0x00, 0xD4, 0x94, 0x36, 0xA5, 0xD4, 0x94, 0xD4, 0x94, 0xD4, 0x94, 0xD4, 0x94,
    0xD4, 0x94, 0xD4, 0x94, 0xD4, 0x94, 0xD4, 0x94, 0xD4, 0x94, 0xD4, 0x94, 0xD4, 0x94, 0xD4, 0x94,
    0xD4, 0x94, 0xD4, 0x94, 0xD4, 0x94, 0xD4, 0x94, 0xD4, 0x94, 0xD4, 0x94, 0xD4, 0x94, 0xD4, 0x94,
    0xD4, 0x94, 0xD4, 0x94, 0xD4, 0x94, 0xD4, 0x94, 0xD4, 0x94, 0xD4, 0x94, 0xD4, 0x94, 0xD4, 0x94,
    0xD4, 0x94, 0xD4, 0x94, 0xD4, 0x94, 0xD4, 0x94, 0x15, 0x9D, 0xD4, 0x94, 0x00, 0x00, 0xFF, 0x7B,
    0xF7, 0x7B, 0x00, 0x00, 0xD4, 0x94, 0x36, 0xA5, 0xD4, 0x94, 0xD4, 0x94, 0xD4, 0x94, 0xD4, 0x94,
    0xD4, 0x94, 0xD4, 0x94, 0xD4, 0x94, 0xD4, 0x94, 0xD4, 0x94, 0xD4, 0x94, 0xD4, 0x94, 0xD4, 0x94,
    0xD4, 0x94, 0xD4, 0x94, 0xD4, 0x94, 0xD4, 0x94, 0xD4, 0x94, 0xD4, 0x94, 0xD4, 0x94, 0xD4, 0x94,
    0xD4, 0x94, 0xD4, 0x94, 0xD4, 0x94, 0xD4, 0x94, 0xD4, 0x94, 0xD4, 0x94, 0xD4, 0x94, 0xD4, 0x94,
    0xD4, 0x94, 0xD4, 0x94, 0xD4, 0x94, 0xD4, 0x94, 0x15, 0x9D, 0xD4, 0x94, 0x00, 0x00, 0xFF, 0x7B,
    0xD3, 0x64, 0x00, 0x00, 0xD4, 0x94, 0x36, 0xA5, 0xD4, 0x94, 0xD4, 0x94, 0xD4, 0x94, 0xD4, 0x94,
    0xD4, 0x94, 0xD4, 0x94, 0xD4, 0x94, 0xD4, 0x94, 0xD4, 0x94, 0xD4, 0x94, 0xD4, 0x94, 0xD4, 0x94,
    0xD4, 0x94, 0xD4, 0x94, 0xD4, 0x94, 0xD4, 0x94, 0xD4, 0x94, 0xD4, 0x94, 0xD4, 0x94, 0xD4, 0x94,
    0xD4, 0x94, 0xD4, 0x94, 0xD4, 0x94, 0xD4, 0x94, 0xD4, 0x94, 0xD4, 0x94, 0xD4, 0x94, 0xD4, 0x94,
    0xD4, 0x94, 0xD4, 0x94, 0xD4, 0x94, 0xD4, 0x94, 0x15, 0x9D, 0xD4, 0x94, 0x00, 0x00, 0xB5, 0xAA,
    0xF7, 0x7D, 0x00, 0x00, 0xD4, 0x94, 0x35, 0x9D, 0xD4, 0x94, 0xD4, 0x94, 0xD4, 0x94, 0xD4, 0x94,
    0xD4, 0x94, 0xD4, 0x94, 0xD4, 0x94, 0xD4, 0x94, 0xD4, 0x94, 0xD4, 0x94, 0xD4, 0x94, 0xD4, 0x94,
    0xD4, 0x94, 0xD4, 0x94, 0xD4, 0x94, 0xD4, 0x94, 0xD4, 0x94, 0xD4, 0x94, 0xD4, 0x94, 0xD4, 0x94,
    0xD4, 0x94, 0xD4, 0x94, 0xD4, 0x94, 0xD4, 0x94, 0xD4, 0x94, 0xD4, 0x94, 0xD4, 0x94, 0xD4, 0x94,
    0xD4, 0x94, 0xD4, 0x94, 0xD4, 0x94, 0xD4, 0x94, 0x36, 0xA5, 0xD4, 0x94, 0x00, 0x00, 0xD3, 0x9C,
    0xFF, 0xFF, 0x00, 0x00, 0x15, 0x95, 0xD4, 0x94, 0xF5, 0x9C, 0xD4, 0x94, 0xD4, 0x94, 0xD4, 0x94,
    0xD4, 0x94, 0xD4, 0x94, 0xD4, 0x94, 0xD4, 0x94, 0xD4, 0x94, 0xD4, 0x94, 0xD4, 0x94, 0xD4, 0x94,
    0xD4, 0x94, 0xD4, 0x94, 0xD4, 0x94, 0xD4, 0x94, 0xD4, 0x94, 0xD4, 0x94, 0xD4, 0x94, 0xD4, 0x94,
    0xD4, 0x94, 0xD4, 0x94, 0xD4, 0x94, 0xD4, 0x94, 0xD4, 0x94, 0xD4, 0x94, 0xD4, 0x94, 0xD4, 0x94,
    0xD4, 0x94, 0xD4, 0x94, 0xD4, 0x94, 0xD4, 0x94, 0xF5, 0x9C, 0xF5, 0x94, 0x00, 0x00, 0xEF, 0x7B,
    0x00, 0x00, 0x55, 0xAD, 0x00, 0x00, 0xD4, 0x94, 0x36, 0xA5, 0xD4, 0x94, 0xD4, 0x94, 0xD4, 0x94,
    0xD4, 0x94, 0xD4, 0x94, 0xD4, 0x94, 0xD4, 0x94, 0xD4, 0x94, 0xD4, 0x94, 0xD4, 0x94, 0xD4, 0x94,
    0xD4, 0x94, 0xD4, 0x94, 0xD4, 0x94, 0xD4, 0x94, 0xD4, 0x94, 0xD4, 0x94, 0xD4, 0x94, 0xD4, 0x94,
    0xD4, 0x94, 0xD4, 0x94, 0xD4, 0x94, 0xD4, 0x94, 0xD4, 0x94, 0xD4, 0x94, 0xD4, 0x94, 0xD4, 0x94,
    0xD4, 0x94, 0xD4, 0x94, 0xD4, 0x94, 0x36, 0xA5, 0xD4, 0x94, 0x00, 0x00, 0x55, 0x55, 0x00, 0x00,
    0x00, 0x00, 0xFF, 0xFF, 0xEF, 0x7B, 0xD6, 0x9C, 0xD4, 0x94, 0x36, 0xA5, 0xD4, 0x94, 0xD4, 0x94,
    0xD4, 0x94, 0xD4, 0x94, 0xD4, 0x94, 0xD4, 0x94, 0xD4, 0x94, 0xD4, 0x94, 0xD4, 0x94, 0xD4, 0x94,
    0xD4, 0x94, 0xD4, 0x94, 0xD4, 0x94, 0xD4, 0x94, 0xD4, 0x94, 0xD4, 0x94, 0xD4, 0x94, 0xD4, 0x94,
    0xD4, 0x94, 0xD4, 0x94, 0xD4, 0x94, 0xD4, 0x94, 0xD4, 0x94, 0xD4, 0x94, 0xD4, 0x94, 0xD4, 0x94,
    0xD4, 0x94, 0xD4, 0x94, 0x15, 0x9D, 0xF4, 0x9C, 0xD4, 0x9C, 0xEF, 0x7B, 0xFF, 0xFF, 0x00, 0x00,
    0x00, 0x00, 0x00, 0x00, 0xEF, 0x7B, 0x00, 0x00, 0xD4, 0x8C, 0xF5, 0x9C, 0x36, 0xA5, 0xD4, 0x94,
    0xD4, 0x94, 0xD4, 0x94, 0xD4, 0x94, 0xD4, 0x94, 0xD4, 0x94, 0xD4, 0x94, 0xD4, 0x94, 0xD4, 0x94,
    0xD4, 0x94, 0xD4, 0x94, 0xD4, 0x94, 0xD4, 0x94, 0xD4, 0x94, 0xD4, 0x94, 0xD4, 0x94, 0xD4, 0x94,
    0xD4, 0x94, 0xD4, 0x94, 0xD4, 0x94, 0xD4, 0x94, 0xD4, 0x94, 0xD4, 0x94, 0xD4, 0x94, 0xD4, 0x94,
    0xD4, 0x94, 0x36, 0xA5, 0xF5, 0x9C, 0xB4, 0x94, 0x00, 0x00, 0xEF, 0x7B, 0x00, 0x00, 0x00, 0x00,
    0x00, 0x00, 0x00, 0x00, 0x00, 0x00, 0xEF, 0x7B, 0x00, 0x00, 0x51, 0x8C, 0xF5, 0x9C, 0xF5, 0x9C,
    0x36, 0xA5, 0x36, 0xA5, 0x36, 0xA5, 0x36, 0xA5, 0x36, 0xA5, 0x36, 0xA5, 0x36, 0xA5, 0x36, 0xA5,
    0x36, 0xA5, 0x36, 0xA5, 0x36, 0xA5, 0x36, 0xA5, 0xF5, 0x9C, 0xF3, 0x9C, 0xF3, 0x9C, 0x13, 0xA5,
    0x35, 0xA5, 0xF5, 0x9C, 0xD4, 0x94, 0xD4, 0x94, 0xD4, 0x94, 0xD4, 0x94, 0xF5, 0x9C, 0x36, 0xA5,
    0xF5, 0x9C, 0xF5, 0x9C, 0x73, 0x8C, 0x00, 0x00, 0xFF, 0x7B, 0x00, 0x00, 0x00, 0x00, 0x00, 0x00,
    0x00, 0x00, 0x00, 0x00, 0x00, 0x00, 0x00, 0x00, 0xEF, 0x7B, 0x00, 0x00, 0x00, 0x00, 0xD4, 0x9C,
    0xF5, 0x9C, 0xF4, 0x9C, 0xD4, 0x9C, 0xD4, 0x94, 0xD4, 0x94, 0xD4, 0x94, 0xD4, 0x94, 0xD4, 0x94,
    0xD4, 0x94, 0xD4, 0x94, 0xF4, 0x9C, 0xB5, 0x8C, 0xAD, 0xCD, 0x87, 0xFE, 0x67, 0xF6, 0x28, 0xF6,
    0xF3, 0x9C, 0xD4, 0x94, 0xF4, 0x9C, 0x15, 0x9D, 0x15, 0x9D, 0xD4, 0x94, 0xF5, 0x9C, 0xF5, 0x9C,
    0xB4, 0x94, 0x00, 0x00, 0x00, 0x00, 0xEF, 0x7B, 0x00, 0x00, 0x00, 0x00, 0x00, 0x00, 0x00, 0x00,
    0x00, 0x00, 0x00, 0x00, 0x00, 0x00, 0x00, 0x00, 0x00, 0x00, 0x1F, 0x00, 0x55, 0xAD, 0x00, 0x00,
    0x00, 0x00, 0x00, 0x00, 0x00, 0x00, 0x00, 0x00, 0x00, 0x00, 0x00, 0x00, 0x00, 0x00, 0x00, 0x00,
    0x00, 0x00, 0x00, 0x00, 0x00, 0x00, 0xE0, 0xFF, 0x86, 0xFE, 0x66, 0xFE, 0xE7, 0xFE, 0x66, 0xFE,
    0x00, 0x00, 0xEF, 0xDD, 0xF5, 0x9C, 0xF5, 0x9C, 0xF5, 0x9C, 0xF5, 0x9C, 0xD9, 0x9C, 0x00, 0x00,
    0x00, 0x00, 0x55, 0xAD, 0xFF, 0xFF, 0x00, 0x00, 0x00, 0x00, 0x00, 0x00, 0x00, 0x00, 0x00, 0x00,
    0x00, 0x00, 0x00, 0x00, 0x00, 0x00, 0x00, 0x00, 0x00, 0x00, 0x00, 0x00, 0x00, 0x00, 0xEF, 0x7B,
    0xF7, 0x7B, 0xF7, 0x7B, 0xEF, 0x7B, 0xEF, 0x7B, 0xEF, 0x7B, 0xEF, 0x7B, 0xEF, 0x7B, 0xEF, 0x7B,
    0xEF, 0x7B, 0xAD, 0xDD, 0x1F, 0x00, 0x47, 0xFE, 0xE7, 0xFE, 0x87, 0xFE, 0x66, 0xFE, 0xE7, 0xED,
    0xCC, 0x9C, 0x00, 0x00, 0x00, 0x00, 0x00, 0x00, 0x00, 0x00, 0x00, 0x00, 0x00, 0x00, 0xEF, 0x7B,
    0xEF, 0x7B, 0x00, 0x00, 0x00, 0x00, 0x00, 0x00, 0x00, 0x00, 0x00, 0x00, 0x00, 0x00, 0x00, 0x00,
    0x00, 0x00, 0x00, 0x00, 0x00, 0x00, 0x00, 0x00, 0x00, 0x00, 0x00, 0x00, 0x00, 0x00, 0x00, 0x00,
    0x00, 0x00, 0x00, 0x00, 0x00, 0x00, 0x00, 0x00, 0x00, 0x00, 0x00, 0x00, 0x00, 0x00, 0x00, 0x00,
    0xE0, 0xFB, 0xE0, 0xFF, 0x67, 0xFE, 0x87, 0xFE, 0x66, 0xFE, 0xE7, 0xFE, 0x66, 0xFE, 0x00, 0x00,
    0xEA, 0xFF, 0x00, 0x00, 0x00, 0x00, 0x55, 0xAD, 0x55, 0xAD, 0xEF, 0x7B, 0x00, 0x00, 0x00, 0x00,
    0x00, 0x00, 0x00, 0x00, 0x00, 0x00, 0x00, 0x00, 0x00, 0x00, 0x00, 0x00, 0x00, 0x00, 0x00, 0x00,
    0x00, 0x00, 0x00, 0x00, 0x00, 0x00, 0x00, 0x00, 0x00, 0x00, 0x00, 0x00, 0x00, 0x00, 0x00, 0x00,
    0x00, 0x00, 0x00, 0x00, 0x00, 0x00, 0x00, 0x00, 0x00, 0x00, 0x00, 0x00, 0x00, 0x00, 0x00, 0x00,
    0xEA, 0xFF, 0x00, 0x00, 0x46, 0xFE, 0xC7, 0xFE, 0x66, 0xFE, 0x66, 0xFE, 0x85, 0xFE, 0xE0, 0xFF,
    0x00, 0xF8, 0xE0, 0xFF, 0xC9, 0xFE, 0x00, 0x00, 0x00, 0x00, 0x00, 0x00, 0x00, 0x00, 0x00, 0x00,
    0x00, 0x00, 0x00, 0x00, 0x00, 0x00, 0x00, 0x00, 0x00, 0x00, 0x00, 0x00, 0x00, 0x00, 0x00, 0x00,
    0x00, 0x00, 0x00, 0x00, 0x00, 0x00, 0x00, 0x00, 0x00, 0x00, 0x00, 0x00, 0x00, 0x00, 0x00, 0x00,
    0x00, 0x00, 0x00, 0x00, 0x00, 0x00, 0x00, 0x00, 0x00, 0x00, 0x00, 0x00, 0x00, 0x00, 0xE0, 0xFB,
    0xE0, 0xFF, 0x86, 0xFE, 0x66, 0xFE, 0x66, 0xFE, 0x67, 0xFE, 0x66, 0xFE, 0x66, 0xFE, 0x66, 0xFE,
    0x67, 0xFE, 0x87, 0xFE, 0x46, 0xFE, 0x00, 0x00, 0xE0, 0xFF, 0x00, 0x00, 0x00, 0x00, 0x00, 0x00,
    0x00, 0x00, 0x00, 0x00, 0x00, 0x00, 0x00, 0x00, 0x00, 0x00, 0x00, 0x00, 0x00, 0x00, 0x00, 0x00,
    0x00, 0x00, 0x00, 0x00, 0x00, 0x00, 0x00, 0x00, 0x00, 0x00, 0x00, 0x00, 0x00, 0x00, 0x00, 0x00,
    0x00, 0x00, 0x00, 0x00, 0x00, 0x00, 0x00, 0x00, 0x00, 0x00, 0x00, 0x00, 0x00, 0x00, 0x4A, 0xFD,
    0x00, 0x00, 0x46, 0xFE, 0xC7, 0xFE, 0x66, 0xFE, 0x66, 0xFE, 0x87, 0xFE, 0xA7, 0xFE, 0x87, 0xFE,
    0x07, 0xFF, 0x46, 0xFE, 0x00, 0x00, 0x4A, 0xFD, 0x00, 0x00, 0x00, 0x00, 0x00, 0x00, 0x00, 0x00,
    0x00, 0x00, 0x00, 0x00, 0x00, 0x00, 0x00, 0x00, 0x00, 0x00, 0x00, 0x00, 0x00, 0x00, 0x00, 0x00,
    0x00, 0x00, 0x00, 0x00, 0x00, 0x00, 0x00, 0x00, 0x00, 0x00, 0x00, 0x00, 0x00, 0x00, 0x00, 0x00,
    0x00, 0x00, 0x00, 0x00, 0x00, 0x00, 0x00, 0x00, 0x00, 0x00, 0x00, 0x00, 0xE0, 0xFF, 0x00, 0x00,
    0x67, 0xFE, 0x87, 0xFE, 0x66, 0xFE, 0x66, 0xFE, 0x66, 0xFE, 0x66, 0xFE, 0x66, 0xFE, 0xC7, 0xFE,
    0x66, 0xFE, 0x00, 0x00, 0x4A, 0xFD, 0x00, 0x00, 0x00, 0x00, 0x00, 0x00, 0x00, 0x00, 0x00, 0x00,
    0x00, 0x00, 0x00, 0x00, 0x00, 0x00, 0x00, 0x00, 0x00, 0x00, 0x00, 0x00, 0x00, 0x00, 0x00, 0x00,
    0x00, 0x00, 0x00, 0x00, 0x00, 0x00, 0x00, 0x00, 0x00, 0x00, 0x00, 0x00, 0x00, 0x00, 0x00, 0x00,
    0x00, 0x00, 0x00, 0x00, 0x00, 0x00, 0x00, 0x00, 0x00, 0x00, 0x00, 0x00, 0x4A, 0xFD, 0xE0, 0xFF,
    0x66, 0xFE, 0x07, 0xFF, 0x87, 0xFE, 0x87, 0xFE, 0x66, 0xFE, 0x66, 0xFE, 0xE7, 0xFE, 0x66, 0xFE,
    0x00, 0x00, 0xE7, 0xFD, 0x00, 0xF8, 0x00, 0x00, 0x00, 0x00, 0x00, 0x00, 0x00, 0x00, 0x00, 0x00,
    0x00, 0x00, 0x00, 0x00, 0x00, 0x00, 0x00, 0x00, 0x00, 0x00, 0x00, 0x00, 0x00, 0x00, 0x00, 0x00,
    0x00, 0x00, 0x00, 0x00, 0x00, 0x00, 0x00, 0x00, 0x00, 0x00, 0x00, 0x00, 0x00, 0x00, 0x00, 0x00,
    0x00, 0x00, 0x00, 0x00, 0x00, 0x00, 0x00, 0x00, 0x00, 0x00, 0x00, 0x00, 0x00, 0x00, 0xE0, 0xFB,
    0x67, 0xFE, 0x87, 0xFE, 0x66, 0xFE, 0x66, 0xFE, 0x66, 0xFE, 0xC7, 0xFE, 0x66, 0xFE, 0xE0, 0xFF,
    0x4A, 0xFD, 0xE0, 0xFF, 0x00, 0x00, 0x00, 0x00, 0x00, 0x00, 0x00, 0x00, 0x00, 0x00, 0x00, 0x00,
    0x00, 0x00, 0x00, 0x00, 0x00, 0x00, 0x00, 0x00, 0x00, 0x00, 0x00, 0x00, 0x00, 0x00, 0x00, 0x00,
    0x00, 0x00, 0x00, 0x00, 0x00, 0x00, 0x00, 0x00, 0x00, 0x00, 0x00, 0x00, 0x00, 0x00, 0x00, 0x00,
    0x00, 0x00, 0x00, 0x00, 0x00, 0x00, 0x00, 0x00, 0x00, 0x00, 0x00, 0x00, 0x00, 0x00, 0x00, 0x00,
    0x00, 0x00, 0x00, 0x00, 0x00, 0x00, 0x46, 0xFE, 0x27, 0xFF, 0x66, 0xFE, 0xE5, 0xFD, 0xE0, 0xFF,
    0xE0, 0xFB, 0x00, 0x00, 0x00, 0x00, 0x00, 0x00, 0x00, 0x00, 0x00, 0x00, 0x00, 0x00, 0x00, 0x00,
    0x00, 0x00, 0x00, 0x00, 0x00, 0x00, 0x00, 0x00, 0x00, 0x00, 0x00, 0x00, 0x00, 0x00, 0x00, 0x00,
    0x00, 0x00, 0x00, 0x00, 0x00, 0x00, 0x00, 0x00, 0x00, 0x00, 0x00, 0x00, 0x00, 0x00, 0x00, 0x00,
    0x00, 0x00, 0x00, 0x00, 0x00, 0x00, 0x00, 0x00, 0x00, 0x00, 0x00, 0x00, 0x00, 0x00, 0x00, 0x00,
    0x66, 0xFE, 0xE7, 0xFD, 0x86, 0xFE, 0xA7, 0xFE, 0x87, 0xFE, 0x26, 0xFE, 0x00, 0x00, 0x4A, 0xFD,
    0x00, 0x00, 0x00, 0x00, 0x00, 0x00, 0x00, 0x00, 0x00, 0x00, 0x00, 0x00, 0x00, 0x00, 0x00, 0x00,
    0x00, 0x00, 0x00, 0x00, 0x00, 0x00, 0x00, 0x00, 0x00, 0x00, 0x00, 0x00, 0x00, 0x00, 0x00, 0x00,
    0x00, 0x00, 0x00, 0x00, 0x00, 0x00, 0x00, 0x00, 0x00, 0x00, 0x00, 0x00, 0x00, 0x00, 0x00, 0x00,
    0x00, 0x00, 0x00, 0x00, 0x00, 0x00, 0x00, 0x00, 0x00, 0x00, 0x00, 0x00, 0x00, 0x00, 0x00, 0x00,
    0x4A, 0xFD, 0x00, 0x00, 0x66, 0xFE, 0xE7, 0xFE, 0x06, 0xFE, 0x00, 0x00, 0xEA, 0xFF, 0x00, 0x00,
    0x00, 0x00, 0x00, 0x00, 0x00, 0x00, 0x00, 0x00, 0x00, 0x00, 0x00, 0x00, 0x00, 0x00, 0x00, 0x00,
    0x00, 0x00, 0x00, 0x00, 0x00, 0x00, 0x00, 0x00, 0x00, 0x00, 0x00, 0x00, 0x00, 0x00, 0x00, 0x00,
    0x00, 0x00, 0x00, 0x00, 0x00, 0x00, 0x00, 0x00, 0x00, 0x00, 0x00, 0x00, 0x00, 0x00, 0x00, 0x00,
    0x00, 0x00, 0x00, 0x00, 0x00, 0x00, 0x00, 0x00, 0x00, 0x00, 0x00, 0x00, 0x00, 0x00, 0xE0, 0xFF,
    0xE0, 0xFF, 0x46, 0xFE, 0xA7, 0xFE, 0x26, 0xFE, 0x00, 0x00, 0xE7, 0xFD, 0x00, 0x00, 0x00, 0x00,
    0x00, 0x00, 0x00, 0x00, 0x00, 0x00, 0x00, 0x00, 0x00, 0x00, 0x00, 0x00, 0x00, 0x00, 0x00, 0x00,
    0x00, 0x00, 0x00, 0x00, 0x00, 0x00, 0x00, 0x00, 0x00, 0x00, 0x00, 0x00, 0x00, 0x00, 0x00, 0x00,
    0x00, 0x00, 0x00, 0x00, 0x00, 0x00, 0x00, 0x00, 0x00, 0x00, 0x00, 0x00, 0x00, 0x00, 0x00, 0x00,
    0x00, 0x00, 0x00, 0x00, 0x00, 0x00, 0x00, 0x00, 0x00, 0x00, 0x00, 0x00, 0x00, 0x00, 0x4A, 0xFD,
    0x00, 0x00, 0x66, 0xFE, 0x66, 0xFE, 0x00, 0x00, 0xE7, 0xFF, 0x00, 0x00, 0x00, 0x00, 0x00, 0x00,
    0x00, 0x00, 0x00, 0x00, 0x00, 0x00, 0x00, 0x00, 0x00, 0x00, 0x00, 0x00, 0x00, 0x00, 0x00, 0x00,
    0x00, 0x00, 0x00, 0x00, 0x00, 0x00, 0x00, 0x00, 0x00, 0x00, 0x00, 0x00, 0x00, 0x00, 0x00, 0x00,
    0x00, 0x00, 0x00, 0x00, 0x00, 0x00, 0x00, 0x00, 0x00, 0x00, 0x00, 0x00, 0x00, 0x00, 0x00, 0x00,
    0x00, 0x00, 0x00, 0x00, 0x00, 0x00, 0x00, 0x00, 0x00, 0x00, 0x00, 0x00, 0xE0, 0xFF, 0x00, 0x00,
    0x47, 0xFE, 0x66, 0xFE, 0x00, 0x00, 0x66, 0xFE, 0x00, 0x00, 0x00, 0x00, 0x00, 0x00, 0x00, 0x00,
    0x00, 0x00, 0x00, 0x00, 0x00, 0x00, 0x00, 0x00, 0x00, 0x00, 0x00, 0x00, 0x00, 0x00, 0x00, 0x00,
    0x00, 0x00, 0x00, 0x00, 0x00, 0x00, 0x00, 0x00, 0x00, 0x00, 0x00, 0x00, 0x00, 0x00, 0x00, 0x00,
    0x00, 0x00, 0x00, 0x00, 0x00, 0x00, 0x00, 0x00, 0x00, 0x00, 0x00, 0x00, 0x00, 0x00, 0x00, 0x00,
    0x00, 0x00, 0x00, 0x00, 0x00, 0x00, 0x00, 0x00, 0x00, 0x00, 0x00, 0x00, 0xE0, 0xFF, 0x66, 0xFE,
    0x67, 0xFE, 0x66, 0xFE, 0xE0, 0xFF, 0xE0, 0xFF, 0x00, 0x00, 0x00, 0x00, 0x00, 0x00, 0x00, 0x00,
    0x00, 0x00, 0x00, 0x00, 0x00, 0x00, 0x00, 0x00, 0x00, 0x00, 0x00, 0x00, 0x00, 0x00, 0x00, 0x00,
    0x00, 0x00, 0x00, 0x00, 0x00, 0x00, 0x00, 0x00, 0x00, 0x00, 0x00, 0x00, 0x00, 0x00, 0x00, 0x00,
    0x00, 0x00, 0x00, 0x00, 0x00, 0x00, 0x00, 0x00, 0x00, 0x00, 0x00, 0x00, 0x00, 0x00, 0x00, 0x00,
    0x00, 0x00, 0x00, 0x00, 0x00, 0x00, 0x00, 0x00, 0x00, 0x00, 0x00, 0x00, 0x00, 0x00, 0x66, 0xFE,
    0x66, 0xFE, 0x00, 0x00, 0xE0, 0xFF, 0x00, 0x00, 0x00, 0x00, 0x00, 0x00, 0x00, 0x00, 0x00, 0x00,
    0x00, 0x00, 0x00, 0x00, 0x00, 0x00, 0x00, 0x00, 0x00, 0x00, 0x00, 0x00, 0x00, 0x00, 0x00, 0x00,
    0x00, 0x00, 0x00, 0x00, 0x00, 0x00, 0x00, 0x00, 0x00, 0x00, 0x00, 0x00, 0x00, 0x00, 0x00, 0x00,
    0x00, 0x00, 0x00, 0x00, 0x00, 0x00, 0x00, 0x00, 0x00, 0x03, 0x00, 0x43, 0xF3, 0xFD, 0xFE, 0xFF,
    0xFF, 0xFF, 0xFF, 0xFF, 0xFD, 0xFE, 0x7A, 0x00, 0x03, 0x00, 0x00, 0x00, 0x00, 0x00, 0x00, 0x00,
    0x00, 0x00, 0x00, 0x00, 0x00, 0x00, 0x00, 0x00, 0x00, 0x00, 0x00, 0x00, 0x00, 0x00, 0x00, 0x00,
    0x02, 0x01, 0x20, 0xE9, 0xFF, 0xFD, 0xFF, 0xFF, 0xFF, 0xFF, 0xFF, 0xFF, 0xFE, 0xFD, 0xFF, 0x4E,
    0x00, 0x03, 0x00, 0x01, 0x01, 0x01, 0x00, 0x00, 0x00, 0x00, 0x00, 0x00, 0x00, 0x00, 0x00, 0x00,
    0x00, 0x00, 0x00, 0x00, 0x00, 0x00, 0x00, 0x00, 0x03, 0x00, 0xBA, 0xFF, 0xFC, 0xFF, 0xFF, 0xFF,
    0xFF, 0xFF, 0xFF, 0xFF, 0xFF, 0xFD, 0xFF, 0xEC, 0x13, 0x04, 0x01, 0x00, 0x00, 0x00, 0x03, 0x03,
    0x01, 0x00, 0x00, 0x00, 0x00, 0x00, 0x00, 0x00, 0x00, 0x00, 0x00, 0x00, 0x00, 0x00, 0x01, 0x07,
    0x00, 0x40, 0xFF, 0xFC, 0xFF, 0xFF, 0xFF, 0xFF, 0xFF, 0xFF, 0xFF, 0xFF, 0xFF, 0xFF, 0xFB, 0xFF,
    0x7F, 0x00, 0x05, 0x11, 0x11, 0x01, 0x00, 0x00, 0x00, 0x03, 0x00, 0x00, 0x00, 0x00, 0x00, 0x00,
    0x00, 0x00, 0x00, 0x00, 0x00, 0x02, 0x00, 0x00, 0x05, 0xB9, 0xFE, 0xFC, 0xFF, 0xFF, 0xFF, 0xFF,
    0xFF, 0xFF, 0xFF, 0xFF, 0xFF, 0xFF, 0xFE, 0xFE, 0xEA, 0xA6, 0xD7, 0xED, 0xED, 0xD6, 0xA5, 0x55,
    0x05, 0x00, 0x03, 0x00, 0x00, 0x00, 0x00, 0x00, 0x00, 0x00, 0x00, 0x00, 0x03, 0x00, 0x0E, 0x7D,
    0xD8, 0xFF, 0xFE, 0xFF, 0xFF, 0xFF, 0xFF, 0xFF, 0xFF, 0xFF, 0xFF, 0xFF, 0xFF, 0xFF, 0xFF, 0xFF,
    0xFF, 0xFF, 0xFF, 0xFF, 0xFF, 0xFF, 0xFF, 0xFF, 0xD2, 0x45, 0x00, 0x03, 0x00, 0x00, 0x00, 0x00,
    0x00, 0x00, 0x00, 0x03, 0x00, 0x38, 0xD8, 0xFF, 0xFF, 0xFE, 0xFF, 0xFF, 0xFF, 0xFF, 0xFF, 0xFF,
    0xFF, 0xFF, 0xFF, 0xFF, 0xFF, 0xFF, 0xFF, 0xFF, 0xFE, 0xFB, 0xFD, 0xFE, 0xFE, 0xFD, 0xFC, 0xFC,
    0xFF, 0xFF, 0x70, 0x00, 0x04, 0x00, 0x00, 0x00, 0x00, 0x00, 0x02, 0x00, 0x3C, 0xF5, 0xFF, 0xFA,
    0xFD, 0xFF, 0xFF, 0xFF, 0xFF, 0xFF, 0xFF, 0xFF, 0xFF, 0xFF, 0xFF, 0xFF, 0xFF, 0xFF, 0xFF, 0xFF,
    0xFF, 0xFF, 0xFF, 0xFF, 0xFF, 0xFF, 0xFF, 0xFF, 0xFC, 0xFC, 0xFF, 0x65, 0x00, 0x03, 0x00, 0x00,
    0x00, 0x02, 0x02, 0x17, 0xE8, 0xFF, 0xFB, 0xFF, 0xFF, 0xFF, 0xFF, 0xFF, 0xFF, 0xFF, 0xFF, 0xFF,
    0xFF, 0xFF, 0xFF, 0xFF, 0xFF, 0xFF, 0xFF, 0xFF, 0xFF, 0xFF, 0xFF, 0xFF, 0xFF, 0xFF, 0xFF, 0xFF,
    0xFF, 0xFD, 0xFC, 0xF9, 0x29, 0x01, 0x02, 0x00, 0x00, 0x03, 0x00, 0x9D, 0xFF, 0xFB, 0xFF, 0xFF,
    0xFF, 0xFF, 0xFF, 0xFF, 0xFF, 0xFF, 0xFF, 0xFF, 0xFF, 0xFF, 0xFF, 0xFF, 0xFF, 0xFF, 0xFF, 0xFF,
    0xFF, 0xFF, 0xFF, 0xFF, 0xFF, 0xFF, 0xFF, 0xFF, 0xFF, 0xFF, 0xFB, 0xFF, 0xAF, 0x00, 0x03, 0x00,
    0x02, 0x00, 0x19, 0xF6, 0xFE, 0xFE, 0xFF, 0xFF, 0xFF, 0xFF, 0xFF, 0xFF, 0xFF, 0xFF, 0xFF, 0xFF,
    0xFF, 0xFF, 0xFF, 0xFF, 0xFF, 0xFF, 0xFF, 0xFF, 0xFF, 0xFF, 0xFF, 0xFF, 0xFF, 0xFF, 0xFF, 0xFF,
    0xFF, 0xFF, 0xFE, 0xFE, 0xFA, 0x21, 0x00, 0x02, 0x04, 0x00, 0x61, 0xFF, 0xFC, 0xFF, 0xFF, 0xFF,
    0xFF, 0xFF, 0xFF, 0xFF, 0xFF, 0xFF, 0xFF, 0xFF, 0xFF, 0xFF, 0xFF, 0xFF, 0xFF, 0xFF, 0xFF, 0xFF,
    0xFF, 0xFF, 0xFF, 0xFF, 0xFF, 0xFF, 0xFF, 0xFF, 0xFF, 0xFF, 0xFF, 0xFB, 0xFF, 0x62, 0x00, 0x04,
    0x05, 0x00, 0x8E, 0xFE, 0xFB, 0xFF, 0xFF, 0xFF, 0xFF, 0xFF, 0xFF, 0xFF, 0xFF, 0xFF, 0xFF, 0xFF,
    0xFF, 0xFF, 0xFF, 0xFF, 0xFF, 0xFF, 0xFF, 0xFF, 0xFF, 0xFF, 0xFF, 0xFF, 0xFF, 0xFF, 0xFF, 0xFF,
    0xFF, 0xFF, 0xFF, 0xFB, 0xFF, 0x96, 0x00, 0x04, 0x04, 0x00, 0xA1, 0xFF, 0xFB, 0xFF, 0xFF, 0xFF,
    0xFF, 0xFF, 0xFF, 0xFF, 0xFF, 0xFF, 0xFF, 0xFF, 0xFF, 0xFF, 0xFF, 0xFF, 0xFF, 0xFF, 0xFF, 0xFF,
    0xFF, 0xFF, 0xFF, 0xFF, 0xFF, 0xFF, 0xFF, 0xFF, 0xFF, 0xFF, 0xFF, 0xFC, 0xFF, 0xBA, 0x00, 0x02,
    0x04, 0x00, 0xA1, 0xFF, 0xFB, 0xFF, 0xFF, 0xFF, 0xFF, 0xFF, 0xFF, 0xFF, 0xFF, 0xFF, 0xFF, 0xFF,
    0xFF, 0xFF, 0xFF, 0xFF, 0xFF, 0xFF, 0xFF, 0xFF, 0xFF, 0xFF, 0xFF, 0xFF, 0xFF, 0xFF, 0xFF, 0xFF,
    0xFF, 0xFF, 0xFF, 0xFC, 0xFF, 0xC0, 0x00, 0x02, 0x05, 0x00, 0x91, 0xFE, 0xFB, 0xFF, 0xFF, 0xFF,
    0xFF, 0xFF, 0xFF, 0xFF, 0xFF, 0xFF, 0xFF, 0xFF, 0xFF, 0xFF, 0xFF, 0xFF, 0xFF, 0xFF, 0xFF, 0xFF,
    0xFF, 0xFF, 0xFF, 0xFF, 0xFF, 0xFF, 0xFF, 0xFF, 0xFF, 0xFF, 0xFF, 0xFC, 0xFF, 0xB0, 0x00, 0x03,
    0x04, 0x00, 0x5A, 0xFF, 0xFC, 0xFF, 0xFF, 0xFF, 0xFF, 0xFF, 0xFF, 0xFF, 0xFF, 0xFF, 0xFF, 0xFF,
    0xFF, 0xFF, 0xFF, 0xFF, 0xFF, 0xFF, 0xFF, 0xFF, 0xFF, 0xFF, 0xFF, 0xFF, 0xFF, 0xFF, 0xFF, 0xFF,
    0xFF, 0xFF, 0xFF, 0xFB, 0xFF, 0x7A, 0x00, 0x05, 0x01, 0x00, 0x16, 0xF3, 0xFD, 0xFE, 0xFF, 0xFF,
    0xFF, 0xFF, 0xFF, 0xFF, 0xFF, 0xFF, 0xFF, 0xFF, 0xFF, 0xFF, 0xFF, 0xFF, 0xFF, 0xFF, 0xFF, 0xFF,
    0xFF, 0xFF, 0xFF, 0xFF, 0xFF, 0xFF, 0xFF, 0xFF, 0xFF, 0xFF, 0xFE, 0xFD, 0xFF, 0x2C, 0x00, 0x02,
    0x00, 0x03, 0x00, 0x88, 0xFF, 0xF9, 0xFF, 0xFF, 0xFF, 0xFF, 0xFF, 0xFF, 0xFF, 0xFF, 0xFF, 0xFF,
    0xFF, 0xFF, 0xFF, 0xFF, 0xFF, 0xFF, 0xFF, 0xFF, 0xFF, 0xFF, 0xFF, 0xFF, 0xFF, 0xFF, 0xFF, 0xFF,
    0xFF, 0xFF, 0xFA, 0xFF, 0xA7, 0x00, 0x03, 0x00, 0x00, 0x01, 0x02, 0x0A, 0xD0, 0xFF, 0xF9, 0xFE,
    0xFF, 0xFF, 0xFF, 0xFF, 0xFF, 0xFF, 0xFF, 0xFF, 0xFF, 0xFF, 0xFF, 0xFF, 0xFF, 0xFF, 0xFF, 0xFF,
    0xFF, 0xFF, 0xFF, 0xFF, 0xFF, 0xFF, 0xFF, 0xFF, 0xFF, 0xFA, 0xFF, 0xE1, 0x14, 0x02, 0x01, 0x00,
    0x00, 0x00, 0x02, 0x00, 0x19, 0xCD, 0xFF, 0xFF, 0xFB, 0xFB, 0xFB, 0xFB, 0xFB, 0xFB, 0xFB, 0xFB,
    0xFB, 0xFB, 0xFB, 0xFB, 0xFE, 0xFF, 0xFF, 0xFE, 0xFB, 0xFD, 0xFE, 0xFF, 0xFF, 0xFE, 0xFD, 0xFB,
    0xFF, 0xFF, 0xDB, 0x2A, 0x00, 0x02, 0x00, 0x00, 0x00, 0x00, 0x00, 0x02, 0x00, 0x0B, 0x8C, 0xF0,
    0xFF, 0xFF, 0xFF, 0xFF, 0xFF, 0xFF, 0xFF, 0xFF, 0xFF, 0xFF, 0xFF, 0xFF, 0xFF, 0xFF, 0xFF, 0xFF,
    0xFF, 0xFF, 0xFF, 0xFD, 0xFD, 0xFF, 0xFF, 0xFF, 0xF9, 0x99, 0x12, 0x00, 0x02, 0x00, 0x00, 0x00,
    0x00, 0x00, 0x00, 0x00, 0x02, 0x00, 0x00, 0x1C, 0x60, 0x8F, 0x9F, 0x9F, 0x9F, 0x9F, 0x9F, 0x9F,
    0x9F, 0x9F, 0xA0, 0x9D, 0xDD, 0xFF, 0xFE, 0xEB, 0xA7, 0xDD, 0xFD, 0xFF, 0xFF, 0xFD, 0xDB, 0x92,
    0x2C, 0x00, 0x00, 0x02, 0x00, 0x00, 0x00, 0x00, 0x00, 0x00, 0x00, 0x00, 0x00, 0x01, 0x03, 0x00,
    0x00, 0x00, 0x00, 0x00, 0x00, 0x00, 0x00, 0x00, 0x00, 0x00, 0x00, 0x01, 0xE1, 0xFE, 0xFF, 0x6F,
    0x00, 0x08, 0x28, 0x41, 0x41, 0x28, 0x05, 0x00, 0x00, 0x03, 0x01, 0x00, 0x00, 0x00, 0x00, 0x00,
    0x00, 0x00, 0x00, 0x00, 0x00, 0x00, 0x00, 0x02, 0x04, 0x04, 0x04, 0x04, 0x04, 0x04, 0x04, 0x04,
    0x04, 0x07, 0x01, 0x84, 0xFF, 0xFD, 0xE4, 0x0C, 0x05, 0x00, 0x00, 0x00, 0x00, 0x00, 0x00, 0x04,
    0x02, 0x00, 0x00, 0x00, 0x00, 0x00, 0x00, 0x00, 0x00, 0x00, 0x00, 0x00, 0x00, 0x00, 0x00, 0x00,
    0x00, 0x00, 0x00, 0x00, 0x00, 0x00, 0x00, 0x00, 0x02, 0x01, 0x1B, 0xF1, 0xFC, 0xFF, 0x6E, 0x00,
    0x03, 0x00, 0x00, 0x03, 0x03, 0x02, 0x01, 0x00, 0x00, 0x00, 0x00, 0x00, 0x00, 0x00, 0x00, 0x00,
    0x00, 0x00, 0x00, 0x00, 0x00, 0x00, 0x00, 0x00, 0x00, 0x00, 0x00, 0x00, 0x00, 0x00, 0x00, 0x00,
    0x03, 0x00, 0x90, 0xFF, 0xFE, 0xDF, 0x0B, 0x02, 0x01, 0x01, 0x07, 0x00, 0x00, 0x00, 0x00, 0x00,
    0x00, 0x00, 0x00, 0x00, 0x00, 0x00, 0x00, 0x00, 0x00, 0x00, 0x00, 0x00, 0x00, 0x00, 0x00, 0x00,
    0x00, 0x00, 0x00, 0x00, 0x00, 0x00, 0x00, 0x02, 0x01, 0x1C, 0xF4, 0xFD, 0xFF, 0xEF, 0xD6, 0xD7,
    0xD6, 0xD6, 0x2C, 0x00, 0x02, 0x00, 0x00, 0x00, 0x00, 0x00, 0x00, 0x00, 0x00, 0x00, 0x00, 0x00,
    0x00, 0x00, 0x00, 0x00, 0x00, 0x00, 0x00, 0x00, 0x00, 0x00, 0x00, 0x00, 0x00, 0x00, 0x00, 0x03,
    0x00, 0x9E, 0xFF, 0xFB, 0xFF, 0xFF, 0xFF, 0xFF, 0xFF, 0x68, 0x00, 0x03, 0x00, 0x00, 0x00, 0x00,
    0x00, 0x00, 0x00, 0x00, 0x00, 0x00, 0x00, 0x00, 0x00, 0x00, 0x00, 0x00, 0x00, 0x00, 0x00, 0x00,
    0x00, 0x00, 0x00, 0x00, 0x00, 0x00, 0x02, 0x00, 0x24, 0xF8, 0xFB, 0xFD, 0xFF, 0xFE, 0xF8, 0xFF,
    0x7D, 0x00, 0x03, 0x00, 0x00, 0x00, 0x00, 0x00, 0x00, 0x00, 0x00, 0x00, 0x00, 0x00, 0x00, 0x00,
    0x00, 0x00, 0x00, 0x00, 0x00, 0x00, 0x00, 0x00, 0x00, 0x00, 0x00, 0x00, 0x00, 0x00, 0x03, 0x01,
    0xAC, 0xFF, 0xFF, 0xFF, 0xFE, 0xFB, 0xFF, 0xA0, 0x00, 0x04, 0x01, 0x00, 0x00, 0x00, 0x00, 0x00,
    0x00, 0x00, 0x00, 0x00, 0x00, 0x00, 0x00, 0x00, 0x00, 0x00, 0x00, 0x00, 0x00, 0x00, 0x00, 0x00,
    0x00, 0x00, 0x00, 0x00, 0x00, 0x00, 0x00, 0x02, 0x3E, 0x43, 0x42, 0x66, 0xFB, 0xFF, 0xBB, 0x01,
    0x03, 0x01, 0x00, 0x00, 0x00, 0x00, 0x00, 0x00, 0x00, 0x00, 0x00, 0x00, 0x00, 0x00, 0x00, 0x00,
    0x00, 0x00, 0x00, 0x00, 0x00, 0x00, 0x00, 0x00, 0x00, 0x00, 0x00, 0x00, 0x00, 0x00, 0x00, 0x00,
    0x00, 0x00, 0x00, 0x91, 0xFF, 0xD2, 0x10, 0x01, 0x02, 0x00, 0x00, 0x00, 0x00, 0x00, 0x00, 0x00,
    0x00, 0x00, 0x00, 0x00, 0x00, 0x00, 0x00, 0x00, 0x00, 0x00, 0x00, 0x00, 0x00, 0x00, 0x00, 0x00,
    0x00, 0x00, 0x00, 0x00, 0x00, 0x00, 0x00, 0x00, 0x05, 0x04, 0x26, 0xFC, 0xE7, 0x20, 0x00, 0x03,
    0x00, 0x00, 0x00, 0x00, 0x00, 0x00, 0x00, 0x00, 0x00, 0x00, 0x00, 0x00, 0x00, 0x00, 0x00, 0x00,
    0x00, 0x00, 0x00, 0x00, 0x00, 0x00, 0x00, 0x00, 0x00, 0x00, 0x00, 0x00, 0x00, 0x00, 0x00, 0x00,
    0x03, 0x00, 0xA2, 0xFE, 0x37, 0x00, 0x03, 0x00, 0x00, 0x00, 0x00, 0x00, 0x00, 0x00, 0x00, 0x00,
    0x00, 0x00, 0x00, 0x00, 0x00, 0x00, 0x00, 0x00, 0x00, 0x00, 0x00, 0x00, 0x00, 0x00, 0x00, 0x00,
    0x00, 0x00, 0x00, 0x00, 0x00, 0x00, 0x00, 0x02, 0x01, 0x26, 0xFF, 0x57, 0x00, 0x04, 0x00, 0x00,
    0x00, 0x00, 0x00, 0x00, 0x00, 0x00, 0x00, 0x00, 0x00, 0x00, 0x00, 0x00, 0x00, 0x00, 0x00, 0x00,
    0x00, 0x00, 0x00, 0x00, 0x00, 0x00, 0x00, 0x00, 0x00, 0x00, 0x00, 0x00, 0x00, 0x00, 0x00, 0x03,
    0x00, 0xB2, 0x83, 0x00, 0x04, 0x00, 0x00, 0x00, 0x00, 0x00, 0x00, 0x00, 0x00, 0x00, 0x00, 0x00,
    0x00, 0x00, 0x00, 0x00, 0x00, 0x00, 0x00, 0x00, 0x00, 0x00, 0x00, 0x00, 0x00, 0x00, 0x00, 0x00,
    0x00, 0x00, 0x00, 0x00, 0x00, 0x00, 0x02, 0x00, 0x3B, 0x95, 0x00, 0x05, 0x00, 0x00, 0x00, 0x00,
    0x00, 0x00, 0x00, 0x00, 0x00, 0x00, 0x00, 0x00, 0x00, 0x00, 0x00, 0x00, 0x00, 0x00, 0x00, 0x00,
    0x00, 0x00, 0x00, 0x00, 0x00, 0x00, 0x00, 0x00, 0x00, 0x00, 0x00, 0x00, 0x00, 0x00, 0x01, 0x05,
    0x51, 0x0A, 0x01, 0x01, 0x00, 0x00, 0x00, 0x00, 0x00, 0x00, 0x00, 0x00, 0x00, 0x00, 0x00, 0x00,
    0x00, 0x00, 0x00, 0x00, 0x00, 0x00, 0x00, 0x00, 0x00, 0x00, 0x00, 0x00, 0x00, 0x00, 0x00, 0x00,
    0x00, 0x00, 0x00, 0x00, 0x00, 0x00, 0x00, 0x05, 0x05, 0x00, 0x01, 0x00, 0x00, 0x00, 0x00, 0x00,
    0x00, 0x00, 0x00, 0x00, 0x00, 0x00, 0x00, 0x00, 0x00, 0x00, 0x00, 0x00, 0x00, 0x00, 0x00, 0x00
};

#define ICON_AG_GENERAL_W 30
#define ICON_AG_GENERAL_H 30
static const uint8_t icon_ag_general_data[2700] = {
    0x00, 0x00, 0x00, 0x00, 0x00, 0x00, 0x00, 0x00, 0x00, 0x00, 0x00, 0x00, 0x00, 0x00, 0x00, 0x00,
    0x00, 0x00, 0x00, 0x00, 0x00, 0x00, 0xFF, 0xFF, 0xFF, 0xFF, 0xFF, 0xFF, 0xFF, 0xFF, 0xFF, 0xFF,
    0xFF, 0xFF, 0xFF, 0xFF, 0xFF, 0xFF, 0x00, 0x00, 0x00, 0x00, 0x00, 0x00, 0x00, 0x00, 0x00, 0x00,
    0x00, 0x00, 0x00, 0x00, 0x00, 0x00, 0x00, 0x00, 0x00, 0x00, 0x00, 0x00, 0x00, 0x00, 0x00, 0x00,
    0x00, 0x00, 0x00, 0x00, 0x00, 0x00, 0x00, 0x00, 0x00, 0x00, 0x00, 0x00, 0x00, 0x00, 0xFF, 0xFF,
    0xFF, 0xFF, 0x00, 0x00, 0x00, 0x00, 0x00, 0x00, 0x00, 0x00, 0x00, 0x00, 0x00, 0x00, 0x00, 0x00,
    0x00, 0x00, 0xFF, 0xFF, 0xFF, 0xFF, 0x00, 0x00, 0x00, 0x00, 0x00, 0x00, 0x00, 0x00, 0x00, 0x00,
    0x00, 0x00, 0x00, 0x00, 0x00, 0x00, 0x00, 0x00, 0x00, 0x00, 0x00, 0x00, 0x00, 0x00, 0x00, 0x00,
    0x00, 0x00, 0x00, 0x00, 0x00, 0x00, 0xFF, 0xFF, 0x00, 0x00, 0x00, 0x00, 0x00, 0x00, 0xFF, 0xFF,
    0xFF, 0xFF, 0xFF, 0xFF, 0xFF, 0xFF, 0xFF, 0xFF, 0xFF, 0xFF, 0xFF, 0xFF, 0xFF, 0xFF, 0x00, 0x00,
    0x00, 0x00, 0x00, 0x00, 0xFF, 0xFF, 0x00, 0x00, 0x00, 0x00, 0x00, 0x00, 0x00, 0x00, 0x00, 0x00,
    0x00, 0x00, 0x00, 0x00, 0x00, 0x00, 0x00, 0x00, 0x00, 0x00, 0x00, 0x00, 0x00, 0x00, 0x00, 0x00,
    0xFF, 0xFF, 0x00, 0x00, 0x1F, 0x00, 0xFF, 0xFF, 0xFF, 0xFF, 0xFF, 0xFF, 0xFF, 0xFF, 0xBD, 0xBE,
    0xFD, 0xCE, 0x3E, 0xDF, 0xBD, 0xBE, 0xFF, 0xFF, 0xFF, 0xFF, 0xFF, 0xFF, 0xFF, 0xFF, 0x1F, 0x00,
    0x00, 0x00, 0xFF, 0xFF, 0x00, 0x00, 0x00, 0x00, 0x00, 0x00, 0x00, 0x00, 0x00, 0x00, 0x00, 0x00,
    0x00, 0x00, 0x00, 0x00, 0x00, 0x00, 0x00, 0x00, 0x00, 0x00, 0xFF, 0xFF, 0x00, 0x00, 0xBF, 0xEF,
    0xFF, 0xFF, 0xFF, 0xFF, 0x5D, 0xA6, 0x9C, 0xBE, 0x5C, 0xAE, 0x77, 0x1B, 0xBB, 0x8D, 0x5C, 0xAE,
    0x77, 0x1B, 0x5C, 0xAE, 0x9C, 0xBE, 0x5D, 0xA6, 0xFF, 0xFF, 0xFF, 0xFF, 0xBF, 0xEF, 0x00, 0x00,
    0xFF, 0xFF, 0x00, 0x00, 0x00, 0x00, 0x00, 0x00, 0x00, 0x00, 0x00, 0x00, 0x00, 0x00, 0x00, 0x00,
    0x00, 0x00, 0x00, 0x00, 0xFF, 0xFF, 0x00, 0x00, 0xFF, 0xFF, 0xFF, 0xFF, 0xDD, 0xC6, 0x17, 0x34,
    0xF7, 0x3B, 0x1D, 0xCF, 0xD7, 0x33, 0x97, 0x23, 0xDB, 0x95, 0x7C, 0xB6, 0x97, 0x23, 0xD7, 0x33,
    0xFD, 0xCE, 0xF7, 0x33, 0x18, 0x34, 0xDD, 0xC6, 0xFF, 0xFF, 0xFF, 0xFF, 0x00, 0x00, 0xFF, 0xFF,
    0x00, 0x00, 0x00, 0x00, 0x00, 0x00, 0x00, 0x00, 0x00, 0x00, 0x00, 0x00, 0x00, 0x00, 0xFF, 0xFF,
    0x00, 0x00, 0xFF, 0xFF, 0xFF, 0xFF, 0xDB, 0x95, 0x57, 0x1B, 0x97, 0x23, 0x7D, 0xBE, 0xBA, 0x64,
    0xB7, 0x2B, 0xB7, 0x23, 0xDB, 0x95, 0x5C, 0xAE, 0x97, 0x23, 0xB7, 0x23, 0xF9, 0x64, 0x9C, 0xBE,
    0x97, 0x23, 0x76, 0x1B, 0xDB, 0x95, 0xFF, 0xFF, 0xFF, 0xFF, 0x00, 0x00, 0xFF, 0xFF, 0x00, 0x00,
    0x00, 0x00, 0x00, 0x00, 0x00, 0x00, 0x00, 0x00, 0xFF, 0xFF, 0x00, 0x00, 0xDF, 0xFF, 0xFF, 0xFF,
    0xDB, 0x95, 0x57, 0x1B, 0x34, 0x34, 0x12, 0x55, 0x7B, 0xDF, 0x92, 0x3C, 0xD7, 0x33, 0x97, 0x23,
    0xDB, 0x95, 0x5C, 0xAE, 0x97, 0x23, 0xD7, 0x33, 0xD7, 0x2B, 0x1E, 0xD7, 0x58, 0x4C, 0xD7, 0x2B,
    0x56, 0x1B, 0xDB, 0x95, 0xFF, 0xFF, 0xDF, 0xFF, 0x00, 0x00, 0xFF, 0xFF, 0x00, 0x00, 0x00, 0x00,
    0x00, 0x00, 0x00, 0x00, 0xFF, 0xFF, 0xF7, 0x7D, 0xFF, 0xFF, 0xFE, 0xC6, 0x57, 0x1B, 0xB2, 0x44,
    0xA9, 0x4D, 0xB2, 0x9E, 0xD5, 0xA6, 0xC9, 0x4D, 0x4D, 0x4D, 0xB6, 0x23, 0xDB, 0x95, 0x5C, 0xAE,
    0x97, 0x23, 0xD7, 0x33, 0xB7, 0x23, 0xDB, 0x95, 0x7A, 0x85, 0xB7, 0x23, 0xD7, 0x33, 0x56, 0x1B,
    0xFE, 0xC6, 0xFF, 0xFF, 0xF7, 0x7D, 0xFF, 0xFF, 0x00, 0x00, 0x00, 0x00, 0x00, 0x00, 0xFF, 0xFF,
    0x00, 0x00, 0xFF, 0xFF, 0xFF, 0xFF, 0xF8, 0x3B, 0x13, 0x34, 0xAA, 0x55, 0xAA, 0x4D, 0x39, 0xC7,
    0x0F, 0x7E, 0x8A, 0x4D, 0xC9, 0x55, 0xEE, 0x3C, 0xBB, 0x95, 0x5C, 0xAE, 0x97, 0x23, 0xD7, 0x33,
    0xB7, 0x23, 0xB9, 0x5C, 0xBD, 0xBE, 0xB7, 0x2B, 0xD7, 0x33, 0xB7, 0x2B, 0x17, 0x3C, 0xFF, 0xFF,
    0xFF, 0xFF, 0x00, 0x00, 0xFF, 0xFF, 0x00, 0x00, 0x00, 0x00, 0xFF, 0xFF, 0x1F, 0x00, 0xFF, 0xFF,
    0x7D, 0xAE, 0x57, 0x1B, 0x0E, 0x4D, 0xA9, 0x55, 0x8B, 0x55, 0x7B, 0xDF, 0xAC, 0x5D, 0x8A, 0x4D,
    0x8A, 0x55, 0x6A, 0x45, 0x38, 0x9E, 0x5D, 0xAE, 0x97, 0x23, 0xD7, 0x33, 0xB7, 0x2B, 0x17, 0x3C,
    0x1E, 0xD7, 0xF7, 0x33, 0xB7, 0x2B, 0xD7, 0x33, 0x56, 0x1B, 0x7D, 0xAE, 0xFF, 0xFF, 0x1F, 0x00,
    0xFF, 0xFF, 0x00, 0x00, 0xFF, 0xFF, 0x00, 0x00, 0xFF, 0xFF, 0xFF, 0xFF, 0x99, 0x5C, 0x96, 0x23,
    0x4C, 0x4D, 0xAA, 0x4D, 0xCD, 0x65, 0x7A, 0xD7, 0x8A, 0x55, 0x8A, 0x55, 0x8B, 0x55, 0x8A, 0x45,
    0x95, 0xA6, 0x3D, 0xAE, 0xB7, 0x23, 0xD7, 0x33, 0xD7, 0x2B, 0xB7, 0x2B, 0xFD, 0xCE, 0x58, 0x44,
    0xB7, 0x2B, 0xD7, 0x33, 0x96, 0x23, 0x98, 0x5C, 0xFF, 0xFF, 0xFF, 0xFF, 0x00, 0x00, 0xFF, 0xFF,
    0xFF, 0xFF, 0x00, 0x00, 0xFF, 0xFF, 0xDF, 0xF7, 0xD7, 0x33, 0xB7, 0x2B, 0x4D, 0x4D, 0xA9, 0x4D,
    0x0F, 0x76, 0x39, 0xCF, 0x8A, 0x4D, 0x8B, 0x55, 0x8B, 0x55, 0x8A, 0x4D, 0x96, 0xA6, 0x3D, 0xAE,
    0xB7, 0x23, 0xD7, 0x33, 0xB8, 0x2B, 0xD6, 0x2B, 0xBC, 0xC6, 0x99, 0x54, 0xB7, 0x2B, 0xD7, 0x33,
    0xD7, 0x2B, 0xD7, 0x33, 0xDF, 0xF7, 0xFF, 0xFF, 0x00, 0x00, 0xFF, 0xFF, 0xFF, 0xFF, 0x00, 0x00,
    0xFF, 0xFF, 0x9F, 0xDF, 0x56, 0x13, 0x98, 0x23, 0xD0, 0x3C, 0xC8, 0x45, 0x30, 0x7E, 0xF6, 0xB6,
    0xA9, 0x45, 0x8A, 0x4D, 0xAA, 0x4D, 0x4A, 0x3D, 0xF9, 0x95, 0x3C, 0xAE, 0x97, 0x1B, 0x15, 0x2C,
    0x0E, 0x45, 0x8A, 0x45, 0x16, 0xB7, 0x75, 0x6D, 0xF5, 0x23, 0xB7, 0x23, 0xB7, 0x2B, 0x56, 0x13,
    0x9F, 0xDF, 0xFF, 0xFF, 0x00, 0x00, 0xFF, 0xFF, 0xFF, 0xFF, 0x00, 0x00, 0xFF, 0xFF, 0x5F, 0xD7,
    0xF9, 0x64, 0x1A, 0x75, 0x78, 0x75, 0x8F, 0x8E, 0x16, 0xB7, 0x5A, 0xCF, 0x51, 0x86, 0x51, 0x8E,
    0x90, 0x8E, 0xF3, 0x7D, 0x7D, 0xB6, 0xFD, 0xCE, 0xFA, 0x64, 0x33, 0x86, 0x90, 0x8E, 0x70, 0x86,
    0x5A, 0xD7, 0x35, 0xB7, 0xD4, 0x7D, 0xFB, 0x6C, 0x39, 0x75, 0xD9, 0x64, 0x5F, 0xD7, 0xFF, 0xFF,
    0x00, 0x00, 0xFF, 0xFF, 0xFF, 0xFF, 0x00, 0x00, 0xFF, 0xFF, 0x9F, 0xE7, 0xFB, 0x9D, 0x3C, 0xA6,
    0x3C, 0xA6, 0xFD, 0x9D, 0x1D, 0xCF, 0xBB, 0xE7, 0x35, 0xB7, 0xF6, 0xB6, 0x3C, 0xA6, 0xFD, 0x9D,
    0x3D, 0xD7, 0x5E, 0xE7, 0xD6, 0xAE, 0x16, 0xB7, 0xD7, 0xB6, 0xF6, 0xB6, 0x9C, 0xE7, 0x5A, 0xD7,
    0x35, 0xB7, 0xB8, 0xB6, 0x3C, 0xA6, 0x1B, 0x9E, 0x9F, 0xE7, 0xFF, 0xFF, 0x00, 0x00, 0xFF, 0xFF,
    0xFF, 0xFF, 0x00, 0x00, 0xFF, 0xFF, 0x9F, 0xDF, 0x56, 0x13, 0xB7, 0x2B, 0xB7, 0x2B, 0xB7, 0x1B,
    0xD9, 0x64, 0x99, 0xAE, 0x71, 0x2C, 0x34, 0x34, 0xD7, 0x2B, 0x97, 0x1B, 0x9B, 0x8D, 0x9A, 0xB6,
    0x6A, 0x3D, 0xAA, 0x4D, 0xAA, 0x4D, 0xA9, 0x45, 0xF6, 0xB6, 0x30, 0x7E, 0xC8, 0x45, 0x2D, 0x45,
    0xB7, 0x23, 0x56, 0x13, 0x9F, 0xDF, 0xFF, 0xFF, 0x00, 0x00, 0xFF, 0xFF, 0xFF, 0xFF, 0x00, 0x00,
    0xFF, 0xFF, 0xDF, 0xF7, 0xD7, 0x33, 0xD7, 0x2B, 0xD7, 0x33, 0xB7, 0x2B, 0xB8, 0x5C, 0x9D, 0xBE,
    0x98, 0x2B, 0xB8, 0x2B, 0xB8, 0x33, 0xB7, 0x23, 0xBC, 0x95, 0x37, 0xBF, 0x8A, 0x4D, 0x8B, 0x55,
    0x8B, 0x55, 0x8A, 0x4D, 0x39, 0xCF, 0x0F, 0x76, 0xAA, 0x4D, 0x8B, 0x55, 0xF5, 0x33, 0xB7, 0x2B,
    0xFF, 0xF7, 0xFF, 0xFF, 0x00, 0x00, 0xFF, 0xFF, 0xFF, 0xFF, 0x00, 0x00, 0xFF, 0xFF, 0xFF, 0xFF,
    0x98, 0x5C, 0x96, 0x23, 0xD7, 0x33, 0xB7, 0x2B, 0x58, 0x44, 0x1D, 0xCF, 0xB7, 0x2B, 0x15, 0x34,
    0x0E, 0x4D, 0x4B, 0x45, 0x77, 0x9E, 0x17, 0xBF, 0x89, 0x4D, 0x8B, 0x55, 0x8A, 0x55, 0x8A, 0x55,
    0x7A, 0xD7, 0xCD, 0x65, 0x8A, 0x4D, 0x8A, 0x55, 0xF4, 0x2B, 0x99, 0x54, 0xFF, 0xFF, 0xFF, 0xFF,
    0x00, 0x00, 0xFF, 0xFF, 0x00, 0x00, 0xFF, 0xFF, 0x1F, 0x00, 0xFF, 0xFF, 0x7D, 0xAE, 0x56, 0x1B,
    0xD7, 0x33, 0xB7, 0x2B, 0xF7, 0x33, 0x1E, 0xD7, 0x37, 0x3C, 0x4C, 0x4D, 0xC9, 0x55, 0xA9, 0x4D,
    0xD4, 0xA6, 0x18, 0xBF, 0x89, 0x4D, 0x8B, 0x55, 0x8A, 0x4D, 0xAC, 0x5D, 0x7B, 0xDF, 0x8B, 0x55,
    0x8A, 0x4D, 0x8B, 0x55, 0x95, 0x1B, 0x7D, 0xAE, 0xFF, 0xFF, 0x1F, 0x00, 0xFF, 0xFF, 0x00, 0x00,
    0x00, 0x00, 0xFF, 0xFF, 0x00, 0x00, 0xFF, 0xFF, 0xFF, 0xFF, 0x17, 0x3C, 0xB7, 0x2B, 0xD7, 0x33,
    0xB7, 0x2B, 0x7E, 0xB6, 0x93, 0x6D, 0xAA, 0x4D, 0x8B, 0x55, 0x89, 0x45, 0xB5, 0xA6, 0x17, 0xBF,
    0x89, 0x4D, 0x8B, 0x55, 0xAA, 0x4D, 0x2F, 0x7E, 0x39, 0xC7, 0x8A, 0x4D, 0xAA, 0x55, 0x0D, 0x45,
    0x18, 0x3C, 0xFF, 0xFF, 0xFF, 0xFF, 0x00, 0x00, 0xFF, 0xFF, 0x00, 0x00, 0x00, 0x00, 0x00, 0x00,
    0xFF, 0xFF, 0xF7, 0x7D, 0xFF, 0xFF, 0xFE, 0xC6, 0x56, 0x1B, 0xD7, 0x33, 0xB7, 0x23, 0x5B, 0x85,
    0xF3, 0xAE, 0x8A, 0x4D, 0xAB, 0x55, 0x89, 0x45, 0xB4, 0xA6, 0x17, 0xBF, 0x6A, 0x45, 0xAA, 0x55,
    0xAA, 0x4D, 0xD5, 0xA6, 0x93, 0x96, 0xAA, 0x4D, 0xCA, 0x55, 0x11, 0x2C, 0xDE, 0xC6, 0xFF, 0xFF,
    0xF7, 0x7D, 0xFF, 0xFF, 0x00, 0x00, 0x00, 0x00, 0x00, 0x00, 0x00, 0x00, 0xFF, 0xFF, 0x00, 0x00,
    0xDF, 0xFF, 0xFF, 0xFF, 0xDB, 0x95, 0x56, 0x1B, 0xD7, 0x2B, 0x38, 0x44, 0x7B, 0xDF, 0xAA, 0x55,
    0x8B, 0x55, 0x8A, 0x45, 0xB4, 0xA6, 0x18, 0xBF, 0x33, 0x2C, 0x2D, 0x4D, 0xCA, 0x55, 0x7B, 0xDF,
    0xEC, 0x6D, 0xC9, 0x55, 0x8E, 0x34, 0xBB, 0x95, 0xFF, 0xFF, 0xDF, 0xFF, 0x00, 0x00, 0xFF, 0xFF,
    0x00, 0x00, 0x00, 0x00, 0x00, 0x00, 0x00, 0x00, 0x00, 0x00, 0xFF, 0xFF, 0x00, 0x00, 0xFF, 0xFF,
    0xFF, 0xFF, 0xDB, 0x95, 0x76, 0x1B, 0xB7, 0x23, 0x7D, 0xB6, 0x30, 0x7E, 0xAA, 0x4D, 0xA8, 0x4D,
    0xF3, 0xAE, 0x5C, 0xAE, 0x97, 0x23, 0xF6, 0x2B, 0xB4, 0x75, 0x38, 0xC7, 0x2C, 0x3D, 0x31, 0x2C,
    0xBB, 0x8D, 0xFF, 0xFF, 0xFF, 0xFF, 0x00, 0x00, 0xFF, 0xFF, 0x00, 0x00, 0x00, 0x00, 0x00, 0x00,
    0x00, 0x00, 0x00, 0x00, 0x00, 0x00, 0x00, 0x00, 0xFF, 0xFF, 0x00, 0x00, 0xFF, 0xFF, 0xFF, 0xFF,
    0xDD, 0xC6, 0x18, 0x34, 0xF7, 0x33, 0xFE, 0xCE, 0x73, 0x3C, 0x90, 0x34, 0x58, 0x9E, 0x5D, 0xB6,
    0x97, 0x23, 0xD7, 0x33, 0xDF, 0xCE, 0x17, 0x3C, 0xF8, 0x33, 0xBE, 0xBE, 0xFF, 0xFF, 0xFF, 0xFF,
    0x00, 0x00, 0xFF, 0xFF, 0x00, 0x00, 0x00, 0x00, 0x00, 0x00, 0x00, 0x00, 0x00, 0x00, 0x00, 0x00,
    0x00, 0x00, 0x00, 0x00, 0x00, 0x00, 0xFF, 0xFF, 0x00, 0x00, 0xBF, 0xEF, 0xFF, 0xFF, 0xFF, 0xFF,
    0x5D, 0xA6, 0x9C, 0xBE, 0x3D, 0xAE, 0x58, 0x1B, 0x9B, 0x8D, 0x5C, 0xAE, 0x77, 0x1B, 0x5C, 0xAE,
    0xBC, 0xBE, 0x5D, 0xA6, 0xFF, 0xFF, 0xFF, 0xFF, 0xBE, 0xEF, 0x00, 0x00, 0xFF, 0xFF, 0x00, 0x00,
    0x00, 0x00, 0x00, 0x00, 0x00, 0x00, 0x00, 0x00, 0x00, 0x00, 0x00, 0x00, 0x00, 0x00, 0x00, 0x00,
    0x00, 0x00, 0x00, 0x00, 0xFF, 0xFF, 0x00, 0x00, 0x1F, 0x00, 0xFF, 0xFF, 0xFF, 0xFF, 0xFF, 0xFF,
    0xFF, 0xFF, 0xBC, 0xBE, 0xFD, 0xCE, 0x3E, 0xDF, 0xBD, 0xBE, 0xFF, 0xFF, 0xFF, 0xFF, 0xFF, 0xFF,
    0xFF, 0xFF, 0x1F, 0x00, 0x00, 0x00, 0xFF, 0xFF, 0x00, 0x00, 0x00, 0x00, 0x00, 0x00, 0x00, 0x00,
    0x00, 0x00, 0x00, 0x00, 0x00, 0x00, 0x00, 0x00, 0x00, 0x00, 0x00, 0x00, 0x00, 0x00, 0x00, 0x00,
    0x00, 0x00, 0xFF, 0xFF, 0x00, 0x00, 0x00, 0x00, 0x00, 0x00, 0xFF, 0xFF, 0xFF, 0xFF, 0xFF, 0xFF,
    0xFF, 0xFF, 0xFF, 0xFF, 0xFF, 0xFF, 0xFF, 0xFF, 0xFF, 0xFF, 0x00, 0x00, 0x00, 0x00, 0x00, 0x00,
    0xFF, 0xFF, 0x00, 0x00, 0x00, 0x00, 0x00, 0x00, 0x00, 0x00, 0x00, 0x00, 0x00, 0x00, 0x00, 0x00,
    0x00, 0x00, 0x00, 0x00, 0x00, 0x00, 0x00, 0x00, 0x00, 0x00, 0x00, 0x00, 0x00, 0x00, 0x00, 0x00,
    0x00, 0x00, 0xFF, 0xFF, 0xFF, 0xFF, 0x00, 0x00, 0x00, 0x00, 0x00, 0x00, 0x00, 0x00, 0x00, 0x00,
    0x00, 0x00, 0x00, 0x00, 0x00, 0x00, 0xFF, 0xFF, 0xFF, 0xFF, 0x00, 0x00, 0x00, 0x00, 0x00, 0x00,
    0x00, 0x00, 0x00, 0x00, 0x00, 0x00, 0x00, 0x00, 0x00, 0x00, 0x00, 0x00, 0x00, 0x00, 0x00, 0x00,
    0x00, 0x00, 0x00, 0x00, 0x00, 0x00, 0x00, 0x00, 0x00, 0x00, 0x00, 0x00, 0x00, 0x00, 0x00, 0x00,
    0x00, 0x00, 0xFF, 0xFF, 0xFF, 0xFF, 0xFF, 0xFF, 0xFF, 0xFF, 0xFF, 0xFF, 0xFF, 0xFF, 0xFF, 0xFF,
    0xFF, 0xFF, 0x00, 0x00, 0x00, 0x00, 0x00, 0x00, 0x00, 0x00, 0x00, 0x00, 0x00, 0x00, 0x00, 0x00,
    0x00, 0x00, 0x00, 0x00, 0x00, 0x00, 0x00, 0x00, 0x00, 0x00, 0x00, 0x00, 0x00, 0x00, 0x00, 0x00,
    0x00, 0x00, 0x00, 0x02, 0x04, 0x03, 0x02, 0x02, 0x03, 0x04, 0x02, 0x00, 0x00, 0x00, 0x00, 0x00,
    0x00, 0x00, 0x00, 0x00, 0x00, 0x00, 0x00, 0x00, 0x00, 0x00, 0x00, 0x00, 0x00, 0x00, 0x00, 0x03,
    0x01, 0x00, 0x00, 0x00, 0x00, 0x00, 0x00, 0x00, 0x00, 0x01, 0x03, 0x00, 0x00, 0x00, 0x00, 0x00,
    0x00, 0x00, 0x00, 0x00, 0x00, 0x00, 0x00, 0x00, 0x00, 0x00, 0x00, 0x02, 0x00, 0x00, 0x00, 0x28,
    0x63, 0x6A, 0x5D, 0x5D, 0x6A, 0x63, 0x28, 0x00, 0x00, 0x00, 0x02, 0x00, 0x00, 0x00, 0x00, 0x00,
    0x00, 0x00, 0x00, 0x00, 0x00, 0x00, 0x00, 0x00, 0x03, 0x00, 0x01, 0x5F, 0xC3, 0xFF, 0xCE, 0xBA,
    0xC3, 0xBE, 0xBA, 0xCE, 0xFF, 0xC3, 0x5F, 0x01, 0x00, 0x03, 0x00, 0x00, 0x00, 0x00, 0x00, 0x00,
    0x00, 0x00, 0x00, 0x00, 0x00, 0x04, 0x00, 0x30, 0xC6, 0xFF, 0xFF, 0xC5, 0xAA, 0xFB, 0xD7, 0xCD,
    0xFB, 0xAA, 0xC5, 0xFF, 0xFF, 0xC6, 0x30, 0x00, 0x04, 0x00, 0x00, 0x00, 0x00, 0x00, 0x00, 0x00,
    0x00, 0x00, 0x04, 0x00, 0x56, 0xF5, 0xFF, 0xFB, 0xE4, 0xA1, 0xFB, 0xFF, 0xD2, 0xC9, 0xFF, 0xFC,
    0xA1, 0xE4, 0xFB, 0xFF, 0xF5, 0x56, 0x00, 0x04, 0x00, 0x00, 0x00, 0x00, 0x00, 0x00, 0x00, 0x03,
    0x00, 0x55, 0xFF, 0xFF, 0xFA, 0xFF, 0xB1, 0xD7, 0xFF, 0xFF, 0xD4, 0xCB, 0xFF, 0xFF, 0xD7, 0xB1,
    0xFF, 0xFA, 0xFF, 0xFF, 0x55, 0x00, 0x03, 0x00, 0x00, 0x00, 0x00, 0x00, 0x02, 0x00, 0x2C, 0xF8,
    0xFE, 0xFC, 0xFF, 0xEB, 0xA4, 0xFC, 0xFE, 0xFF, 0xD4, 0xCB, 0xFF, 0xFE, 0xFC, 0xA4, 0xEB, 0xFF,
    0xFC, 0xFE, 0xF8, 0x2C, 0x00, 0x02, 0x00, 0x00, 0x00, 0x00, 0x02, 0x04, 0xCC, 0xFF, 0xFC, 0xFD,
    0xFF, 0xC6, 0xBE, 0xFF, 0xFC, 0xFF, 0xD4, 0xCB, 0xFF, 0xFC, 0xFF, 0xBE, 0xC6, 0xFF, 0xFD, 0xFC,
    0xFF, 0xCC, 0x04, 0x02, 0x00, 0x00, 0x00, 0x04, 0x00, 0x5B, 0xFF, 0xFB, 0xFF, 0xFE, 0xFF, 0xAD,
    0xDB, 0xFF, 0xFC, 0xFF, 0xD4, 0xCB, 0xFF, 0xFD, 0xFF, 0xDB, 0xAD, 0xFF, 0xFE, 0xFF, 0xFB, 0xFF,
    0x5B, 0x00, 0x04, 0x00, 0x00, 0x02, 0x01, 0xC8, 0xFE, 0xFC, 0xFF, 0xFF, 0xFA, 0xA4, 0xF3, 0xFF,
    0xFD, 0xFF, 0xD4, 0xCB, 0xFF, 0xFD, 0xFF, 0xF3, 0xA4, 0xFA, 0xFF, 0xFF, 0xFC, 0xFE, 0xC8, 0x01,
    0x02, 0x00, 0x02, 0x00, 0x26, 0xFE, 0xFF, 0xFE, 0xFE, 0xFF, 0xEB, 0xA6, 0xFE, 0xFF, 0xFE, 0xFF,
    0xD4, 0xCB, 0xFF, 0xFE, 0xFF, 0xFE, 0xA6, 0xEB, 0xFF, 0xFE, 0xFE, 0xFF, 0xFE, 0x26, 0x00, 0x02,
    0x04, 0x00, 0x5D, 0xFE, 0xFA, 0xFD, 0xFC, 0xFD, 0xDE, 0xAC, 0xFE, 0xFD, 0xFC, 0xFD, 0xD3, 0xCA,
    0xFD, 0xFC, 0xFD, 0xFE, 0xAC, 0xDE, 0xFD, 0xFC, 0xFD, 0xFA, 0xFE, 0x5D, 0x00, 0x04, 0x05, 0x00,
    0x8F, 0xFF, 0xFF, 0xFF, 0xFF, 0xFF, 0xD8, 0xB6, 0xFF, 0xFF, 0xFF, 0xFF, 0xD9, 0xCF, 0xFF, 0xFF,
    0xFF, 0xFF, 0xB6, 0xD8, 0xFF, 0xFF, 0xFF, 0xFF, 0xFF, 0x8F, 0x00, 0x05, 0x03, 0x00, 0x83, 0xD5,
    0xCD, 0xD0, 0xCF, 0xD0, 0xB6, 0xA8, 0xD0, 0xCF, 0xD0, 0xD0, 0xB9, 0xB4, 0xD0, 0xD0, 0xCF, 0xD0,
    0xA8, 0xB6, 0xD0, 0xCF, 0xD0, 0xCD, 0xD5, 0x83, 0x00, 0x03, 0x03, 0x00, 0x73, 0xBD, 0xB4, 0xB6,
    0xB6, 0xB6, 0xA7, 0xA0, 0xB6, 0xB6, 0xB6, 0xB6, 0xA9, 0xA6, 0xB6, 0xB6, 0xB6, 0xB6, 0xA0, 0xA7,
    0xB6, 0xB6, 0xB6, 0xB4, 0xBD, 0x73, 0x00, 0x03, 0x05, 0x00, 0x8F, 0xFF, 0xFF, 0xFF, 0xFF, 0xFF,
    0xD8, 0xB6, 0xFF, 0xFF, 0xFF, 0xFF, 0xD9, 0xCF, 0xFF, 0xFF, 0xFF, 0xFF, 0xB6, 0xD8, 0xFF, 0xFF,
    0xFF, 0xFF, 0xFF, 0x8F, 0x00, 0x05, 0x04, 0x00, 0x5D, 0xFE, 0xFA, 0xFD, 0xFC, 0xFD, 0xDE, 0xAC,
    0xFE, 0xFD, 0xFC, 0xFD, 0xD3, 0xCA, 0xFD, 0xFC, 0xFD, 0xFE, 0xAC, 0xDE, 0xFD, 0xFC, 0xFD, 0xFA,
    0xFE, 0x5D, 0x00, 0x04, 0x02, 0x00, 0x26, 0xFE, 0xFF, 0xFE, 0xFE, 0xFF, 0xEB, 0xA6, 0xFE, 0xFF,
    0xFE, 0xFF, 0xD4, 0xCB, 0xFF, 0xFE, 0xFF, 0xFE, 0xA6, 0xEB, 0xFF, 0xFE, 0xFE, 0xFF, 0xFE, 0x26,
    0x00, 0x02, 0x00, 0x02, 0x01, 0xC8, 0xFE, 0xFC, 0xFF, 0xFF, 0xFA, 0xA4, 0xF3, 0xFF, 0xFD, 0xFF,
    0xD4, 0xCB, 0xFF, 0xFD, 0xFF, 0xF3, 0xA4, 0xFA, 0xFF, 0xFF, 0xFC, 0xFE, 0xC8, 0x01, 0x02, 0x00,
    0x00, 0x04, 0x00, 0x5B, 0xFF, 0xFB, 0xFF, 0xFE, 0xFF, 0xAD, 0xDB, 0xFF, 0xFC, 0xFF, 0xD4, 0xCB,
    0xFF, 0xFD, 0xFF, 0xDB, 0xAD, 0xFF, 0xFE, 0xFF, 0xFB, 0xFF, 0x5B, 0x00, 0x04, 0x00, 0x00, 0x00,
    0x02, 0x04, 0xCC, 0xFF, 0xFC, 0xFD, 0xFF, 0xC6, 0xBE, 0xFF, 0xFC, 0xFF, 0xD4, 0xCB, 0xFF, 0xFC,
    0xFF, 0xBE, 0xC6, 0xFF, 0xFD, 0xFC, 0xFF, 0xCC, 0x04, 0x02, 0x00, 0x00, 0x00, 0x00, 0x02, 0x00,
    0x2C, 0xF8, 0xFE, 0xFC, 0xFF, 0xEB, 0xA4, 0xFC, 0xFE, 0xFF, 0xD4, 0xCB, 0xFF, 0xFE, 0xFC, 0xA4,
    0xEB, 0xFF, 0xFC, 0xFE, 0xF8, 0x2C, 0x00, 0x02, 0x00, 0x00, 0x00, 0x00, 0x00, 0x03, 0x00, 0x55,
    0xFF, 0xFF, 0xFA, 0xFF, 0xB1, 0xD7, 0xFF, 0xFF, 0xD4, 0xCB, 0xFF, 0xFF, 0xD7, 0xB1, 0xFF, 0xFA,
    0xFF, 0xFF, 0x55, 0x00, 0x03, 0x00, 0x00, 0x00, 0x00, 0x00, 0x00, 0x00, 0x04, 0x00, 0x56, 0xF5,
    0xFF, 0xFB, 0xE4, 0xA1, 0xFB, 0xFF, 0xD2, 0xC9, 0xFF, 0xFC, 0xA1, 0xE4, 0xFB, 0xFF, 0xF5, 0x56,
    0x00, 0x04, 0x00, 0x00, 0x00, 0x00, 0x00, 0x00, 0x00, 0x00, 0x00, 0x04, 0x00, 0x30, 0xC6, 0xFF,
    0xFF, 0xC5, 0xAA, 0xFB, 0xD7, 0xCD, 0xFB, 0xAA, 0xC5, 0xFF, 0xFF, 0xC6, 0x30, 0x00, 0x04, 0x00,
    0x00, 0x00, 0x00, 0x00, 0x00, 0x00, 0x00, 0x00, 0x00, 0x00, 0x03, 0x00, 0x01, 0x5F, 0xC3, 0xFF,
    0xCE, 0xBA, 0xC3, 0xBE, 0xBA, 0xCE, 0xFF, 0xC3, 0x5F, 0x01, 0x00, 0x03, 0x00, 0x00, 0x00, 0x00,
    0x00, 0x00, 0x00, 0x00, 0x00, 0x00, 0x00, 0x00, 0x00, 0x02, 0x00, 0x00, 0x00, 0x28, 0x63, 0x6A,
    0x5D, 0x5D, 0x6A, 0x63, 0x28, 0x00, 0x00, 0x00, 0x02, 0x00, 0x00, 0x00, 0x00, 0x00, 0x00, 0x00,
    0x00, 0x00, 0x00, 0x00, 0x00, 0x00, 0x00, 0x00, 0x00, 0x03, 0x01, 0x00, 0x00, 0x00, 0x00, 0x00,
    0x00, 0x00, 0x00, 0x01, 0x03, 0x00, 0x00, 0x00, 0x00, 0x00, 0x00, 0x00, 0x00, 0x00, 0x00, 0x00,
    0x00, 0x00, 0x00, 0x00, 0x00, 0x00, 0x00, 0x00, 0x00, 0x02, 0x04, 0x03, 0x02, 0x02, 0x03, 0x04,
    0x02, 0x00, 0x00, 0x00, 0x00, 0x00, 0x00, 0x00, 0x00, 0x00, 0x00, 0x00
};

#define ICON_AG_ETSY_W 30
#define ICON_AG_ETSY_H 30
static const uint8_t icon_ag_etsy_data[2700] = {
    0x00, 0x00, 0x00, 0x00, 0x00, 0x00, 0x00, 0x00, 0x00, 0x00, 0x00, 0x00, 0x00, 0x00, 0x00, 0x00,
    0x00, 0x00, 0x00, 0x00, 0x00, 0x00, 0x00, 0x00, 0x00, 0x00, 0x00, 0x00, 0xE0, 0xFF, 0xE0, 0xFF,
    0x00, 0x00, 0x00, 0x00, 0x00, 0x00, 0x00, 0x00, 0x00, 0x00, 0x00, 0x00, 0x00, 0x00, 0x00, 0x00,
    0x00, 0x00, 0x00, 0x00, 0x00, 0x00, 0x00, 0x00, 0x00, 0x00, 0x00, 0x00, 0x00, 0x00, 0x00, 0x00,
    0x00, 0x00, 0x00, 0x00, 0x00, 0x00, 0x00, 0x00, 0x00, 0x00, 0x00, 0x00, 0x00, 0x00, 0x00, 0x00,
    0x00, 0x00, 0x00, 0x00, 0xEF, 0xFB, 0xEF, 0xFB, 0x00, 0x00, 0x00, 0x00, 0xEF, 0xFB, 0xEF, 0xFB,
    0x00, 0x00, 0x00, 0x00, 0x00, 0x00, 0x00, 0x00, 0x00, 0x00, 0x00, 0x00, 0x00, 0x00, 0x00, 0x00,
    0x00, 0x00, 0x00, 0x00, 0x00, 0x00, 0x00, 0x00, 0x00, 0x00, 0x00, 0x00, 0x00, 0x00, 0x00, 0x00,
    0x00, 0x00, 0x00, 0x00, 0x00, 0x00, 0x00, 0x00, 0x00, 0x00, 0x00, 0x00, 0x00, 0x00, 0xEF, 0xFB,
    0x00, 0x00, 0x00, 0x00, 0x4B, 0xE4, 0x4B, 0xE4, 0x00, 0x00, 0x00, 0x00, 0xEF, 0xFB, 0x00, 0x00,
    0x00, 0x00, 0x00, 0x00, 0x00, 0x00, 0x00, 0x00, 0x00, 0x00, 0x00, 0x00, 0x00, 0x00, 0x00, 0x00,
    0x00, 0x00, 0x00, 0x00, 0x00, 0x00, 0x00, 0x00, 0x00, 0x00, 0x00, 0x00, 0x00, 0x00, 0x00, 0x00,
    0x00, 0x00, 0x00, 0x00, 0x00, 0x00, 0x00, 0x00, 0xAA, 0xAA, 0x00, 0x00, 0x8A, 0xD3, 0xCB, 0xDB,
    0xCA, 0xDB, 0xCA, 0xDB, 0xCB, 0xDB, 0x8A, 0xD3, 0x00, 0x00, 0xAA, 0xAA, 0x00, 0x00, 0x00, 0x00,
    0x00, 0x00, 0x00, 0x00, 0x00, 0x00, 0x00, 0x00, 0x00, 0x00, 0x00, 0x00, 0x00, 0x00, 0x00, 0x00,
    0x00, 0x00, 0x00, 0x00, 0x00, 0x00, 0x00, 0x00, 0x00, 0x00, 0x00, 0x00, 0x00, 0x00, 0x00, 0x00,
    0x00, 0x00, 0xEF, 0xFB, 0x00, 0x00, 0x8A, 0xD3, 0xEB, 0xE3, 0x0B, 0xEC, 0xAA, 0xDB, 0xAA, 0xDB,
    0x0B, 0xEC, 0xEB, 0xE3, 0x8A, 0xD3, 0x00, 0x00, 0xEF, 0xFB, 0x00, 0x00, 0x00, 0x00, 0x00, 0x00,
    0x00, 0x00, 0x00, 0x00, 0x00, 0x00, 0x00, 0x00, 0x00, 0x00, 0x00, 0x00, 0x00, 0x00, 0x00, 0x00,
    0x00, 0x00, 0x00, 0x00, 0x00, 0x00, 0x00, 0x00, 0x00, 0x00, 0x00, 0x00, 0xE0, 0xFB, 0x00, 0x00,
    0x8A, 0xDB, 0xEB, 0xE3, 0xEB, 0xE3, 0xAA, 0xDB, 0x00, 0x00, 0x00, 0x00, 0xAA, 0xDB, 0xEB, 0xE3,
    0xEB, 0xE3, 0x8A, 0xDB, 0x00, 0x00, 0xE0, 0xFB, 0x00, 0x00, 0x00, 0x00, 0x00, 0x00, 0x00, 0x00,
    0x00, 0x00, 0x00, 0x00, 0x00, 0x00, 0x00, 0x00, 0x00, 0x00, 0x00, 0x00, 0x00, 0x00, 0x00, 0x00,
    0x00, 0x00, 0x00, 0x00, 0x00, 0x00, 0x00, 0x00, 0xE7, 0xFB, 0x00, 0x00, 0xAA, 0xDB, 0x2C, 0xF4,
    0xAA, 0xD3, 0x00, 0x00, 0xEA, 0xD3, 0xEA, 0xD3, 0x00, 0x00, 0xAA, 0xD3, 0x2C, 0xF4, 0xAA, 0xDB,
    0x00, 0x00, 0xE7, 0xFB, 0x00, 0x00, 0x00, 0x00, 0x00, 0x00, 0x00, 0x00, 0x00, 0x00, 0x00, 0x00,
    0x00, 0x00, 0x00, 0x00, 0x00, 0x00, 0x00, 0x00, 0x00, 0x00, 0x00, 0x00, 0x00, 0x00, 0x00, 0x00,
    0x00, 0x00, 0x00, 0x00, 0xEF, 0xFB, 0x00, 0x00, 0xAA, 0xDB, 0xCB, 0xDB, 0xCC, 0xFC, 0x00, 0x00,
    0x00, 0x00, 0x00, 0x00, 0x00, 0x00, 0xCC, 0xFC, 0xCB, 0xDB, 0xAA, 0xDB, 0x00, 0x00, 0x2C, 0xCB,
    0x00, 0x00, 0x00, 0x00, 0x00, 0x00, 0x00, 0x00, 0x00, 0x00, 0x00, 0x00, 0x00, 0x00, 0x00, 0x00,
    0x00, 0x00, 0x00, 0x00, 0x00, 0x00, 0x00, 0x00, 0x00, 0x00, 0x00, 0x00, 0x00, 0x00, 0xE0, 0x7B,
    0x00, 0x00, 0x00, 0xF8, 0xCA, 0xDB, 0xAA, 0xD3, 0xCB, 0xD3, 0xCB, 0xE3, 0x8A, 0xD3, 0x8A, 0xD3,
    0xCB, 0xE3, 0xCB, 0xD3, 0xAA, 0xD3, 0xCA, 0xDB, 0x2C, 0xCB, 0x00, 0x00, 0x00, 0xF8, 0x00, 0x00,
    0x00, 0x00, 0x00, 0x00, 0x00, 0x00, 0x00, 0x00, 0x00, 0x00, 0x00, 0x00, 0x00, 0x00, 0x00, 0x00,
    0x00, 0x00, 0x00, 0x00, 0x00, 0x00, 0x00, 0x00, 0xE0, 0x7B, 0x00, 0x00, 0xAA, 0xD3, 0xCB, 0xE3,
    0xAB, 0xDB, 0xAA, 0xDB, 0xAA, 0xDB, 0xAA, 0xDB, 0xAA, 0xDB, 0xAA, 0xDB, 0xAA, 0xDB, 0xAA, 0xDB,
    0xAA, 0xDB, 0xAB, 0xDB, 0xCB, 0xE3, 0xAA, 0xD3, 0x00, 0x00, 0xE0, 0x7B, 0x00, 0x00, 0x00, 0x00,
    0x00, 0x00, 0x00, 0x00, 0x00, 0x00, 0x00, 0x00, 0x00, 0x00, 0x00, 0x00, 0x00, 0x00, 0x00, 0x00,
    0x00, 0x00, 0xAA, 0xFA, 0x00, 0x00, 0xCB, 0xDB, 0x0B, 0xE4, 0xCB, 0xE3, 0xCB, 0xDB, 0xCB, 0xDB,
    0xCB, 0xDB, 0xCB, 0xDB, 0xCB, 0xDB, 0xCB, 0xDB, 0xCB, 0xDB, 0xCB, 0xDB, 0xCB, 0xDB, 0xCB, 0xDB,
    0xCB, 0xDB, 0x0C, 0xEC, 0xCB, 0xDB, 0x00, 0x00, 0x4A, 0xFD, 0x00, 0x00, 0x00, 0x00, 0x00, 0x00,
    0x00, 0x00, 0x00, 0x00, 0x00, 0x00, 0x00, 0x00, 0x00, 0x00, 0x00, 0x00, 0x00, 0x00, 0x4A, 0xFD,
    0x00, 0x00, 0x8A, 0xDB, 0xEB, 0xEB, 0xAA, 0xDB, 0xAA, 0xDB, 0xAA, 0xDB, 0xAA, 0xDB, 0xAA, 0xDB,
    0xAA, 0xDB, 0xAA, 0xDB, 0xAA, 0xDB, 0xAA, 0xDB, 0xAA, 0xDB, 0xAA, 0xDB, 0xAA, 0xDB, 0xCB, 0xEB,
    0x8A, 0xD3, 0x00, 0x00, 0xFF, 0xFF, 0x00, 0x00, 0x00, 0x00, 0x00, 0x00, 0x00, 0x00, 0x00, 0x00,
    0x00, 0x00, 0x00, 0x00, 0x00, 0x00, 0x00, 0x00, 0x00, 0x00, 0xFF, 0xFF, 0x00, 0x00, 0x8F, 0xE4,
    0xAF, 0xEC, 0x6E, 0xDC, 0x6E, 0xDC, 0x6E, 0xDC, 0x6E, 0xDC, 0x6E, 0xDC, 0x6E, 0xDC, 0x6E, 0xDC,
    0x6E, 0xDC, 0x6E, 0xDC, 0x6E, 0xDC, 0x6E, 0xDC, 0x6E, 0xE4, 0x8F, 0xE4, 0x8E, 0xDC, 0x00, 0x00,
    0x00, 0x00, 0x00, 0x00, 0x00, 0x00, 0x00, 0x00, 0x00, 0x00, 0x00, 0x00, 0x00, 0x00, 0x00, 0x00,
    0x00, 0x00, 0x00, 0x00, 0x00, 0x00, 0x00, 0xF8, 0x00, 0x00, 0xF5, 0xED, 0xF5, 0xF5, 0xD5, 0xED,
    0xD5, 0xED, 0xD5, 0xED, 0xD5, 0xED, 0xD5, 0xED, 0xD5, 0xED, 0xD5, 0xED, 0xD5, 0xED, 0xD5, 0xED,
    0xD5, 0xED, 0xD5, 0xED, 0xD4, 0xED, 0xF5, 0xED, 0xD5, 0xED, 0x00, 0x00, 0x00, 0x00, 0x00, 0x00,
    0x00, 0x00, 0x00, 0x00, 0x00, 0x00, 0x00, 0x00, 0x00, 0x00, 0x00, 0x00, 0x00, 0x00, 0x00, 0x00,
    0x00, 0x00, 0xEF, 0xFB, 0x00, 0x00, 0x8A, 0xD3, 0xEB, 0xEB, 0xAA, 0xDB, 0xAA, 0xE3, 0xAA, 0xE3,
    0xAA, 0xE3, 0xAA, 0xE3, 0xAA, 0xE3, 0xAA, 0xE3, 0xAA, 0xE3, 0xAA, 0xE3, 0xAA, 0xE3, 0xAA, 0xE3,
    0xAA, 0xDB, 0xCA, 0xEB, 0x8A, 0xD3, 0x00, 0x00, 0x00, 0x00, 0x00, 0x00, 0x00, 0x00, 0x00, 0x00,
    0x00, 0x00, 0x00, 0x00, 0x00, 0x00, 0x00, 0x00, 0x00, 0x00, 0x00, 0x00, 0x00, 0x00, 0xEF, 0xFB,
    0x00, 0x00, 0xAB, 0xDB, 0xEB, 0xE3, 0xCA, 0xDB, 0xAA, 0xDB, 0xAA, 0xDB, 0xAA, 0xDB, 0xAA, 0xDB,
    0xAA, 0xDB, 0xAA, 0xDB, 0xAA, 0xDB, 0xAA, 0xDB, 0xAA, 0xDB, 0xAA, 0xDB, 0xAA, 0xDB, 0xCB, 0xE3,
    0xCB, 0xDB, 0x00, 0x00, 0x00, 0x00, 0x00, 0x00, 0x00, 0x00, 0x00, 0x00, 0x00, 0x00, 0x00, 0x00,
    0x00, 0x00, 0x00, 0x00, 0x00, 0x00, 0x00, 0x00, 0x00, 0x00, 0xEF, 0xFB, 0x00, 0x00, 0xAA, 0xDB,
    0xEB, 0xE3, 0xAA, 0xDB, 0xAA, 0xDB, 0xAA, 0xDB, 0xAA, 0xDB, 0xAA, 0xDB, 0xAA, 0xDB, 0xAA, 0xDB,
    0xAA, 0xDB, 0xAA, 0xDB, 0xAA, 0xDB, 0xAA, 0xDB, 0xAA, 0xDB, 0xCB, 0xE3, 0xAA, 0xDB, 0x00, 0x00,
    0x00, 0x00, 0x00, 0x00, 0x00, 0x00, 0x00, 0x00, 0x00, 0x00, 0x00, 0x00, 0x00, 0x00, 0x00, 0x00,
    0x00, 0x00, 0x00, 0x00, 0x00, 0x00, 0xEF, 0xFB, 0x00, 0x00, 0xAA, 0xDB, 0xEB, 0xE3, 0xAA, 0xDB,
    0xAA, 0xDB, 0xAA, 0xDB, 0xAA, 0xDB, 0xAA, 0xDB, 0xAA, 0xDB, 0xAA, 0xDB, 0xAA, 0xDB, 0xAA, 0xDB,
    0xAA, 0xDB, 0xAA, 0xDB, 0xAA, 0xDB, 0xCB, 0xE3, 0xAA, 0xDB, 0x00, 0x00, 0x00, 0x00, 0x00, 0x00,
    0x00, 0x00, 0x00, 0x00, 0x00, 0x00, 0x00, 0x00, 0x00, 0x00, 0x00, 0x00, 0x00, 0x00, 0x00, 0x00,
    0x00, 0x00, 0xEF, 0xFB, 0x00, 0x00, 0xAA, 0xDB, 0xEB, 0xE3, 0xAA, 0xDB, 0xAA, 0xDB, 0xAA, 0xDB,
    0xAA, 0xDB, 0xAA, 0xDB, 0xAA, 0xDB, 0xAA, 0xDB, 0xAA, 0xDB, 0xAA, 0xDB, 0xAA, 0xDB, 0xAA, 0xDB,
    0xAA, 0xDB, 0xCB, 0xE3, 0xAA, 0xDB, 0x00, 0x00, 0x00, 0x00, 0x00, 0x00, 0x00, 0x00, 0x00, 0x00,
    0x00, 0x00, 0x00, 0x00, 0x00, 0x00, 0x00, 0x00, 0x00, 0x00, 0x00, 0x00, 0x00, 0x00, 0xEF, 0xFB,
    0x00, 0x00, 0xAA, 0xDB, 0xEB, 0xE3, 0xAA, 0xDB, 0xAA, 0xDB, 0xAA, 0xDB, 0xAA, 0xDB, 0xAA, 0xDB,
    0xAA, 0xDB, 0xAA, 0xDB, 0xAA, 0xDB, 0xAA, 0xDB, 0xAA, 0xDB, 0xAA, 0xDB, 0xAA, 0xDB, 0xCB, 0xE3,
    0xAA, 0xDB, 0x00, 0x00, 0x00, 0x00, 0x00, 0x00, 0x00, 0x00, 0x00, 0x00, 0x00, 0x00, 0x00, 0x00,
    0x00, 0x00, 0x00, 0x00, 0x00, 0x00, 0x00, 0x00, 0x00, 0x00, 0xEF, 0xFB, 0x00, 0x00, 0xAA, 0xDB,
    0xEB, 0xE3, 0xAA, 0xDB, 0xAA, 0xDB, 0xAA, 0xDB, 0xAA, 0xDB, 0xAA, 0xDB, 0xAA, 0xDB, 0xAA, 0xDB,
    0xAA, 0xDB, 0xAA, 0xDB, 0xAA, 0xDB, 0xAA, 0xDB, 0xAA, 0xDB, 0xCB, 0xE3, 0xAA, 0xDB, 0x00, 0x00,
    0x00, 0x00, 0x00, 0x00, 0x00, 0x00, 0x00, 0x00, 0x00, 0x00, 0x00, 0x00, 0x00, 0x00, 0x00, 0x00,
    0x00, 0x00, 0x00, 0x00, 0x00, 0x00, 0xEF, 0xFB, 0x00, 0x00, 0xAB, 0xDB, 0xEB, 0xE3, 0xAA, 0xDB,
    0xAA, 0xDB, 0xAA, 0xDB, 0xAA, 0xDB, 0xAA, 0xDB, 0xAA, 0xDB, 0xAA, 0xDB, 0xAA, 0xDB, 0xAA, 0xDB,
    0xAA, 0xDB, 0xAA, 0xDB, 0xAA, 0xDB, 0xCB, 0xE3, 0xAA, 0xDB, 0x00, 0x00, 0x00, 0x00, 0x00, 0x00,
    0x00, 0x00, 0x00, 0x00, 0x00, 0x00, 0x00, 0x00, 0x00, 0x00, 0x00, 0x00, 0x00, 0x00, 0x00, 0x00,
    0x00, 0x00, 0xEF, 0xFB, 0x00, 0x00, 0xAB, 0xDB, 0xEB, 0xE3, 0xAA, 0xDB, 0xAA, 0xDB, 0xAA, 0xDB,
    0xAA, 0xDB, 0xAA, 0xDB, 0xAA, 0xDB, 0xAA, 0xDB, 0xAA, 0xDB, 0xAA, 0xDB, 0xAA, 0xDB, 0xAA, 0xDB,
    0xAA, 0xDB, 0xCB, 0xE3, 0xAA, 0xDB, 0x00, 0x00, 0x00, 0x00, 0x00, 0x00, 0x00, 0x00, 0x00, 0x00,
    0x00, 0x00, 0x00, 0x00, 0x00, 0x00, 0x00, 0x00, 0x00, 0x00, 0x00, 0x00, 0x00, 0x00, 0x4A, 0xFD,
    0x00, 0x00, 0xAA, 0xDB, 0xEB, 0xEB, 0xAA, 0xD3, 0xAA, 0xDB, 0xAA, 0xDB, 0xAA, 0xDB, 0xAA, 0xDB,
    0xAA, 0xDB, 0xAA, 0xDB, 0xAA, 0xDB, 0xAA, 0xDB, 0xAA, 0xDB, 0xAA, 0xDB, 0xAA, 0xDB, 0xEB, 0xE3,
    0xAA, 0xDB, 0x00, 0x00, 0xEF, 0xFB, 0x00, 0x00, 0x00, 0x00, 0x00, 0x00, 0x00, 0x00, 0x00, 0x00,
    0x00, 0x00, 0x00, 0x00, 0x00, 0x00, 0x00, 0x00, 0x00, 0x00, 0xAA, 0xAA, 0x00, 0x00, 0xAA, 0xD3,
    0xCB, 0xE3, 0xEB, 0xE3, 0xCB, 0xE3, 0xCB, 0xE3, 0xCB, 0xE3, 0xCB, 0xE3, 0xCB, 0xE3, 0xCB, 0xE3,
    0xCB, 0xE3, 0xCB, 0xE3, 0xCB, 0xE3, 0xCB, 0xE3, 0xEB, 0xE3, 0x0B, 0xEC, 0xAB, 0xDB, 0x00, 0x00,
    0xAA, 0xFA, 0x00, 0x00, 0x00, 0x00, 0x00, 0x00, 0x00, 0x00, 0x00, 0x00, 0x00, 0x00, 0x00, 0x00,
    0x00, 0x00, 0x00, 0x00, 0x00, 0x00, 0x00, 0x00, 0xE0, 0x7B, 0x00, 0x00, 0xAA, 0xD3, 0xCB, 0xE3,
    0xCB, 0xDB, 0xAA, 0xDB, 0xAA, 0xDB, 0xAA, 0xDB, 0xAA, 0xDB, 0xAA, 0xDB, 0xAA, 0xDB, 0xAA, 0xDB,
    0xAA, 0xDB, 0xCB, 0xDB, 0xCB, 0xE3, 0xAA, 0xD3, 0x00, 0x00, 0xE0, 0x7B, 0x00, 0x00, 0x00, 0x00,
    0x00, 0x00, 0x00, 0x00, 0x00, 0x00, 0x00, 0x00, 0x00, 0x00, 0x00, 0x00, 0x00, 0x00, 0x00, 0x00,
    0x00, 0x00, 0x00, 0x00, 0x00, 0x00, 0xEF, 0x7B, 0x00, 0x00, 0x00, 0x00, 0xFF, 0xFF, 0x00, 0x00,
    0x00, 0x00, 0x00, 0x00, 0x00, 0x00, 0x00, 0x00, 0x00, 0x00, 0x00, 0x00, 0x00, 0x00, 0xFF, 0xFF,
    0x00, 0x00, 0x00, 0x00, 0xE0, 0xFF, 0x00, 0x00, 0x00, 0x00, 0x00, 0x00, 0x00, 0x00, 0x00, 0x00,
    0x00, 0x00, 0x00, 0x00, 0x00, 0x00, 0x00, 0x00, 0x00, 0x00, 0x00, 0x00, 0x00, 0x00, 0x00, 0x00,
    0x00, 0x00, 0x00, 0x00, 0xAA, 0xAA, 0xEF, 0xFB, 0x00, 0x00, 0x00, 0x00, 0x00, 0x00, 0x00, 0x00,
    0x00, 0x00, 0x00, 0x00, 0x00, 0x00, 0x00, 0x00, 0x00, 0x00, 0x00, 0x00, 0xFF, 0xFF, 0xAA, 0xFA,
    0x00, 0x00, 0x00, 0x00, 0x00, 0x00, 0x00, 0x00, 0x00, 0x00, 0x00, 0x00, 0x00, 0x00, 0x00, 0x00,
    0x00, 0x00, 0x00, 0x00, 0x00, 0x00, 0x00, 0x00, 0x00, 0x00, 0x00, 0x00, 0x00, 0x00, 0x00, 0x00,
    0x00, 0x00, 0x00, 0x00, 0x00, 0x00, 0x00, 0x00, 0x00, 0x00, 0x00, 0x00, 0x00, 0x00, 0x00, 0x00,
    0x00, 0x00, 0x00, 0x00, 0x00, 0x00, 0x00, 0x00, 0x00, 0x00, 0x00, 0x00, 0x00, 0x00, 0x00, 0x00,
    0x00, 0x00, 0x00, 0x00, 0x00, 0x00, 0x00, 0x00, 0x00, 0x00, 0x00, 0x00, 0x00, 0x00, 0x00, 0x00,
    0x00, 0x00, 0x00, 0x00, 0x00, 0x00, 0x00, 0x00, 0x00, 0x00, 0x00, 0x00, 0x00, 0x00, 0x00, 0x00,
    0x00, 0x00, 0x00, 0x00, 0x00, 0x00, 0x00, 0x00, 0x00, 0x00, 0x00, 0x00, 0x00, 0x00, 0x00, 0x00,
    0x00, 0x00, 0x00, 0x00, 0x00, 0x00, 0x00, 0x00, 0x00, 0x00, 0x00, 0x00, 0x00, 0x00, 0x00, 0x00,
    0x00, 0x00, 0x00, 0x00, 0x00, 0x00, 0x00, 0x00, 0x00, 0x00, 0x00, 0x00, 0x00, 0x00, 0x00, 0x00,
    0x00, 0x00, 0x00, 0x00, 0x00, 0x00, 0x01, 0x01, 0x00, 0x00, 0x00, 0x00, 0x00, 0x00, 0x00, 0x00,
    0x00, 0x00, 0x00, 0x00, 0x00, 0x00, 0x00, 0x00, 0x00, 0x00, 0x00, 0x00, 0x00, 0x00, 0x00, 0x00,
    0x00, 0x00, 0x02, 0x02, 0x00, 0x00, 0x02, 0x02, 0x00, 0x00, 0x00, 0x00, 0x00, 0x00, 0x00, 0x00,
    0x00, 0x00, 0x00, 0x00, 0x00, 0x00, 0x00, 0x00, 0x00, 0x00, 0x00, 0x00, 0x00, 0x00, 0x00, 0x02,
    0x00, 0x00, 0x0B, 0x0B, 0x00, 0x00, 0x02, 0x00, 0x00, 0x00, 0x00, 0x00, 0x00, 0x00, 0x00, 0x00,
    0x00, 0x00, 0x00, 0x00, 0x00, 0x00, 0x00, 0x00, 0x00, 0x00, 0x00, 0x00, 0x03, 0x00, 0x3A, 0xB4,
    0xF4, 0xF4, 0xB4, 0x3A, 0x00, 0x03, 0x00, 0x00, 0x00, 0x00, 0x00, 0x00, 0x00, 0x00, 0x00, 0x00,
    0x00, 0x00, 0x00, 0x00, 0x00, 0x00, 0x00, 0x00, 0x00, 0x02, 0x00, 0x54, 0xFF, 0xFF, 0xCB, 0xCB,
    0xFF, 0xFF, 0x54, 0x00, 0x02, 0x00, 0x00, 0x00, 0x00, 0x00, 0x00, 0x00, 0x00, 0x00, 0x00, 0x00,
    0x00, 0x00, 0x00, 0x00, 0x00, 0x00, 0x02, 0x01, 0x21, 0xF4, 0xE6, 0x3C, 0x00, 0x00, 0x3C, 0xE6,
    0xF4, 0x21, 0x01, 0x02, 0x00, 0x00, 0x00, 0x00, 0x00, 0x00, 0x00, 0x00, 0x00, 0x00, 0x00, 0x00,
    0x00, 0x00, 0x00, 0x00, 0x04, 0x00, 0x86, 0xFF, 0x53, 0x00, 0x06, 0x06, 0x00, 0x53, 0xFF, 0x86,
    0x01, 0x04, 0x00, 0x00, 0x00, 0x00, 0x00, 0x00, 0x00, 0x00, 0x00, 0x00, 0x00, 0x00, 0x00, 0x00,
    0x00, 0x01, 0x04, 0x00, 0xDA, 0xFF, 0x05, 0x00, 0x00, 0x00, 0x00, 0x05, 0xFF, 0xDA, 0x00, 0x05,
    0x01, 0x00, 0x00, 0x00, 0x00, 0x00, 0x00, 0x00, 0x00, 0x00, 0x00, 0x00, 0x00, 0x00, 0x00, 0x02,
    0x00, 0x01, 0x83, 0x80, 0x11, 0x11, 0x12, 0x12, 0x11, 0x11, 0x80, 0x83, 0x05, 0x00, 0x01, 0x00,
    0x00, 0x00, 0x00, 0x00, 0x00, 0x00, 0x00, 0x00, 0x00, 0x00, 0x00, 0x00, 0x02, 0x00, 0x5F, 0xD5,
    0xDB, 0xDD, 0xEE, 0xEE, 0xEE, 0xEE, 0xEE, 0xEE, 0xDD, 0xDB, 0xDC, 0x73, 0x00, 0x02, 0x00, 0x00,
    0x00, 0x00, 0x00, 0x00, 0x00, 0x00, 0x00, 0x00, 0x00, 0x03, 0x00, 0x49, 0xFF, 0xFF, 0xFF, 0xFF,
    0xFF, 0xFF, 0xFF, 0xFF, 0xFF, 0xFF, 0xFF, 0xFF, 0xFF, 0xFF, 0x65, 0x00, 0x03, 0x00, 0x00, 0x00,
    0x00, 0x00, 0x00, 0x00, 0x00, 0x00, 0x00, 0x03, 0x00, 0xB8, 0xFF, 0xFF, 0xFF, 0xFF, 0xFF, 0xFF,
    0xFF, 0xFF, 0xFF, 0xFF, 0xFF, 0xFF, 0xFF, 0xFF, 0xD7, 0x00, 0x01, 0x01, 0x00, 0x00, 0x00, 0x00,
    0x00, 0x00, 0x00, 0x00, 0x00, 0x01, 0x00, 0xA2, 0xD4, 0xD1, 0xD3, 0xD3, 0xD3, 0xD3, 0xD3, 0xD3,
    0xD3, 0xD3, 0xD3, 0xD3, 0xD1, 0xD4, 0xB4, 0x00, 0x00, 0x01, 0x00, 0x00, 0x00, 0x00, 0x00, 0x00,
    0x00, 0x00, 0x00, 0x01, 0x00, 0x82, 0xA8, 0xA3, 0xA5, 0xA5, 0xA5, 0xA5, 0xA5, 0xA5, 0xA5, 0xA5,
    0xA5, 0xA5, 0xA4, 0xA8, 0x8B, 0x00, 0x00, 0x00, 0x00, 0x00, 0x00, 0x00, 0x00, 0x00, 0x00, 0x00,
    0x00, 0x02, 0x00, 0xC4, 0xFF, 0xFF, 0xFF, 0xFF, 0xFF, 0xFF, 0xFF, 0xFF, 0xFF, 0xFF, 0xFF, 0xFF,
    0xFF, 0xFF, 0xE1, 0x00, 0x00, 0x01, 0x00, 0x00, 0x00, 0x00, 0x00, 0x00, 0x00, 0x00, 0x00, 0x02,
    0x00, 0xBC, 0xFD, 0xFA, 0xFD, 0xFD, 0xFD, 0xFD, 0xFD, 0xFD, 0xFD, 0xFD, 0xFD, 0xFD, 0xFB, 0xFD,
    0xD6, 0x00, 0x00, 0x01, 0x00, 0x00, 0x00, 0x00, 0x00, 0x00, 0x00, 0x00, 0x00, 0x02, 0x00, 0xBD,
    0xFF, 0xFC, 0xFF, 0xFF, 0xFF, 0xFF, 0xFF, 0xFF, 0xFF, 0xFF, 0xFF, 0xFF, 0xFD, 0xFF, 0xD8, 0x00,
    0x00, 0x01, 0x00, 0x00, 0x00, 0x00, 0x00, 0x00, 0x00, 0x00, 0x00, 0x02, 0x00, 0xBD, 0xFF, 0xFC,
    0xFF, 0xFF, 0xFF, 0xFF, 0xFF, 0xFF, 0xFF, 0xFF, 0xFF, 0xFF, 0xFD, 0xFF, 0xD8, 0x00, 0x00, 0x01,
    0x00, 0x00, 0x00, 0x00, 0x00, 0x00, 0x00, 0x00, 0x00, 0x02, 0x00, 0xBD, 0xFF, 0xFC, 0xFF, 0xFF,
    0xFF, 0xFF, 0xFF, 0xFF, 0xFF, 0xFF, 0xFF, 0xFF, 0xFD, 0xFF, 0xD8, 0x00, 0x00, 0x01, 0x00, 0x00,
    0x00, 0x00, 0x00, 0x00, 0x00, 0x00, 0x00, 0x02, 0x00, 0xBD, 0xFF, 0xFC, 0xFF, 0xFF, 0xFF, 0xFF,
    0xFF, 0xFF, 0xFF, 0xFF, 0xFF, 0xFF, 0xFD, 0xFF, 0xD8, 0x00, 0x00, 0x01, 0x00, 0x00, 0x00, 0x00,
    0x00, 0x00, 0x00, 0x00, 0x00, 0x02, 0x00, 0xBD, 0xFF, 0xFC, 0xFF, 0xFF, 0xFF, 0xFF, 0xFF, 0xFF,
    0xFF, 0xFF, 0xFF, 0xFF, 0xFD, 0xFF, 0xD8, 0x00, 0x00, 0x01, 0x00, 0x00, 0x00, 0x00, 0x00, 0x00,
    0x00, 0x00, 0x00, 0x02, 0x00, 0xBC, 0xFF, 0xFC, 0xFF, 0xFF, 0xFF, 0xFF, 0xFF, 0xFF, 0xFF, 0xFF,
    0xFF, 0xFF, 0xFD, 0xFF, 0xD7, 0x00, 0x00, 0x01, 0x00, 0x00, 0x00, 0x00, 0x00, 0x00, 0x00, 0x00,
    0x00, 0x02, 0x00, 0xBF, 0xFE, 0xFC, 0xFF, 0xFF, 0xFF, 0xFF, 0xFF, 0xFF, 0xFF, 0xFF, 0xFF, 0xFF,
    0xFD, 0xFF, 0xD9, 0x00, 0x00, 0x01, 0x00, 0x00, 0x00, 0x00, 0x00, 0x00, 0x00, 0x00, 0x00, 0x03,
    0x00, 0xAB, 0xFF, 0xF8, 0xFD, 0xFD, 0xFD, 0xFD, 0xFD, 0xFD, 0xFD, 0xFD, 0xFD, 0xFD, 0xF9, 0xFD,
    0xC9, 0x00, 0x02, 0x00, 0x00, 0x00, 0x00, 0x00, 0x00, 0x00, 0x00, 0x00, 0x00, 0x03, 0x00, 0x3A,
    0xFF, 0xFF, 0xFF, 0xFF, 0xFF, 0xFF, 0xFF, 0xFF, 0xFF, 0xFF, 0xFF, 0xFF, 0xFF, 0xFF, 0x54, 0x00,
    0x03, 0x00, 0x00, 0x00, 0x00, 0x00, 0x00, 0x00, 0x00, 0x00, 0x00, 0x00, 0x02, 0x00, 0x44, 0xBB,
    0xD6, 0xD7, 0xD8, 0xD8, 0xD8, 0xD8, 0xD8, 0xD8, 0xD7, 0xD6, 0xC3, 0x56, 0x00, 0x02, 0x00, 0x00,
    0x00, 0x00, 0x00, 0x00, 0x00, 0x00, 0x00, 0x00, 0x00, 0x00, 0x00, 0x02, 0x00, 0x00, 0x01, 0x00,
    0x00, 0x00, 0x00, 0x00, 0x00, 0x00, 0x00, 0x01, 0x00, 0x00, 0x01, 0x00, 0x00, 0x00, 0x00, 0x00,
    0x00, 0x00, 0x00, 0x00, 0x00, 0x00, 0x00, 0x00, 0x00, 0x00, 0x03, 0x02, 0x00, 0x00, 0x00, 0x00,
    0x00, 0x00, 0x00, 0x00, 0x00, 0x00, 0x01, 0x03, 0x00, 0x00, 0x00, 0x00, 0x00, 0x00, 0x00, 0x00,
    0x00, 0x00, 0x00, 0x00, 0x00, 0x00, 0x00, 0x00, 0x00, 0x00, 0x00, 0x00, 0x00, 0x00, 0x00, 0x00,
    0x00, 0x00, 0x00, 0x00, 0x00, 0x00, 0x00, 0x00, 0x00, 0x00, 0x00, 0x00, 0x00, 0x00, 0x00, 0x00,
    0x00, 0x00, 0x00, 0x00, 0x00, 0x00, 0x00, 0x00, 0x00, 0x00, 0x00, 0x00, 0x00, 0x00, 0x00, 0x00,
    0x00, 0x00, 0x00, 0x00, 0x00, 0x00, 0x00, 0x00, 0x00, 0x00, 0x00, 0x00
};

#define ICON_AG_UPWORK_W 30
#define ICON_AG_UPWORK_H 30
static const uint8_t icon_ag_upwork_data[2700] = {
    0x00, 0x00, 0x00, 0x00, 0x00, 0x00, 0x00, 0x00, 0x00, 0x00, 0x00, 0x00, 0x00, 0x00, 0x00, 0x00,
    0x00, 0x00, 0x00, 0x00, 0x00, 0x00, 0x00, 0x00, 0x00, 0x00, 0x00, 0x00, 0x00, 0x00, 0x00, 0x00,
    0x00, 0x00, 0x00, 0x00, 0x00, 0x00, 0x00, 0x00, 0x00, 0x00, 0x00, 0x00, 0x00, 0x00, 0x00, 0x00,
    0x00, 0x00, 0x00, 0x00, 0x00, 0x00, 0x00, 0x00, 0x00, 0x00, 0x00, 0x00, 0x00, 0x00, 0x00, 0x00,
    0x00, 0x00, 0x00, 0x00, 0x00, 0x00, 0x00, 0x00, 0x00, 0x00, 0x00, 0x00, 0x00, 0x00, 0x00, 0x00,
    0x00, 0x00, 0x00, 0x00, 0x00, 0x00, 0x00, 0x00, 0x00, 0x00, 0x00, 0x00, 0x00, 0x00, 0x00, 0x00,
    0x00, 0x00, 0x00, 0x00, 0x00, 0x00, 0x00, 0x00, 0x00, 0x00, 0x00, 0x00, 0x00, 0x00, 0x00, 0x00,
    0x00, 0x00, 0x00, 0x00, 0x00, 0x00, 0x00, 0x00, 0x00, 0x00, 0x00, 0x00, 0x00, 0x00, 0x00, 0x00,
    0x00, 0x00, 0x00, 0x00, 0x00, 0x00, 0x00, 0x00, 0x00, 0x00, 0x00, 0x00, 0x00, 0x00, 0x00, 0x00,
    0xE0, 0x7B, 0xE7, 0x79, 0xE7, 0x79, 0xE7, 0x79, 0xE7, 0x79, 0xE0, 0x7B, 0x00, 0x00, 0x00, 0x00,
    0x00, 0x00, 0x00, 0x00, 0x00, 0x00, 0x00, 0x00, 0x00, 0x00, 0x00, 0x00, 0x00, 0x00, 0x00, 0x00,
    0x00, 0x00, 0x00, 0x00, 0x00, 0x00, 0x00, 0x00, 0x00, 0x00, 0x00, 0x00, 0x00, 0x00, 0x00, 0x00,
    0x00, 0x00, 0x00, 0x00, 0x00, 0x00, 0x00, 0x00, 0x00, 0x00, 0x00, 0x00, 0x00, 0x00, 0x00, 0x00,
    0x00, 0x00, 0x00, 0x00, 0x00, 0x00, 0x00, 0x00, 0x00, 0x00, 0x00, 0x00, 0x00, 0x00, 0x00, 0x00,
    0x00, 0x00, 0x00, 0x00, 0x00, 0x00, 0x00, 0x00, 0x00, 0x00, 0x00, 0x00, 0x00, 0x00, 0x00, 0x00,
    0x00, 0x00, 0x00, 0x00, 0x00, 0x00, 0x00, 0x00, 0x00, 0x00, 0x00, 0x00, 0x00, 0x00, 0x00, 0x00,
    0x00, 0x00, 0x00, 0x00, 0x00, 0x78, 0x00, 0x00, 0x65, 0x7A, 0x85, 0x7A, 0x65, 0x7A, 0x65, 0x72,
    0x85, 0x7A, 0x45, 0x72, 0x00, 0x00, 0x00, 0xF8, 0x00, 0x00, 0x00, 0x00, 0x00, 0x00, 0x00, 0x00,
    0x00, 0x00, 0x00, 0x00, 0x00, 0x00, 0x00, 0x00, 0x00, 0x00, 0x00, 0x00, 0x00, 0x00, 0x00, 0x00,
    0x00, 0x00, 0x00, 0x00, 0x00, 0x00, 0x00, 0x00, 0x00, 0x00, 0x00, 0x00, 0x00, 0x00, 0x00, 0x00,
    0x00, 0xF8, 0x44, 0x6A, 0x65, 0x7A, 0xC6, 0x82, 0xA6, 0x82, 0xA6, 0x82, 0xA6, 0x82, 0x65, 0x72,
    0x85, 0x7A, 0x00, 0x00, 0x00, 0xF8, 0x00, 0x00, 0x00, 0x00, 0x00, 0x00, 0x00, 0x00, 0x00, 0x00,
    0x00, 0x00, 0x00, 0x00, 0x00, 0x00, 0x00, 0x00, 0x00, 0x00, 0x00, 0x00, 0x00, 0x00, 0x00, 0x00,
    0x00, 0x00, 0x00, 0x00, 0x00, 0xF8, 0xE0, 0xFF, 0x00, 0xF8, 0x00, 0xF8, 0x00, 0xF8, 0x45, 0x7A,
    0x65, 0x72, 0x65, 0x7A, 0x65, 0x72, 0x65, 0x7A, 0x65, 0x72, 0x85, 0x7A, 0x65, 0x7A, 0x00, 0xF8,
    0x40, 0xAD, 0x00, 0xF8, 0xE0, 0xFF, 0x00, 0xF8, 0x00, 0x00, 0x00, 0x00, 0x00, 0x00, 0x00, 0x00,
    0x00, 0x00, 0x00, 0x00, 0x00, 0x00, 0x00, 0x00, 0x00, 0x00, 0x00, 0x00, 0x00, 0x00, 0xAA, 0xAA,
    0x00, 0x00, 0x00, 0x00, 0x00, 0x00, 0x00, 0x00, 0x00, 0x00, 0xC3, 0x71, 0x65, 0x72, 0x65, 0x72,
    0x00, 0x00, 0x00, 0x00, 0x65, 0x72, 0x85, 0x7A, 0x65, 0x72, 0x00, 0x00, 0x00, 0x00, 0x00, 0x00,
    0x00, 0x00, 0x00, 0x00, 0xAA, 0xAA, 0x00, 0x00, 0x00, 0x00, 0x00, 0x00, 0x00, 0x00, 0x00, 0x00,
    0x00, 0x00, 0x00, 0x00, 0x00, 0x00, 0x00, 0x00, 0x00, 0x00, 0x00, 0x00, 0x29, 0x9B, 0xC9, 0xB3,
    0x47, 0xA3, 0x07, 0xAB, 0x47, 0xA3, 0xE6, 0x92, 0x85, 0x7A, 0x85, 0x7A, 0x27, 0x9B, 0x27, 0x9B,
    0x85, 0x7A, 0xA6, 0x82, 0xC6, 0x8A, 0x47, 0xA3, 0x46, 0xA3, 0x47, 0xA3, 0xC9, 0xA3, 0x88, 0xA3,
    0x00, 0x00, 0x00, 0x00, 0x00, 0x00, 0x00, 0x00, 0x00, 0x00, 0x00, 0x00, 0x00, 0x00, 0x00, 0x00,
    0x00, 0x00, 0xE0, 0x7B, 0x00, 0x00, 0x47, 0x9B, 0x68, 0xA3, 0x68, 0xA3, 0x68, 0xA3, 0x68, 0x9B,
    0x68, 0x9B, 0x48, 0xA3, 0x47, 0x9B, 0x47, 0x9B, 0x68, 0x9B, 0x68, 0x9B, 0x47, 0x9B, 0x47, 0x9B,
    0x47, 0x9B, 0x68, 0x9B, 0x68, 0x9B, 0x68, 0xA3, 0x68, 0xA3, 0x68, 0xA3, 0x67, 0xA3, 0x26, 0x9B,
    0xE0, 0xFF, 0x00, 0x00, 0x00, 0x00, 0x00, 0x00, 0x00, 0x00, 0x00, 0x00, 0xE7, 0x7B, 0x00, 0x00,
    0x68, 0xA3, 0xA8, 0xB3, 0x68, 0xA3, 0x68, 0xA3, 0x68, 0xA3, 0x68, 0xA3, 0x68, 0xA3, 0x68, 0xA3,
    0x68, 0xA3, 0x68, 0xA3, 0x68, 0xA3, 0x68, 0xA3, 0x68, 0xA3, 0x68, 0xA3, 0x68, 0xA3, 0x68, 0xA3,
    0x68, 0xA3, 0x68, 0xA3, 0x68, 0xA3, 0x68, 0xA3, 0xC8, 0xB3, 0x47, 0xA3, 0x00, 0x00, 0x4A, 0xAD,
    0x00, 0x00, 0x00, 0x00, 0x00, 0x00, 0x00, 0x00, 0xEF, 0x7B, 0x00, 0x00, 0x68, 0xA3, 0x88, 0xAB,
    0x68, 0xA3, 0x68, 0x9B, 0x68, 0x9B, 0x68, 0x9B, 0x68, 0x9B, 0x68, 0x9B, 0x68, 0xA3, 0x68, 0xA3,
    0x68, 0x9B, 0x68, 0x9B, 0x68, 0xA3, 0x68, 0xA3, 0x68, 0x9B, 0x68, 0x9B, 0x68, 0x9B, 0x68, 0x9B,
    0x68, 0x9B, 0x48, 0xA3, 0x88, 0xA3, 0x48, 0x9B, 0x00, 0x00, 0x00, 0x00, 0x00, 0x00, 0x00, 0x00,
    0x00, 0x00, 0x00, 0x00, 0xEF, 0x7B, 0x00, 0x00, 0x47, 0xA3, 0x88, 0xAB, 0x67, 0x9B, 0x68, 0xA3,
    0x68, 0xA3, 0x68, 0xA3, 0x68, 0xA3, 0x68, 0xA3, 0x68, 0xA3, 0x68, 0xA3, 0x68, 0x9B, 0x68, 0x9B,
    0x68, 0xA3, 0x68, 0xA3, 0x68, 0xA3, 0x68, 0xA3, 0x68, 0xA3, 0x68, 0xA3, 0x68, 0xA3, 0x47, 0xA3,
    0x88, 0xA3, 0x48, 0x9B, 0x00, 0x00, 0x00, 0x00, 0x00, 0x00, 0x00, 0x00, 0x00, 0x00, 0x00, 0x00,
    0xEF, 0x7B, 0x00, 0x00, 0x67, 0xA3, 0x88, 0xAB, 0x67, 0xA3, 0x68, 0xA3, 0x68, 0xA3, 0x68, 0xA3,
    0x68, 0xA3, 0x68, 0xA3, 0x68, 0xA3, 0x68, 0xA3, 0x68, 0xA3, 0x68, 0xA3, 0x68, 0xA3, 0x68, 0xA3,
    0x68, 0xA3, 0x68, 0xA3, 0x68, 0xA3, 0x68, 0xA3, 0x68, 0xA3, 0x67, 0xA3, 0x88, 0xA3, 0x47, 0x9B,
    0x00, 0x00, 0x00, 0x00, 0x00, 0x00, 0x00, 0x00, 0x00, 0x00, 0x00, 0x00, 0xEF, 0x7B, 0x00, 0x00,
    0x47, 0x9B, 0x88, 0xA3, 0x47, 0x9B, 0x47, 0x9B, 0x47, 0x9B, 0x47, 0x9B, 0x47, 0x9B, 0x47, 0x9B,
    0x47, 0x9B, 0x27, 0x93, 0xC6, 0x82, 0xC6, 0x82, 0x07, 0x93, 0x47, 0x9B, 0x47, 0x9B, 0x47, 0x9B,
    0x47, 0x9B, 0x47, 0x9B, 0x47, 0x9B, 0x47, 0x9B, 0x68, 0xA3, 0x47, 0x9B, 0x00, 0x00, 0x00, 0x00,
    0x00, 0x00, 0x00, 0x00, 0x00, 0x00, 0x00, 0x00, 0x00, 0x00, 0x00, 0x00, 0x65, 0x7A, 0x85, 0x7A,
    0x65, 0x7A, 0x85, 0x7A, 0x85, 0x7A, 0x85, 0x7A, 0x85, 0x7A, 0x85, 0x7A, 0x85, 0x7A, 0x65, 0x7A,
    0x65, 0x72, 0x65, 0x72, 0x65, 0x7A, 0x85, 0x7A, 0x85, 0x7A, 0x85, 0x7A, 0x85, 0x7A, 0x85, 0x7A,
    0x85, 0x7A, 0x65, 0x7A, 0x85, 0x7A, 0x85, 0x7A, 0x00, 0x00, 0x00, 0x00, 0x00, 0x00, 0x00, 0x00,
    0x00, 0x00, 0x00, 0x00, 0x00, 0x00, 0x00, 0x00, 0x65, 0x7A, 0x85, 0x7A, 0x65, 0x72, 0x65, 0x72,
    0x65, 0x72, 0x65, 0x72, 0x65, 0x72, 0x65, 0x72, 0x65, 0x72, 0x65, 0x72, 0x65, 0x72, 0x65, 0x72,
    0x65, 0x72, 0x65, 0x72, 0x65, 0x72, 0x65, 0x72, 0x65, 0x72, 0x65, 0x72, 0x65, 0x72, 0x65, 0x72,
    0x85, 0x7A, 0x65, 0x72, 0x00, 0x00, 0x00, 0x00, 0x00, 0x00, 0x00, 0x00, 0x00, 0x00, 0x00, 0x00,
    0xEF, 0x7B, 0x00, 0x00, 0x27, 0x9B, 0x68, 0xA3, 0x47, 0x9B, 0x47, 0x9B, 0x47, 0x9B, 0x47, 0x9B,
    0x47, 0x9B, 0x27, 0x9B, 0x47, 0x9B, 0xE7, 0x8A, 0x85, 0x7A, 0x85, 0x7A, 0xE6, 0x8A, 0x47, 0x9B,
    0x27, 0x9B, 0x47, 0x9B, 0x47, 0x9B, 0x47, 0x9B, 0x47, 0x9B, 0x27, 0x9B, 0x47, 0xA3, 0x27, 0x9B,
    0x00, 0x00, 0x00, 0x00, 0x00, 0x00, 0x00, 0x00, 0x00, 0x00, 0x00, 0x00, 0xEF, 0x7B, 0x00, 0x00,
    0x67, 0xA3, 0x88, 0xAB, 0x68, 0xA3, 0x68, 0xA3, 0x68, 0xA3, 0x68, 0xA3, 0x68, 0xA3, 0x68, 0xA3,
    0x68, 0xA3, 0x68, 0xA3, 0x68, 0xA3, 0x68, 0xA3, 0x68, 0xA3, 0x68, 0xA3, 0x68, 0xA3, 0x68, 0xA3,
    0x68, 0xA3, 0x68, 0xA3, 0x68, 0xA3, 0x68, 0xA3, 0x88, 0xA3, 0x68, 0xA3, 0x00, 0x00, 0x00, 0x00,
    0x00, 0x00, 0x00, 0x00, 0x00, 0x00, 0x00, 0x00, 0xEF, 0x7B, 0x00, 0x00, 0x47, 0xA3, 0x88, 0xAB,
    0x67, 0x9B, 0x68, 0xA3, 0x68, 0xA3, 0x68, 0xA3, 0x68, 0xA3, 0x68, 0xA3, 0x68, 0xA3, 0x68, 0xA3,
    0x68, 0xA3, 0x68, 0xA3, 0x68, 0xA3, 0x68, 0xA3, 0x68, 0xA3, 0x68, 0xA3, 0x68, 0xA3, 0x68, 0xA3,
    0x68, 0xA3, 0x47, 0xA3, 0x88, 0xA3, 0x47, 0x9B, 0x00, 0x00, 0x00, 0x00, 0x00, 0x00, 0x00, 0x00,
    0x00, 0x00, 0x00, 0x00, 0xEF, 0x7B, 0x00, 0x00, 0x47, 0xA3, 0x88, 0xAB, 0x67, 0x9B, 0x68, 0xA3,
    0x68, 0xA3, 0x68, 0xA3, 0x68, 0xA3, 0x68, 0xA3, 0x68, 0xA3, 0x68, 0xA3, 0x68, 0xA3, 0x68, 0xA3,
    0x68, 0xA3, 0x68, 0xA3, 0x68, 0xA3, 0x68, 0xA3, 0x68, 0xA3, 0x68, 0xA3, 0x68, 0xA3, 0x47, 0xA3,
    0x88, 0xA3, 0x47, 0x9B, 0x00, 0x00, 0x00, 0x00, 0x00, 0x00, 0x00, 0x00, 0x00, 0x00, 0x00, 0x00,
    0xEF, 0x7B, 0x00, 0x00, 0x67, 0xA3, 0x88, 0xAB, 0x67, 0x9B, 0x68, 0xA3, 0x68, 0xA3, 0x68, 0xA3,
    0x68, 0xA3, 0x68, 0xA3, 0x68, 0xA3, 0x68, 0xA3, 0x68, 0xA3, 0x68, 0xA3, 0x68, 0xA3, 0x68, 0xA3,
    0x68, 0xA3, 0x68, 0xA3, 0x68, 0xA3, 0x68, 0xA3, 0x68, 0xA3, 0x47, 0xA3, 0x88, 0xA3, 0x48, 0x9B,
    0x00, 0x00, 0x00, 0x00, 0x00, 0x00, 0x00, 0x00, 0x00, 0x00, 0x00, 0x00, 0xEF, 0x7B, 0x00, 0x00,
    0x68, 0xA3, 0x88, 0xAB, 0x67, 0x9B, 0x68, 0xA3, 0x68, 0xA3, 0x68, 0xA3, 0x68, 0xA3, 0x68, 0xA3,
    0x68, 0xA3, 0x68, 0xA3, 0x68, 0xA3, 0x68, 0xA3, 0x68, 0xA3, 0x68, 0xA3, 0x68, 0xA3, 0x68, 0xA3,
    0x68, 0xA3, 0x68, 0xA3, 0x68, 0xA3, 0x47, 0xA3, 0x68, 0xA3, 0x48, 0x9B, 0x00, 0x00, 0x00, 0x00,
    0x00, 0x00, 0x00, 0x00, 0x00, 0x00, 0x00, 0x00, 0xE7, 0x7B, 0x00, 0x00, 0x68, 0xA3, 0xA8, 0xB3,
    0x47, 0x9B, 0x48, 0xA3, 0x48, 0xA3, 0x48, 0xA3, 0x48, 0xA3, 0x48, 0xA3, 0x48, 0xA3, 0x48, 0xA3,
    0x48, 0xA3, 0x48, 0xA3, 0x48, 0xA3, 0x48, 0xA3, 0x48, 0xA3, 0x48, 0xA3, 0x48, 0xA3, 0x48, 0xA3,
    0x48, 0xA3, 0x47, 0x9B, 0xA8, 0xAB, 0x67, 0x9B, 0x00, 0x00, 0xAA, 0xAA, 0x00, 0x00, 0x00, 0x00,
    0x00, 0x00, 0x00, 0x00, 0xE0, 0xFF, 0xE0, 0xFF, 0x87, 0xA3, 0x68, 0xA3, 0xA8, 0xAB, 0x88, 0xAB,
    0x88, 0xAB, 0x88, 0xAB, 0x88, 0xAB, 0x88, 0xAB, 0x88, 0xAB, 0x88, 0xAB, 0x88, 0xAB, 0x88, 0xAB,
    0x88, 0xAB, 0x88, 0xAB, 0x88, 0xAB, 0x88, 0xAB, 0x88, 0xAB, 0x88, 0xAB, 0x88, 0xAB, 0xA8, 0xAB,
    0x68, 0xA3, 0x48, 0x9B, 0x00, 0xF8, 0xEF, 0x7B, 0x00, 0x00, 0x00, 0x00, 0x00, 0x00, 0x00, 0x00,
    0x00, 0x00, 0x00, 0xF8, 0x00, 0x00, 0x26, 0x9B, 0x88, 0xA3, 0x68, 0xA3, 0x48, 0xA3, 0x67, 0x9B,
    0x67, 0x9B, 0x67, 0x9B, 0x67, 0x9B, 0x67, 0x9B, 0x67, 0x9B, 0x67, 0x9B, 0x67, 0x9B, 0x67, 0x9B,
    0x67, 0x9B, 0x67, 0x9B, 0x67, 0x9B, 0x48, 0xA3, 0x68, 0xA3, 0x88, 0xA3, 0x26, 0x9B, 0x00, 0x00,
    0x00, 0xF8, 0x00, 0x00, 0x00, 0x00, 0x00, 0x00, 0x00, 0x00, 0x00, 0x00, 0x00, 0x00, 0x00, 0x00,
    0xE0, 0xFF, 0x00, 0x00, 0x00, 0x00, 0x00, 0x00, 0x00, 0x00, 0x00, 0x00, 0x00, 0x00, 0x00, 0x00,
    0x00, 0x00, 0x00, 0x00, 0x00, 0x00, 0x00, 0x00, 0x00, 0x00, 0x00, 0x00, 0x00, 0x00, 0x00, 0x00,
    0x00, 0x00, 0x00, 0x00, 0x00, 0x00, 0x00, 0x00, 0x00, 0x00, 0xE0, 0x7B, 0x00, 0x00, 0x00, 0x00,
    0x00, 0x00, 0x00, 0x00, 0x00, 0x00, 0x00, 0x00, 0x00, 0x00, 0x00, 0x00, 0x00, 0x00, 0x00, 0xF8,
    0xE7, 0x7B, 0xE7, 0x7B, 0xE7, 0x7B, 0xE7, 0x7B, 0xE7, 0x7B, 0xE7, 0x7B, 0xE7, 0x7B, 0xE7, 0x7B,
    0xE7, 0x7B, 0xE7, 0x7B, 0xE7, 0x7B, 0xE7, 0x7B, 0xE7, 0x7B, 0xE7, 0x7B, 0xE7, 0x7B, 0xE7, 0x7B,
    0xE7, 0x7B, 0xE7, 0x7B, 0x00, 0xF8, 0x00, 0x00, 0x00, 0x00, 0x00, 0x00, 0x00, 0x00, 0x00, 0x00,
    0x00, 0x00, 0x00, 0x00, 0x00, 0x00, 0x00, 0x00, 0x00, 0x00, 0x00, 0x00, 0x00, 0x00, 0x00, 0x00,
    0x00, 0x00, 0x00, 0x00, 0x00, 0x00, 0x00, 0x00, 0x00, 0x00, 0x00, 0x00, 0x00, 0x00, 0x00, 0x00,
    0x00, 0x00, 0x00, 0x00, 0x00, 0x00, 0x00, 0x00, 0x00, 0x00, 0x00, 0x00, 0x00, 0x00, 0x00, 0x00,
    0x00, 0x00, 0x00, 0x00, 0x00, 0x00, 0x00, 0x00, 0x00, 0x00, 0x00, 0x00, 0x00, 0x00, 0x00, 0x00,
    0x00, 0x00, 0x00, 0x00, 0x00, 0x00, 0x00, 0x00, 0x00, 0x00, 0x00, 0x00, 0x00, 0x00, 0x00, 0x00,
    0x00, 0x00, 0x00, 0x00, 0x00, 0x00, 0x00, 0x00, 0x00, 0x00, 0x00, 0x00, 0x00, 0x00, 0x00, 0x00,
    0x00, 0x00, 0x00, 0x00, 0x00, 0x00, 0x00, 0x00, 0x00, 0x00, 0x00, 0x00, 0x00, 0x00, 0x00, 0x00,
    0x00, 0x00, 0x00, 0x00, 0x00, 0x00, 0x00, 0x00, 0x00, 0x00, 0x00, 0x00, 0x00, 0x00, 0x00, 0x00,
    0x00, 0x00, 0x00, 0x00, 0x00, 0x00, 0x00, 0x00, 0x00, 0x00, 0x00, 0x00, 0x00, 0x00, 0x00, 0x00,
    0x00, 0x00, 0x00, 0x00, 0x00, 0x00, 0x00, 0x00, 0x00, 0x00, 0x00, 0x00, 0x00, 0x00, 0x00, 0x00,
    0x00, 0x00, 0x00, 0x00, 0x00, 0x00, 0x00, 0x00, 0x00, 0x00, 0x00, 0x00, 0x00, 0x00, 0x00, 0x00,
    0x00, 0x00, 0x00, 0x00, 0x00, 0x00, 0x00, 0x00, 0x00, 0x00, 0x00, 0x00, 0x00, 0x00, 0x00, 0x00,
    0x02, 0x04, 0x04, 0x04, 0x04, 0x02, 0x00, 0x00, 0x00, 0x00, 0x00, 0x00, 0x00, 0x00, 0x00, 0x00,
    0x00, 0x00, 0x00, 0x00, 0x00, 0x00, 0x00, 0x00, 0x00, 0x00, 0x00, 0x00, 0x00, 0x00, 0x00, 0x00,
    0x00, 0x00, 0x00, 0x00, 0x01, 0x00, 0x00, 0x00, 0x00, 0x00, 0x00, 0x00, 0x00, 0x00, 0x00, 0x00,
    0x00, 0x00, 0x00, 0x00, 0x00, 0x00, 0x00, 0x00, 0x00, 0x00, 0x02, 0x00, 0x21, 0x7A, 0x7C, 0x7C,
    0x7D, 0x2F, 0x00, 0x01, 0x00, 0x00, 0x00, 0x00, 0x00, 0x00, 0x00, 0x00, 0x00, 0x00, 0x00, 0x00,
    0x00, 0x00, 0x00, 0x00, 0x00, 0x00, 0x00, 0x01, 0x01, 0x07, 0xD4, 0xFF, 0xFF, 0xFF, 0xFF, 0xED,
    0x13, 0x01, 0x01, 0x00, 0x00, 0x00, 0x00, 0x00, 0x00, 0x00, 0x00, 0x00, 0x00, 0x00, 0x00, 0x00,
    0x00, 0x00, 0x01, 0x01, 0x01, 0x02, 0x01, 0x11, 0xFC, 0xCE, 0x3F, 0x3F, 0xB5, 0xFF, 0x28, 0x01,
    0x03, 0x01, 0x01, 0x01, 0x00, 0x00, 0x00, 0x00, 0x00, 0x00, 0x00, 0x00, 0x00, 0x00, 0x00, 0x03,
    0x00, 0x00, 0x00, 0x00, 0x00, 0x09, 0xFA, 0xBE, 0x00, 0x00, 0x99, 0xFE, 0x1E, 0x00, 0x00, 0x00,
    0x00, 0x00, 0x03, 0x01, 0x00, 0x00, 0x00, 0x00, 0x00, 0x00, 0x00, 0x00, 0x00, 0x00, 0x0A, 0x11,
    0x11, 0x12, 0x11, 0x1E, 0xFB, 0xC7, 0x14, 0x14, 0xA8, 0xFF, 0x32, 0x11, 0x13, 0x11, 0x11, 0x0B,
    0x00, 0x00, 0x00, 0x00, 0x00, 0x00, 0x00, 0x00, 0x00, 0x02, 0x00, 0x80, 0xE4, 0xEC, 0xED, 0xEE,
    0xEE, 0xEF, 0xFF, 0xFB, 0xEE, 0xEE, 0xF9, 0xFF, 0xF0, 0xEE, 0xEE, 0xED, 0xEC, 0xE5, 0x94, 0x05,
    0x01, 0x01, 0x00, 0x00, 0x00, 0x00, 0x04, 0x00, 0x6A, 0xFF, 0xFF, 0xFF, 0xFF, 0xFF, 0xFF, 0xFF,
    0xFF, 0xFF, 0xFF, 0xFF, 0xFF, 0xFF, 0xFF, 0xFF, 0xFF, 0xFF, 0xFF, 0xFF, 0xFF, 0x89, 0x00, 0x03,
    0x00, 0x00, 0x00, 0x00, 0x02, 0x00, 0xBF, 0xFC, 0xFA, 0xFE, 0xFE, 0xFE, 0xFE, 0xFE, 0xFF, 0xFF,
    0xFE, 0xFE, 0xFF, 0xFF, 0xFE, 0xFE, 0xFE, 0xFE, 0xFE, 0xFB, 0xFC, 0xDB, 0x00, 0x00, 0x00, 0x00,
    0x00, 0x00, 0x02, 0x00, 0xBD, 0xFF, 0xFC, 0xFF, 0xFF, 0xFF, 0xFF, 0xFF, 0xFF, 0xFF, 0xFF, 0xFF,
    0xFF, 0xFF, 0xFF, 0xFF, 0xFF, 0xFF, 0xFF, 0xFD, 0xFF, 0xD7, 0x00, 0x00, 0x00, 0x00, 0x00, 0x00,
    0x02, 0x00, 0xBC, 0xFF, 0xFC, 0xFF, 0xFF, 0xFF, 0xFF, 0xFF, 0xFF, 0xFF, 0xFF, 0xFF, 0xFF, 0xFF,
    0xFF, 0xFF, 0xFF, 0xFF, 0xFF, 0xFD, 0xFF, 0xD8, 0x00, 0x00, 0x00, 0x00, 0x00, 0x00, 0x02, 0x00,
    0xBF, 0xFF, 0xFC, 0xFF, 0xFF, 0xFF, 0xFF, 0xFF, 0xFF, 0xFF, 0xFF, 0xFF, 0xFF, 0xFF, 0xFF, 0xFF,
    0xFF, 0xFF, 0xFF, 0xFD, 0xFF, 0xD8, 0x00, 0x00, 0x00, 0x00, 0x00, 0x00, 0x00, 0x00, 0xD6, 0xFF,
    0xFD, 0xFF, 0xFF, 0xFF, 0xFF, 0xFF, 0xFF, 0xFF, 0xFF, 0xFF, 0xFF, 0xFF, 0xFF, 0xFF, 0xFF, 0xFF,
    0xFF, 0xFD, 0xFF, 0xD8, 0x00, 0x00, 0x00, 0x00, 0x00, 0x00, 0x00, 0x00, 0xD8, 0xFF, 0xFD, 0xFF,
    0xFF, 0xFF, 0xFF, 0xFF, 0xFF, 0xFF, 0xFF, 0xFF, 0xFF, 0xFF, 0xFF, 0xFF, 0xFF, 0xFF, 0xFF, 0xFD,
    0xFF, 0xD8, 0x00, 0x00, 0x00, 0x00, 0x00, 0x00, 0x02, 0x00, 0xC1, 0xFF, 0xFC, 0xFF, 0xFF, 0xFF,
    0xFF, 0xFF, 0xFF, 0xFF, 0xFF, 0xFF, 0xFF, 0xFF, 0xFF, 0xFF, 0xFF, 0xFF, 0xFF, 0xFD, 0xFF, 0xD8,
    0x00, 0x00, 0x00, 0x00, 0x00, 0x00, 0x02, 0x00, 0xBC, 0xFF, 0xFC, 0xFF, 0xFF, 0xFF, 0xFF, 0xFF,
    0xFF, 0xFF, 0xFF, 0xFF, 0xFF, 0xFF, 0xFF, 0xFF, 0xFF, 0xFF, 0xFF, 0xFD, 0xFF, 0xD8, 0x00, 0x00,
    0x00, 0x00, 0x00, 0x00, 0x02, 0x00, 0xBD, 0xFF, 0xFC, 0xFF, 0xFF, 0xFF, 0xFF, 0xFF, 0xFF, 0xFF,
    0xFF, 0xFF, 0xFF, 0xFF, 0xFF, 0xFF, 0xFF, 0xFF, 0xFF, 0xFD, 0xFF, 0xD8, 0x00, 0x00, 0x00, 0x00,
    0x00, 0x00, 0x02, 0x00, 0xBD, 0xFF, 0xFC, 0xFF, 0xFF, 0xFF, 0xFF, 0xFF, 0xFF, 0xFF, 0xFF, 0xFF,
    0xFF, 0xFF, 0xFF, 0xFF, 0xFF, 0xFF, 0xFF, 0xFD, 0xFF, 0xD8, 0x00, 0x00, 0x00, 0x00, 0x00, 0x00,
    0x02, 0x00, 0xBC, 0xFF, 0xFC, 0xFF, 0xFF, 0xFF, 0xFF, 0xFF, 0xFF, 0xFF, 0xFF, 0xFF, 0xFF, 0xFF,
    0xFF, 0xFF, 0xFF, 0xFF, 0xFF, 0xFD, 0xFF, 0xD7, 0x00, 0x00, 0x00, 0x00, 0x00, 0x00, 0x02, 0x00,
    0xBF, 0xFD, 0xFC, 0xFF, 0xFF, 0xFF, 0xFF, 0xFF, 0xFF, 0xFF, 0xFF, 0xFF, 0xFF, 0xFF, 0xFF, 0xFF,
    0xFF, 0xFF, 0xFF, 0xFD, 0xFD, 0xDB, 0x00, 0x00, 0x00, 0x00, 0x00, 0x00, 0x04, 0x00, 0x97, 0xFF,
    0xF8, 0xFB, 0xFB, 0xFB, 0xFB, 0xFB, 0xFB, 0xFB, 0xFB, 0xFB, 0xFB, 0xFB, 0xFB, 0xFB, 0xFB, 0xFB,
    0xFB, 0xF8, 0xFF, 0xB1, 0x00, 0x03, 0x00, 0x00, 0x00, 0x00, 0x01, 0x01, 0x19, 0xCF, 0xFF, 0xFF,
    0xFF, 0xFF, 0xFF, 0xFF, 0xFF, 0xFF, 0xFF, 0xFF, 0xFF, 0xFF, 0xFF, 0xFF, 0xFF, 0xFF, 0xFF, 0xFF,
    0xDC, 0x27, 0x01, 0x02, 0x00, 0x00, 0x00, 0x00, 0x00, 0x01, 0x00, 0x0A, 0x53, 0x5F, 0x5F, 0x60,
    0x60, 0x60, 0x60, 0x60, 0x60, 0x60, 0x60, 0x60, 0x60, 0x60, 0x60, 0x5F, 0x5F, 0x53, 0x0F, 0x00,
    0x01, 0x00, 0x00, 0x00, 0x00, 0x00, 0x00, 0x00, 0x01, 0x00, 0x00, 0x00, 0x00, 0x00, 0x00, 0x00,
    0x00, 0x00, 0x00, 0x00, 0x00, 0x00, 0x00, 0x00, 0x00, 0x00, 0x00, 0x00, 0x00, 0x02, 0x00, 0x00,
    0x00, 0x00, 0x00, 0x00, 0x00, 0x00, 0x00, 0x01, 0x04, 0x04, 0x04, 0x04, 0x04, 0x04, 0x04, 0x04,
    0x04, 0x04, 0x04, 0x04, 0x04, 0x04, 0x04, 0x04, 0x04, 0x04, 0x01, 0x00, 0x00, 0x00, 0x00, 0x00,
    0x00, 0x00, 0x00, 0x00, 0x00, 0x00, 0x00, 0x00, 0x00, 0x00, 0x00, 0x00, 0x00, 0x00, 0x00, 0x00,
    0x00, 0x00, 0x00, 0x00, 0x00, 0x00, 0x00, 0x00, 0x00, 0x00, 0x00, 0x00, 0x00, 0x00, 0x00, 0x00,
    0x00, 0x00, 0x00, 0x00, 0x00, 0x00, 0x00, 0x00, 0x00, 0x00, 0x00, 0x00, 0x00, 0x00, 0x00, 0x00,
    0x00, 0x00, 0x00, 0x00, 0x00, 0x00, 0x00, 0x00, 0x00, 0x00, 0x00, 0x00
};

#define ICON_AG_APPDEV_W 30
#define ICON_AG_APPDEV_H 30
static const uint8_t icon_ag_appdev_data[2700] = {
    0x00, 0x00, 0x00, 0x00, 0x00, 0x00, 0x00, 0x00, 0x00, 0x00, 0x00, 0x00, 0x00, 0x00, 0x00, 0x00,
    0x00, 0x00, 0x00, 0x00, 0x00, 0x00, 0x00, 0x00, 0x00, 0x00, 0x00, 0x00, 0x00, 0x00, 0x00, 0x00,
    0x00, 0x00, 0x00, 0x00, 0x00, 0x00, 0x00, 0x00, 0x00, 0x00, 0x00, 0x00, 0x00, 0x00, 0x00, 0x00,
    0x00, 0x00, 0x00, 0x00, 0x00, 0x00, 0x00, 0x00, 0x00, 0x00, 0x00, 0x00, 0x00, 0x00, 0x00, 0x00,
    0x00, 0x00, 0x00, 0x00, 0x00, 0x00, 0x00, 0x00, 0x00, 0x00, 0x00, 0x00, 0x00, 0x00, 0x00, 0x00,
    0xAA, 0x52, 0x00, 0x00, 0x00, 0x00, 0x00, 0x00, 0x00, 0x00, 0x00, 0x00, 0x00, 0x00, 0x00, 0x00,
    0x00, 0x00, 0xAA, 0x52, 0x00, 0x00, 0x00, 0x00, 0x00, 0x00, 0x00, 0x00, 0x00, 0x00, 0x00, 0x00,
    0x00, 0x00, 0x00, 0x00, 0x00, 0x00, 0x00, 0x00, 0x00, 0x00, 0x00, 0x00, 0x00, 0x00, 0x00, 0x00,
    0x00, 0x00, 0x00, 0x00, 0x00, 0x00, 0x00, 0x00, 0x00, 0x00, 0x00, 0x00, 0x00, 0x00, 0xE7, 0x19,
    0xE9, 0x29, 0xE9, 0x29, 0xE9, 0x29, 0xE9, 0x29, 0xE9, 0x29, 0xE9, 0x29, 0x28, 0x2A, 0x00, 0x00,
    0x00, 0x00, 0x00, 0x00, 0x00, 0x00, 0x00, 0x00, 0x00, 0x00, 0x00, 0x00, 0x00, 0x00, 0x00, 0x00,
    0x00, 0x00, 0x00, 0x00, 0x00, 0x00, 0x00, 0x00, 0x00, 0x00, 0x00, 0x00, 0x00, 0x00, 0x00, 0x00,
    0x00, 0x00, 0x00, 0x00, 0x00, 0x00, 0xE7, 0x39, 0xC9, 0x29, 0xE9, 0x29, 0xC9, 0x29, 0xC9, 0x29,
    0xC9, 0x29, 0xC9, 0x29, 0xC9, 0x29, 0xC9, 0x29, 0xE9, 0x29, 0xC9, 0x29, 0xC9, 0x21, 0x00, 0x00,
    0x00, 0x00, 0x00, 0x00, 0x00, 0x00, 0x00, 0x00, 0x00, 0x00, 0x00, 0x00, 0x00, 0x00, 0x00, 0x00,
    0x00, 0x00, 0x00, 0x00, 0x00, 0x00, 0x00, 0x00, 0x00, 0x00, 0x00, 0x00, 0x00, 0x00, 0xAA, 0x52,
    0x00, 0x00, 0xC9, 0x29, 0x0A, 0x32, 0xC9, 0x29, 0xC9, 0x29, 0xC9, 0x29, 0xC9, 0x29, 0xC9, 0x29,
    0xC9, 0x29, 0xC9, 0x29, 0xC9, 0x29, 0x0A, 0x32, 0xC9, 0x29, 0x00, 0x00, 0xAA, 0x02, 0x00, 0x00,
    0x00, 0x00, 0x00, 0x00, 0x00, 0x00, 0x00, 0x00, 0x00, 0x00, 0x00, 0x00, 0x00, 0x00, 0x00, 0x00,
    0x00, 0x00, 0x00, 0x00, 0x00, 0x00, 0x00, 0x00, 0x00, 0x00, 0x00, 0x00, 0xC7, 0x19, 0xC9, 0x29,
    0xC9, 0x29, 0xC9, 0x29, 0x0A, 0x32, 0x0A, 0x32, 0x0A, 0x32, 0x0A, 0x32, 0x0A, 0x32, 0x0A, 0x32,
    0xE9, 0x29, 0xA8, 0x29, 0xC9, 0x29, 0xC9, 0x29, 0x00, 0x00, 0x00, 0x00, 0x00, 0x00, 0x00, 0x00,
    0x00, 0x00, 0x00, 0x00, 0x00, 0x00, 0x00, 0x00, 0x00, 0x00, 0x00, 0x00, 0x00, 0x00, 0x00, 0x00,
    0x00, 0x00, 0x00, 0x00, 0x00, 0x00, 0x00, 0x00, 0x2A, 0x3A, 0xA8, 0x29, 0x0A, 0x32, 0xF9, 0x6C,
    0x9C, 0x75, 0x9B, 0x75, 0x9C, 0x75, 0x9C, 0x75, 0x9B, 0x75, 0x9C, 0x75, 0x3A, 0x6D, 0x4B, 0x32,
    0xA8, 0x29, 0xEA, 0x31, 0x00, 0x00, 0x0F, 0x00, 0x00, 0x00, 0x00, 0x00, 0x00, 0x00, 0x00, 0x00,
    0x00, 0x00, 0x00, 0x00, 0x00, 0x00, 0x00, 0x00, 0x00, 0x00, 0x00, 0x00, 0x00, 0x00, 0x00, 0x00,
    0x00, 0x00, 0x00, 0x00, 0x4D, 0x3A, 0x87, 0x29, 0xEE, 0x42, 0x1F, 0x7E, 0xDD, 0x7D, 0xDD, 0x7D,
    0xDD, 0x7D, 0xDD, 0x7D, 0xDD, 0x7D, 0xDD, 0x7D, 0x3F, 0x86, 0x71, 0x4B, 0x87, 0x29, 0x2B, 0x32,
    0x00, 0x00, 0x0F, 0x00, 0x00, 0x00, 0x00, 0x00, 0x00, 0x00, 0x00, 0x00, 0x00, 0x00, 0x00, 0x00,
    0x00, 0x00, 0x00, 0x00, 0x00, 0x00, 0x00, 0x00, 0x00, 0x00, 0x00, 0x00, 0x00, 0x00, 0x00, 0x00,
    0x4D, 0x3A, 0x88, 0x29, 0xEE, 0x42, 0xFE, 0x7D, 0xDD, 0x75, 0xDD, 0x7D, 0xDD, 0x7D, 0xDD, 0x7D,
    0xDD, 0x7D, 0xBD, 0x75, 0x1E, 0x7E, 0x50, 0x4B, 0x87, 0x29, 0x2B, 0x32, 0x00, 0x00, 0x0F, 0x00,
    0x00, 0x00, 0x00, 0x00, 0x00, 0x00, 0x00, 0x00, 0x00, 0x00, 0x00, 0x00, 0x00, 0x00, 0x00, 0x00,
    0x00, 0x00, 0x00, 0x00, 0x00, 0x00, 0x00, 0x00, 0x00, 0x00, 0x00, 0x00, 0x4D, 0x3A, 0x88, 0x29,
    0xEE, 0x42, 0xFE, 0x7D, 0xDD, 0x75, 0xDD, 0x7D, 0xDD, 0x7D, 0xDD, 0x7D, 0xDD, 0x7D, 0xBD, 0x75,
    0x1E, 0x7E, 0x50, 0x4B, 0x87, 0x29, 0x2B, 0x32, 0x00, 0x00, 0x0F, 0x00, 0x00, 0x00, 0x00, 0x00,
    0x00, 0x00, 0x00, 0x00, 0x00, 0x00, 0x00, 0x00, 0x00, 0x00, 0x00, 0x00, 0x00, 0x00, 0x00, 0x00,
    0x00, 0x00, 0x00, 0x00, 0x00, 0x00, 0x00, 0x00, 0x4D, 0x3A, 0x88, 0x29, 0xEE, 0x42, 0xFE, 0x7D,
    0xDD, 0x75, 0xDD, 0x7D, 0xDD, 0x7D, 0xDD, 0x7D, 0xDD, 0x7D, 0xBD, 0x75, 0x1E, 0x7E, 0x50, 0x4B,
    0x87, 0x29, 0x2B, 0x32, 0x00, 0x00, 0x0F, 0x00, 0x00, 0x00, 0x00, 0x00, 0x00, 0x00, 0x00, 0x00,
    0x00, 0x00, 0x00, 0x00, 0x00, 0x00, 0x00, 0x00, 0x00, 0x00, 0x00, 0x00, 0x00, 0x00, 0x00, 0x00,
    0x00, 0x00, 0x00, 0x00, 0x4D, 0x3A, 0x88, 0x29, 0xEE, 0x42, 0xFE, 0x7D, 0xDD, 0x75, 0xDD, 0x7D,
    0xDD, 0x7D, 0xDD, 0x7D, 0xDD, 0x7D, 0xBD, 0x75, 0x1E, 0x7E, 0x50, 0x4B, 0x87, 0x29, 0x2B, 0x32,
    0x00, 0x00, 0x0F, 0x00, 0x00, 0x00, 0x00, 0x00, 0x00, 0x00, 0x00, 0x00, 0x00, 0x00, 0x00, 0x00,
    0x00, 0x00, 0x00, 0x00, 0x00, 0x00, 0x00, 0x00, 0x00, 0x00, 0x00, 0x00, 0x00, 0x00, 0x00, 0x00,
    0x4D, 0x3A, 0x88, 0x29, 0xEE, 0x42, 0xFE, 0x7D, 0xDD, 0x75, 0xDD, 0x7D, 0xDD, 0x7D, 0xDD, 0x7D,
    0xDD, 0x7D, 0xBD, 0x75, 0x1E, 0x7E, 0x50, 0x4B, 0x87, 0x29, 0x2B, 0x32, 0x00, 0x00, 0x0F, 0x00,
    0x00, 0x00, 0x00, 0x00, 0x00, 0x00, 0x00, 0x00, 0x00, 0x00, 0x00, 0x00, 0x00, 0x00, 0x00, 0x00,
    0x00, 0x00, 0x00, 0x00, 0x00, 0x00, 0x00, 0x00, 0x00, 0x00, 0x00, 0x00, 0x4D, 0x3A, 0x88, 0x29,
    0xEE, 0x42, 0xFE, 0x7D, 0xDD, 0x75, 0xDD, 0x7D, 0xDD, 0x7D, 0xDD, 0x7D, 0xDD, 0x7D, 0xBD, 0x75,
    0x1E, 0x7E, 0x50, 0x4B, 0x87, 0x29, 0x2B, 0x32, 0x00, 0x00, 0x0F, 0x00, 0x00, 0x00, 0x00, 0x00,
    0x00, 0x00, 0x00, 0x00, 0x00, 0x00, 0x00, 0x00, 0x00, 0x00, 0x00, 0x00, 0x00, 0x00, 0x00, 0x00,
    0x00, 0x00, 0x00, 0x00, 0x00, 0x00, 0x00, 0x00, 0x4D, 0x3A, 0x88, 0x29, 0xEE, 0x42, 0xFE, 0x7D,
    0xDD, 0x75, 0xDD, 0x7D, 0xDD, 0x7D, 0xDD, 0x7D, 0xDD, 0x7D, 0xBD, 0x75, 0x1E, 0x7E, 0x50, 0x4B,
    0x87, 0x29, 0x2B, 0x32, 0x00, 0x00, 0x0F, 0x00, 0x00, 0x00, 0x00, 0x00, 0x00, 0x00, 0x00, 0x00,
    0x00, 0x00, 0x00, 0x00, 0x00, 0x00, 0x00, 0x00, 0x00, 0x00, 0x00, 0x00, 0x00, 0x00, 0x00, 0x00,
    0x00, 0x00, 0x00, 0x00, 0x4D, 0x3A, 0x88, 0x29, 0xEE, 0x42, 0xFE, 0x7D, 0xDD, 0x75, 0xDD, 0x7D,
    0xDD, 0x7D, 0xDD, 0x7D, 0xDD, 0x7D, 0xBD, 0x75, 0x1E, 0x7E, 0x50, 0x4B, 0x87, 0x29, 0x2B, 0x32,
    0x00, 0x00, 0x0F, 0x00, 0x00, 0x00, 0x00, 0x00, 0x00, 0x00, 0x00, 0x00, 0x00, 0x00, 0x00, 0x00,
    0x00, 0x00, 0x00, 0x00, 0x00, 0x00, 0x00, 0x00, 0x00, 0x00, 0x00, 0x00, 0x00, 0x00, 0x00, 0x00,
    0x4D, 0x3A, 0x88, 0x29, 0xEE, 0x42, 0xFE, 0x7D, 0xDD, 0x75, 0xDD, 0x7D, 0xDD, 0x7D, 0xDD, 0x7D,
    0xDD, 0x7D, 0xBD, 0x75, 0x1E, 0x7E, 0x50, 0x4B, 0x87, 0x29, 0x2B, 0x32, 0x00, 0x00, 0x0F, 0x00,
    0x00, 0x00, 0x00, 0x00, 0x00, 0x00, 0x00, 0x00, 0x00, 0x00, 0x00, 0x00, 0x00, 0x00, 0x00, 0x00,
    0x00, 0x00, 0x00, 0x00, 0x00, 0x00, 0x00, 0x00, 0x00, 0x00, 0x00, 0x00, 0x4D, 0x3A, 0x88, 0x29,
    0xEE, 0x42, 0xFE, 0x7D, 0xDD, 0x75, 0xDD, 0x7D, 0xDD, 0x7D, 0xDD, 0x7D, 0xDD, 0x7D, 0xBD, 0x75,
    0x1E, 0x7E, 0x50, 0x4B, 0x87, 0x29, 0x2B, 0x32, 0x00, 0x00, 0x0F, 0x00, 0x00, 0x00, 0x00, 0x00,
    0x00, 0x00, 0x00, 0x00, 0x00, 0x00, 0x00, 0x00, 0x00, 0x00, 0x00, 0x00, 0x00, 0x00, 0x00, 0x00,
    0x00, 0x00, 0x00, 0x00, 0x00, 0x00, 0x00, 0x00, 0x4D, 0x3A, 0x88, 0x29, 0xEE, 0x42, 0xFE, 0x7D,
    0xDD, 0x75, 0xDD, 0x7D, 0xDD, 0x7D, 0xDD, 0x7D, 0xDD, 0x7D, 0xBD, 0x75, 0x1E, 0x7E, 0x50, 0x4B,
    0x87, 0x29, 0x2B, 0x32, 0x00, 0x00, 0x0F, 0x00, 0x00, 0x00, 0x00, 0x00, 0x00, 0x00, 0x00, 0x00,
    0x00, 0x00, 0x00, 0x00, 0x00, 0x00, 0x00, 0x00, 0x00, 0x00, 0x00, 0x00, 0x00, 0x00, 0x00, 0x00,
    0x00, 0x00, 0x00, 0x00, 0x4D, 0x3A, 0x88, 0x29, 0xEE, 0x42, 0xFE, 0x7D, 0xDD, 0x75, 0xDD, 0x7D,
    0xDD, 0x7D, 0xDD, 0x7D, 0xDD, 0x7D, 0xBD, 0x75, 0x1E, 0x7E, 0x50, 0x4B, 0x87, 0x29, 0x2B, 0x32,
    0x00, 0x00, 0x0F, 0x00, 0x00, 0x00, 0x00, 0x00, 0x00, 0x00, 0x00, 0x00, 0x00, 0x00, 0x00, 0x00,
    0x00, 0x00, 0x00, 0x00, 0x00, 0x00, 0x00, 0x00, 0x00, 0x00, 0x00, 0x00, 0x00, 0x00, 0x00, 0x00,
    0x4D, 0x3A, 0x88, 0x29, 0xEE, 0x42, 0xFE, 0x7D, 0xBD, 0x75, 0xDD, 0x75, 0xDD, 0x75, 0xDD, 0x75,
    0xDD, 0x75, 0xBD, 0x75, 0x1E, 0x7E, 0x50, 0x4B, 0x87, 0x29, 0x2B, 0x32, 0x00, 0x00, 0x0F, 0x00,
    0x00, 0x00, 0x00, 0x00, 0x00, 0x00, 0x00, 0x00, 0x00, 0x00, 0x00, 0x00, 0x00, 0x00, 0x00, 0x00,
    0x00, 0x00, 0x00, 0x00, 0x00, 0x00, 0x00, 0x00, 0x00, 0x00, 0x00, 0x00, 0x4D, 0x3A, 0x88, 0x29,
    0xEE, 0x42, 0x3F, 0x7E, 0xFD, 0x7D, 0xFE, 0x7D, 0xFE, 0x7D, 0xFE, 0x7D, 0xFE, 0x7D, 0xDD, 0x7D,
    0x3F, 0x86, 0x51, 0x4B, 0x87, 0x29, 0x2B, 0x32, 0x00, 0x00, 0x0F, 0x00, 0x00, 0x00, 0x00, 0x00,
    0x00, 0x00, 0x00, 0x00, 0x00, 0x00, 0x00, 0x00, 0x00, 0x00, 0x00, 0x00, 0x00, 0x00, 0x00, 0x00,
    0x00, 0x00, 0x00, 0x00, 0x00, 0x00, 0x00, 0x00, 0xE9, 0x29, 0xC8, 0x29, 0x0A, 0x32, 0x96, 0x64,
    0x5A, 0x6D, 0x3A, 0x6D, 0x3A, 0x6D, 0x3A, 0x6D, 0x3A, 0x6D, 0x5A, 0x6D, 0xD8, 0x64, 0x2B, 0x32,
    0xA8, 0x29, 0xC9, 0x29, 0x00, 0x00, 0x0F, 0x00, 0x00, 0x00, 0x00, 0x00, 0x00, 0x00, 0x00, 0x00,
    0x00, 0x00, 0x00, 0x00, 0x00, 0x00, 0x00, 0x00, 0x00, 0x00, 0x00, 0x00, 0x00, 0x00, 0x00, 0x00,
    0x00, 0x00, 0x00, 0x00, 0xC8, 0x29, 0xC9, 0x29, 0xC9, 0x29, 0xA8, 0x29, 0xC9, 0x29, 0xC9, 0x29,
    0xC9, 0x29, 0xC9, 0x29, 0xC9, 0x29, 0xC9, 0x29, 0xA8, 0x29, 0xA8, 0x29, 0xC9, 0x29, 0xA8, 0x29,
    0x00, 0x00, 0x0F, 0x00, 0x00, 0x00, 0x00, 0x00, 0x00, 0x00, 0x00, 0x00, 0x00, 0x00, 0x00, 0x00,
    0x00, 0x00, 0x00, 0x00, 0x00, 0x00, 0x00, 0x00, 0x00, 0x00, 0x00, 0x00, 0x00, 0x00, 0x00, 0x00,
    0x28, 0x2A, 0xC9, 0x29, 0xC9, 0x29, 0xC9, 0x29, 0xC9, 0x29, 0xC9, 0x29, 0x97, 0xAD, 0x97, 0xAD,
    0xC9, 0x29, 0xC9, 0x29, 0xC9, 0x29, 0xC9, 0x29, 0xC9, 0x29, 0xC9, 0x31, 0x00, 0x00, 0x0F, 0x00,
    0x00, 0x00, 0x00, 0x00, 0x00, 0x00, 0x00, 0x00, 0x00, 0x00, 0x00, 0x00, 0x00, 0x00, 0x00, 0x00,
    0x00, 0x00, 0x00, 0x00, 0x00, 0x00, 0x00, 0x00, 0x00, 0x00, 0xAA, 0x52, 0x00, 0x00, 0xC9, 0x29,
    0x0A, 0x32, 0xC9, 0x29, 0xC9, 0x29, 0xC9, 0x29, 0x35, 0x9D, 0x35, 0x9D, 0xC9, 0x29, 0xC9, 0x29,
    0xC9, 0x29, 0x0A, 0x32, 0xC9, 0x29, 0x00, 0x00, 0xEF, 0x03, 0x00, 0x00, 0x00, 0x00, 0x00, 0x00,
    0x00, 0x00, 0x00, 0x00, 0x00, 0x00, 0x00, 0x00, 0x00, 0x00, 0x00, 0x00, 0x00, 0x00, 0x00, 0x00,
    0x00, 0x00, 0x00, 0x00, 0x00, 0x00, 0x00, 0x00, 0x00, 0x00, 0xEA, 0x29, 0xC9, 0x29, 0xC9, 0x29,
    0xC9, 0x29, 0xC9, 0x29, 0xA8, 0x29, 0xA8, 0x29, 0xC9, 0x29, 0xC9, 0x29, 0xC9, 0x29, 0xC9, 0x29,
    0xE8, 0x29, 0x00, 0x00, 0x00, 0x00, 0x00, 0x00, 0x00, 0x00, 0x00, 0x00, 0x00, 0x00, 0x00, 0x00,
    0x00, 0x00, 0x00, 0x00, 0x00, 0x00, 0x00, 0x00, 0x00, 0x00, 0x00, 0x00, 0x00, 0x00, 0x00, 0x00,
    0x00, 0x00, 0x00, 0x00, 0x00, 0x00, 0x00, 0x00, 0x00, 0x00, 0xC9, 0x29, 0xC9, 0x29, 0xC9, 0x29,
    0x09, 0x32, 0x09, 0x32, 0xC9, 0x29, 0xC9, 0x29, 0xC9, 0x31, 0x00, 0x00, 0x00, 0x00, 0x00, 0x00,
    0x00, 0x00, 0x00, 0x00, 0x00, 0x00, 0x00, 0x00, 0x00, 0x00, 0x00, 0x00, 0x00, 0x00, 0x00, 0x00,
    0x00, 0x00, 0x00, 0x00, 0x00, 0x00, 0x00, 0x00, 0x00, 0x00, 0x00, 0x00, 0x00, 0x00, 0x00, 0x00,
    0x00, 0x00, 0x00, 0x00, 0x0F, 0x00, 0x00, 0x00, 0x00, 0x00, 0x00, 0x00, 0x00, 0x00, 0x00, 0x00,
    0x00, 0x00, 0x00, 0x00, 0x00, 0x00, 0x00, 0x00, 0x00, 0x00, 0x00, 0x00, 0x00, 0x00, 0x00, 0x00,
    0x00, 0x00, 0x00, 0x00, 0x00, 0x00, 0x00, 0x00, 0x00, 0x00, 0x00, 0x00, 0x00, 0x00, 0x00, 0x00,
    0x00, 0x00, 0x00, 0x00, 0x00, 0x00, 0x00, 0x00, 0x00, 0x00, 0x00, 0x00, 0x00, 0x00, 0x00, 0x00,
    0x00, 0x00, 0x00, 0x00, 0xEF, 0x03, 0x0F, 0x00, 0x0F, 0x00, 0x0F, 0x00, 0x0F, 0x00, 0xEF, 0x03,
    0x0F, 0x00, 0x00, 0x00, 0x00, 0x00, 0x00, 0x00, 0x00, 0x00, 0x00, 0x00, 0x00, 0x00, 0x00, 0x00,
    0x00, 0x00, 0x00, 0x00, 0x00, 0x00, 0x00, 0x00, 0x00, 0x00, 0x00, 0x00, 0x00, 0x00, 0x00, 0x00,
    0x00, 0x00, 0x00, 0x01, 0x01, 0x01, 0x01, 0x01, 0x01, 0x01, 0x01, 0x00, 0x00, 0x00, 0x00, 0x00,
    0x00, 0x00, 0x00, 0x00, 0x00, 0x00, 0x00, 0x00, 0x00, 0x00, 0x00, 0x00, 0x00, 0x00, 0x00, 0x00,
    0x03, 0x00, 0x00, 0x00, 0x00, 0x00, 0x00, 0x00, 0x00, 0x03, 0x01, 0x00, 0x00, 0x00, 0x00, 0x00,
    0x00, 0x00, 0x00, 0x00, 0x00, 0x00, 0x00, 0x00, 0x00, 0x00, 0x00, 0x00, 0x00, 0x00, 0x00, 0x08,
    0x11, 0x11, 0x11, 0x11, 0x11, 0x11, 0x0B, 0x00, 0x00, 0x00, 0x00, 0x00, 0x00, 0x00, 0x00, 0x00,
    0x00, 0x00, 0x00, 0x00, 0x00, 0x00, 0x00, 0x00, 0x00, 0x01, 0x02, 0x04, 0x87, 0xE1, 0xEC, 0xED,
    0xEE, 0xEE, 0xED, 0xEC, 0xE5, 0x98, 0x0D, 0x01, 0x01, 0x00, 0x00, 0x00, 0x00, 0x00, 0x00, 0x00,
    0x00, 0x00, 0x00, 0x00, 0x00, 0x00, 0x00, 0x03, 0x00, 0x85, 0xFF, 0xFF, 0xFF, 0xFF, 0xFF, 0xFF,
    0xFF, 0xFF, 0xFF, 0xFF, 0xA4, 0x00, 0x03, 0x00, 0x00, 0x00, 0x00, 0x00, 0x00, 0x00, 0x00, 0x00,
    0x00, 0x00, 0x00, 0x00, 0x01, 0x00, 0x09, 0xE8, 0xFC, 0xFC, 0xFE, 0xFE, 0xFE, 0xFE, 0xFE, 0xFE,
    0xFD, 0xFC, 0xFC, 0x1B, 0x00, 0x02, 0x00, 0x00, 0x00, 0x00, 0x00, 0x00, 0x00, 0x00, 0x00, 0x00,
    0x00, 0x00, 0x01, 0x00, 0x12, 0xEE, 0xFF, 0xFE, 0xFF, 0xFF, 0xFF, 0xFF, 0xFF, 0xFF, 0xFE, 0xFF,
    0xFF, 0x29, 0x00, 0x02, 0x00, 0x00, 0x00, 0x00, 0x00, 0x00, 0x00, 0x00, 0x00, 0x00, 0x00, 0x00,
    0x01, 0x00, 0x11, 0xED, 0xFF, 0xFE, 0xFF, 0xFF, 0xFF, 0xFF, 0xFF, 0xFF, 0xFE, 0xFF, 0xFF, 0x27,
    0x00, 0x02, 0x00, 0x00, 0x00, 0x00, 0x00, 0x00, 0x00, 0x00, 0x00, 0x00, 0x00, 0x00, 0x01, 0x00,
    0x11, 0xEE, 0xFF, 0xFE, 0xFF, 0xFF, 0xFF, 0xFF, 0xFF, 0xFF, 0xFE, 0xFF, 0xFF, 0x27, 0x00, 0x02,
    0x00, 0x00, 0x00, 0x00, 0x00, 0x00, 0x00, 0x00, 0x00, 0x00, 0x00, 0x00, 0x01, 0x00, 0x11, 0xEE,
    0xFF, 0xFE, 0xFF, 0xFF, 0xFF, 0xFF, 0xFF, 0xFF, 0xFE, 0xFF, 0xFF, 0x27, 0x00, 0x02, 0x00, 0x00,
    0x00, 0x00, 0x00, 0x00, 0x00, 0x00, 0x00, 0x00, 0x00, 0x00, 0x01, 0x00, 0x11, 0xEE, 0xFF, 0xFE,
    0xFF, 0xFF, 0xFF, 0xFF, 0xFF, 0xFF, 0xFE, 0xFF, 0xFF, 0x27, 0x00, 0x02, 0x00, 0x00, 0x00, 0x00,
    0x00, 0x00, 0x00, 0x00, 0x00, 0x00, 0x00, 0x00, 0x01, 0x00, 0x11, 0xEE, 0xFF, 0xFE, 0xFF, 0xFF,
    0xFF, 0xFF, 0xFF, 0xFF, 0xFE, 0xFF, 0xFF, 0x27, 0x00, 0x02, 0x00, 0x00, 0x00, 0x00, 0x00, 0x00,
    0x00, 0x00, 0x00, 0x00, 0x00, 0x00, 0x01, 0x00, 0x11, 0xEE, 0xFF, 0xFE, 0xFF, 0xFF, 0xFF, 0xFF,
    0xFF, 0xFF, 0xFE, 0xFF, 0xFF, 0x27, 0x00, 0x02, 0x00, 0x00, 0x00, 0x00, 0x00, 0x00, 0x00, 0x00,
    0x00, 0x00, 0x00, 0x00, 0x01, 0x00, 0x11, 0xEE, 0xFF, 0xFE, 0xFF, 0xFF, 0xFF, 0xFF, 0xFF, 0xFF,
    0xFE, 0xFF, 0xFF, 0x27, 0x00, 0x02, 0x00, 0x00, 0x00, 0x00, 0x00, 0x00, 0x00, 0x00, 0x00, 0x00,
    0x00, 0x00, 0x01, 0x00, 0x11, 0xEE, 0xFF, 0xFE, 0xFF, 0xFF, 0xFF, 0xFF, 0xFF, 0xFF, 0xFE, 0xFF,
    0xFF, 0x27, 0x00, 0x02, 0x00, 0x00, 0x00, 0x00, 0x00, 0x00, 0x00, 0x00, 0x00, 0x00, 0x00, 0x00,
    0x01, 0x00, 0x11, 0xEE, 0xFF, 0xFE, 0xFF, 0xFF, 0xFF, 0xFF, 0xFF, 0xFF, 0xFE, 0xFF, 0xFF, 0x27,
    0x00, 0x02, 0x00, 0x00, 0x00, 0x00, 0x00, 0x00, 0x00, 0x00, 0x00, 0x00, 0x00, 0x00, 0x01, 0x00,
    0x11, 0xEE, 0xFF, 0xFE, 0xFF, 0xFF, 0xFF, 0xFF, 0xFF, 0xFF, 0xFE, 0xFF, 0xFF, 0x27, 0x00, 0x02,
    0x00, 0x00, 0x00, 0x00, 0x00, 0x00, 0x00, 0x00, 0x00, 0x00, 0x00, 0x00, 0x01, 0x00, 0x11, 0xEE,
    0xFF, 0xFE, 0xFF, 0xFF, 0xFF, 0xFF, 0xFF, 0xFF, 0xFE, 0xFF, 0xFF, 0x27, 0x00, 0x02, 0x00, 0x00,
    0x00, 0x00, 0x00, 0x00, 0x00, 0x00, 0x00, 0x00, 0x00, 0x00, 0x01, 0x00, 0x11, 0xEE, 0xFF, 0xFE,
    0xFF, 0xFF, 0xFF, 0xFF, 0xFF, 0xFF, 0xFE, 0xFF, 0xFF, 0x27, 0x00, 0x02, 0x00, 0x00, 0x00, 0x00,
    0x00, 0x00, 0x00, 0x00, 0x00, 0x00, 0x00, 0x00, 0x01, 0x00, 0x11, 0xEE, 0xFF, 0xFE, 0xFF, 0xFF,
    0xFF, 0xFF, 0xFF, 0xFF, 0xFE, 0xFF, 0xFF, 0x27, 0x00, 0x02, 0x00, 0x00, 0x00, 0x00, 0x00, 0x00,
    0x00, 0x00, 0x00, 0x00, 0x00, 0x00, 0x01, 0x00, 0x11, 0xEE, 0xFF, 0xFE, 0xFF, 0xFF, 0xFF, 0xFF,
    0xFF, 0xFF, 0xFE, 0xFF, 0xFF, 0x27, 0x00, 0x02, 0x00, 0x00, 0x00, 0x00, 0x00, 0x00, 0x00, 0x00,
    0x00, 0x00, 0x00, 0x00, 0x01, 0x00, 0x11, 0xEE, 0xFF, 0xFE, 0xFF, 0xFF, 0xFF, 0xFF, 0xFF, 0xFF,
    0xFE, 0xFF, 0xFF, 0x27, 0x00, 0x02, 0x00, 0x00, 0x00, 0x00, 0x00, 0x00, 0x00, 0x00, 0x00, 0x00,
    0x00, 0x00, 0x01, 0x00, 0x11, 0xEE, 0xFF, 0xFE, 0xFF, 0xFF, 0xFF, 0xFF, 0xFF, 0xFF, 0xFE, 0xFF,
    0xFF, 0x27, 0x00, 0x02, 0x00, 0x00, 0x00, 0x00, 0x00, 0x00, 0x00, 0x00, 0x00, 0x00, 0x00, 0x00,
    0x01, 0x00, 0x12, 0xEE, 0xFF, 0xFE, 0xFF, 0xFF, 0xFF, 0xFF, 0xFF, 0xFF, 0xFE, 0xFF, 0xFF, 0x29,
    0x00, 0x02, 0x00, 0x00, 0x00, 0x00, 0x00, 0x00, 0x00, 0x00, 0x00, 0x00, 0x00, 0x00, 0x01, 0x00,
    0x0B, 0xEC, 0xFC, 0xFD, 0xFE, 0xFE, 0xFE, 0xFE, 0xFE, 0xFE, 0xFD, 0xFC, 0xFE, 0x1F, 0x00, 0x02,
    0x00, 0x00, 0x00, 0x00, 0x00, 0x00, 0x00, 0x00, 0x00, 0x00, 0x00, 0x00, 0x00, 0x03, 0x00, 0x99,
    0xFF, 0xFE, 0xFF, 0xFF, 0xFF, 0xFF, 0xFF, 0xFF, 0xFE, 0xFF, 0xB8, 0x01, 0x02, 0x00, 0x00, 0x00,
    0x00, 0x00, 0x00, 0x00, 0x00, 0x00, 0x00, 0x00, 0x00, 0x00, 0x00, 0x01, 0x02, 0x0C, 0xA4, 0xF4,
    0xFD, 0xFE, 0xFF, 0xFF, 0xFE, 0xFD, 0xF7, 0xB5, 0x19, 0x01, 0x02, 0x00, 0x00, 0x00, 0x00, 0x00,
    0x00, 0x00, 0x00, 0x00, 0x00, 0x00, 0x00, 0x00, 0x00, 0x00, 0x00, 0x00, 0x00, 0x1B, 0x27, 0x27,
    0x27, 0x27, 0x27, 0x27, 0x1F, 0x00, 0x00, 0x01, 0x00, 0x00, 0x00, 0x00, 0x00, 0x00, 0x00, 0x00,
    0x00, 0x00, 0x00, 0x00, 0x00, 0x00, 0x00, 0x00, 0x00, 0x01, 0x02, 0x00, 0x00, 0x00, 0x00, 0x00,
    0x00, 0x00, 0x00, 0x01, 0x01, 0x00, 0x00, 0x00, 0x00, 0x00, 0x00, 0x00, 0x00, 0x00, 0x00, 0x00,
    0x00, 0x00, 0x00, 0x00, 0x00, 0x00, 0x00, 0x00, 0x00, 0x02, 0x02, 0x02, 0x02, 0x02, 0x02, 0x02,
    0x02, 0x00, 0x00, 0x00, 0x00, 0x00, 0x00, 0x00, 0x00, 0x00, 0x00, 0x00
};

#define ICON_AG_HEIRPAWS_W 30
#define ICON_AG_HEIRPAWS_H 30
static const uint8_t icon_ag_heirpaws_data[2700] = {
    0x00, 0x00, 0x00, 0x00, 0x00, 0x00, 0x00, 0x00, 0x00, 0x00, 0x00, 0x00, 0x00, 0x00, 0x00, 0x00,
    0x00, 0x00, 0x00, 0x00, 0x00, 0x00, 0x00, 0x00, 0xEF, 0x7B, 0xAA, 0xAA, 0x00, 0x00, 0x00, 0x00,
    0xEF, 0x7B, 0x4A, 0xAD, 0xFF, 0xFF, 0x00, 0x00, 0x00, 0x00, 0x00, 0x00, 0x00, 0x00, 0x00, 0x00,
    0x00, 0x00, 0x00, 0x00, 0x00, 0x00, 0x00, 0x00, 0x00, 0x00, 0x00, 0x00, 0x00, 0x00, 0x00, 0x00,
    0x00, 0x00, 0x00, 0x00, 0x00, 0x00, 0x00, 0x00, 0x00, 0x00, 0x00, 0x00, 0x00, 0x00, 0x00, 0x00,
    0x00, 0x00, 0xEF, 0x7B, 0x00, 0x00, 0x00, 0x00, 0x00, 0x00, 0x4A, 0xAD, 0x00, 0x00, 0x00, 0x00,
    0x00, 0x00, 0xEF, 0x7B, 0x00, 0x00, 0x00, 0x00, 0x00, 0x00, 0x00, 0x00, 0x00, 0x00, 0x00, 0x00,
    0x00, 0x00, 0x00, 0x00, 0x00, 0x00, 0x00, 0x00, 0x00, 0x00, 0x00, 0x00, 0x00, 0x00, 0x00, 0x00,
    0x00, 0x00, 0x00, 0x00, 0x00, 0x00, 0x00, 0x00, 0x00, 0x00, 0x00, 0x00, 0xFF, 0xFF, 0x00, 0x00,
    0x8D, 0x93, 0xED, 0x9B, 0xAA, 0xAA, 0x00, 0x00, 0x8C, 0x93, 0x0E, 0xA4, 0x4B, 0x83, 0x00, 0x00,
    0xEF, 0x7B, 0x00, 0x00, 0x00, 0x00, 0x00, 0x00, 0x00, 0x00, 0x00, 0x00, 0x00, 0x00, 0x00, 0x00,
    0x00, 0x00, 0x00, 0x00, 0x00, 0x00, 0x00, 0x00, 0x00, 0x00, 0x00, 0x00, 0x00, 0x00, 0x00, 0x00,
    0x00, 0x00, 0x00, 0x00, 0x00, 0x00, 0xEF, 0x7B, 0x00, 0x00, 0xAC, 0x93, 0xCD, 0x9B, 0xED, 0xA3,
    0xAD, 0x93, 0xAC, 0x93, 0xCD, 0x9B, 0xED, 0x9B, 0xCD, 0x9B, 0xAD, 0x93, 0x00, 0x00, 0xEF, 0x7B,
    0x00, 0x00, 0x00, 0x00, 0x00, 0x00, 0x00, 0x00, 0x00, 0x00, 0x00, 0x00, 0x00, 0x00, 0x00, 0x00,
    0x00, 0x00, 0x00, 0x00, 0x00, 0x00, 0x00, 0x00, 0x00, 0x00, 0x00, 0x00, 0x00, 0x00, 0x4A, 0xAD,
    0xEA, 0xAB, 0xE7, 0x7B, 0xAD, 0x93, 0x0E, 0xA4, 0xAD, 0x93, 0xAC, 0x93, 0xCD, 0x9B, 0xED, 0x9B,
    0xCD, 0x9B, 0xAC, 0x93, 0xED, 0x9B, 0xAD, 0x93, 0x8C, 0x8B, 0xEF, 0x7B, 0xEF, 0x7B, 0xEF, 0x7B,
    0x00, 0x00, 0x00, 0x00, 0x00, 0x00, 0x00, 0x00, 0x00, 0x00, 0x00, 0x00, 0x00, 0x00, 0x00, 0x00,
    0x00, 0x00, 0x00, 0x00, 0x00, 0x00, 0x00, 0x00, 0x00, 0x00, 0x00, 0x00, 0x00, 0x00, 0x00, 0x00,
    0xAD, 0x93, 0xED, 0x9B, 0xAC, 0x93, 0xAD, 0x93, 0xAC, 0x93, 0xAD, 0x93, 0xAC, 0x93, 0xAD, 0x93,
    0xAC, 0x93, 0xEE, 0xA3, 0x8D, 0x93, 0x00, 0x00, 0x00, 0x00, 0x00, 0x00, 0xFF, 0xFF, 0x00, 0x00,
    0x00, 0x00, 0x00, 0x00, 0x00, 0x00, 0x00, 0x00, 0x00, 0x00, 0x00, 0x00, 0x00, 0x00, 0x00, 0x00,
    0x00, 0xF8, 0x00, 0xF8, 0x6D, 0x93, 0xCD, 0x9B, 0xED, 0x9B, 0xAD, 0x93, 0xAD, 0x93, 0xCD, 0x9B,
    0xAD, 0x93, 0xAD, 0x93, 0xAD, 0x93, 0xAD, 0x93, 0xAD, 0x93, 0xAD, 0x93, 0xAC, 0x93, 0xCD, 0x9B,
    0xAD, 0x93, 0xAC, 0x93, 0xCD, 0x9B, 0xAD, 0x93, 0x00, 0x00, 0xEF, 0x7B, 0x00, 0x00, 0x00, 0x00,
    0x00, 0x00, 0x00, 0x00, 0x00, 0x00, 0x00, 0x00, 0x00, 0x00, 0x00, 0x00, 0xEF, 0x7B, 0x00, 0x00,
    0xAD, 0x93, 0x0E, 0xA4, 0xCD, 0x9B, 0xED, 0x9B, 0xAD, 0x93, 0xAD, 0x93, 0xAD, 0x93, 0xAD, 0x93,
    0xAD, 0x93, 0xAD, 0x93, 0xAD, 0x93, 0xAD, 0x93, 0xAD, 0x93, 0xAC, 0x93, 0xCD, 0x9B, 0xED, 0x9B,
    0xEE, 0xA3, 0xCD, 0x9B, 0x8D, 0x93, 0x00, 0x00, 0xEF, 0x7B, 0x00, 0x00, 0x00, 0x00, 0x00, 0x00,
    0x00, 0x00, 0x00, 0x00, 0x00, 0x00, 0xAA, 0xAA, 0x00, 0x00, 0x8C, 0x93, 0xED, 0x9B, 0xAD, 0x93,
    0xAD, 0x93, 0xAD, 0x93, 0xAD, 0x93, 0xAD, 0x93, 0xAD, 0x93, 0xAD, 0x93, 0xAD, 0x93, 0xAD, 0x93,
    0xAD, 0x93, 0xAD, 0x93, 0xAD, 0x93, 0xAD, 0x93, 0xAC, 0x93, 0xAD, 0x93, 0xAC, 0x93, 0x0E, 0xA4,
    0xAD, 0x93, 0x00, 0x00, 0xEF, 0x7B, 0x00, 0x00, 0x00, 0x00, 0x00, 0x00, 0x00, 0x00, 0x00, 0x00,
    0x00, 0x00, 0xEF, 0xBB, 0x00, 0x00, 0xAC, 0x93, 0xED, 0xA3, 0xAC, 0x93, 0xAD, 0x93, 0xAD, 0x93,
    0xAD, 0x93, 0xAD, 0x93, 0xAD, 0x93, 0xAC, 0x93, 0xAD, 0x93, 0xCD, 0x9B, 0xAC, 0x93, 0xAC, 0x93,
    0xAC, 0x93, 0xAD, 0x93, 0xAD, 0x93, 0xAD, 0x93, 0xAC, 0x93, 0xCD, 0x9B, 0xAD, 0x93, 0x00, 0x00,
    0x00, 0x00, 0x00, 0x00, 0x00, 0x00, 0x00, 0x00, 0x00, 0x00, 0x00, 0x00, 0x00, 0x00, 0xEF, 0xBB,
    0x00, 0x00, 0xAD, 0x93, 0xEE, 0xA3, 0xAC, 0x93, 0xAD, 0x93, 0xAD, 0x93, 0xAC, 0x93, 0xAD, 0x93,
    0xED, 0x9B, 0x0E, 0xA4, 0xAC, 0x93, 0xAC, 0x93, 0xED, 0xA3, 0xEE, 0xA3, 0xCD, 0x9B, 0xAC, 0x93,
    0xAD, 0x93, 0xAD, 0x93, 0xAC, 0x93, 0xCD, 0x9B, 0xAC, 0x93, 0x00, 0x00, 0x00, 0x00, 0x00, 0x00,
    0x00, 0x00, 0x00, 0x00, 0x00, 0x00, 0x00, 0x00, 0x00, 0x00, 0xEF, 0x7B, 0x00, 0x00, 0xAD, 0x93,
    0xED, 0xA3, 0xAC, 0x93, 0xAD, 0x93, 0xAD, 0x93, 0xCD, 0x9B, 0xAD, 0x93, 0xAD, 0x93, 0xED, 0x9B,
    0xAC, 0x93, 0xFF, 0xFF, 0xAD, 0x9B, 0xED, 0x9B, 0xAD, 0x93, 0xAD, 0x93, 0xED, 0x9B, 0xAD, 0x93,
    0xAD, 0x93, 0xED, 0x9B, 0xAC, 0x93, 0x00, 0x00, 0x55, 0xAD, 0x00, 0x00, 0x00, 0x00, 0x00, 0x00,
    0x00, 0x00, 0x00, 0x00, 0x00, 0x00, 0x00, 0xF8, 0xFF, 0xFF, 0xAC, 0x9B, 0xAC, 0x93, 0xED, 0xA3,
    0xAC, 0x93, 0x0E, 0xA4, 0xAD, 0x93, 0xE0, 0xFF, 0x00, 0x00, 0x00, 0x00, 0x00, 0x00, 0x00, 0x00,
    0x00, 0x00, 0x00, 0x00, 0x00, 0x00, 0xAD, 0x93, 0x0E, 0xA4, 0xAC, 0x93, 0xAD, 0x93, 0x0E, 0xA4,
    0x8C, 0x93, 0x00, 0x00, 0x4A, 0xAD, 0x00, 0x00, 0x00, 0x00, 0x00, 0x00, 0x00, 0x00, 0x00, 0x00,
    0x00, 0x00, 0x00, 0x00, 0xEF, 0x7B, 0x00, 0x00, 0x8D, 0x93, 0xCD, 0x9B, 0xCD, 0x9B, 0xCD, 0x9B,
    0xAC, 0x93, 0x00, 0x00, 0x00, 0x00, 0xCD, 0x9B, 0xCD, 0x9B, 0xCD, 0x9B, 0xCD, 0x9B, 0x00, 0x00,
    0x00, 0x00, 0x4A, 0xAD, 0xAD, 0x93, 0xCD, 0x9B, 0xCD, 0x9B, 0xAC, 0x93, 0x00, 0x00, 0xEF, 0x7B,
    0x00, 0x00, 0x00, 0x00, 0x00, 0x00, 0x00, 0x00, 0x00, 0x00, 0x00, 0x00, 0x00, 0x00, 0x00, 0x00,
    0x00, 0x00, 0xFF, 0xFF, 0x00, 0x00, 0xEB, 0x7A, 0x0E, 0xA4, 0xE7, 0x79, 0x00, 0x00, 0xAD, 0x93,
    0xCD, 0x9B, 0xAD, 0x9B, 0xCD, 0x9B, 0xCD, 0x9B, 0xAD, 0x9B, 0xCD, 0x9B, 0xAC, 0x93, 0x00, 0x00,
    0x00, 0x00, 0xAD, 0x93, 0x8C, 0x93, 0x00, 0x00, 0xFF, 0xFF, 0x00, 0x00, 0x00, 0x00, 0x00, 0x00,
    0x00, 0x00, 0x00, 0x00, 0x00, 0x00, 0x00, 0x00, 0x00, 0x00, 0x00, 0x00, 0x00, 0x00, 0x00, 0x00,
    0xEF, 0x7B, 0x00, 0x00, 0x00, 0x00, 0x00, 0x00, 0xAC, 0x93, 0xED, 0x9B, 0xED, 0x9B, 0xAD, 0x93,
    0xAC, 0x93, 0xAC, 0x93, 0xAD, 0x93, 0xED, 0x9B, 0xED, 0x9B, 0xAC, 0x93, 0x00, 0x00, 0x00, 0x00,
    0x00, 0x00, 0xAA, 0xAA, 0x00, 0x00, 0x00, 0x00, 0x00, 0x00, 0x00, 0x00, 0x00, 0x00, 0x00, 0x00,
    0x00, 0x00, 0x00, 0x00, 0x00, 0x00, 0x00, 0x00, 0x00, 0x00, 0x00, 0x00, 0x00, 0x00, 0xEF, 0x7B,
    0x00, 0x00, 0xAC, 0x93, 0x0E, 0xA4, 0xAD, 0x93, 0xAD, 0x93, 0xAD, 0x93, 0xAD, 0x93, 0xAD, 0x93,
    0xAD, 0x93, 0xAD, 0x93, 0xAD, 0x93, 0x0E, 0xA4, 0xAC, 0x93, 0x00, 0x00, 0x2C, 0x9B, 0x00, 0x00,
    0x00, 0x00, 0x00, 0x00, 0x00, 0x00, 0x00, 0x00, 0x00, 0x00, 0x00, 0x00, 0x00, 0x00, 0x00, 0x00,
    0x00, 0x00, 0x00, 0x00, 0x00, 0x00, 0x00, 0x00, 0xE0, 0xFF, 0x00, 0x00, 0x8C, 0x9B, 0xAD, 0x93,
    0xCD, 0x9B, 0xAC, 0x93, 0xAD, 0x93, 0xAD, 0x93, 0xAD, 0x93, 0xAD, 0x93, 0xAD, 0x93, 0xAD, 0x93,
    0xAC, 0x93, 0xCD, 0x9B, 0xAD, 0x93, 0x8C, 0x9B, 0x00, 0x00, 0xE0, 0xFF, 0x00, 0x00, 0x00, 0x00,
    0x00, 0x00, 0x00, 0x00, 0x00, 0x00, 0x00, 0x00, 0x00, 0x00, 0x00, 0x00, 0x00, 0x00, 0x00, 0x00,
    0x00, 0x00, 0x00, 0x00, 0xEF, 0x7B, 0x00, 0x00, 0xAC, 0x93, 0xED, 0xA3, 0xAC, 0x93, 0xAD, 0x93,
    0xAD, 0x93, 0xAD, 0x93, 0xAD, 0x93, 0xAD, 0x93, 0xAD, 0x93, 0xAD, 0x93, 0xAD, 0x93, 0xAC, 0x93,
    0xED, 0xA3, 0xAC, 0x93, 0x00, 0x00, 0xEF, 0x7B, 0x00, 0x00, 0x00, 0x00, 0x00, 0x00, 0x00, 0x00,
    0x00, 0x00, 0x00, 0x00, 0x00, 0x00, 0x00, 0x00, 0x00, 0x00, 0x00, 0x00, 0x00, 0x00, 0x00, 0x00,
    0xEF, 0x7B, 0x00, 0x00, 0xAD, 0x93, 0xED, 0xA3, 0xAC, 0x93, 0xAD, 0x93, 0xAD, 0x93, 0xAD, 0x93,
    0xAD, 0x93, 0xAD, 0x93, 0xAD, 0x93, 0xAD, 0x93, 0xAD, 0x93, 0xAC, 0x93, 0xED, 0xA3, 0xAD, 0x93,
    0x00, 0x00, 0xEF, 0x7B, 0x00, 0x00, 0x00, 0x00, 0x00, 0x00, 0x00, 0x00, 0x00, 0x00, 0x00, 0x00,
    0x00, 0x00, 0x00, 0x00, 0x00, 0x00, 0x00, 0x00, 0x00, 0x00, 0x00, 0x00, 0xEF, 0x7B, 0x00, 0x00,
    0xAD, 0x93, 0xED, 0xA3, 0xAC, 0x93, 0xAD, 0x93, 0xAD, 0x93, 0xAD, 0x93, 0xAD, 0x93, 0xAD, 0x93,
    0xAD, 0x93, 0xAD, 0x93, 0xAD, 0x93, 0xAC, 0x93, 0xED, 0xA3, 0xAD, 0x93, 0x00, 0x00, 0xEF, 0x7B,
    0x00, 0x00, 0x00, 0x00, 0x00, 0x00, 0x00, 0x00, 0x00, 0x00, 0x00, 0x00, 0x00, 0x00, 0x00, 0x00,
    0x00, 0x00, 0x00, 0x00, 0x00, 0x00, 0x00, 0x00, 0xEF, 0xBB, 0x00, 0x00, 0xAD, 0x93, 0xEE, 0xA3,
    0xAC, 0x93, 0xAD, 0x93, 0xAD, 0x93, 0xAD, 0x93, 0xAD, 0x93, 0xAD, 0x93, 0xAD, 0x93, 0xAD, 0x93,
    0xAD, 0x93, 0xAC, 0x93, 0xEE, 0xA3, 0xAD, 0x93, 0x00, 0x00, 0xEF, 0xBB, 0x00, 0x00, 0x00, 0x00,
    0x00, 0x00, 0x00, 0x00, 0x00, 0x00, 0x00, 0x00, 0x00, 0x00, 0x00, 0x00, 0x00, 0x00, 0x00, 0x00,
    0x00, 0x00, 0x00, 0x00, 0xEF, 0x7B, 0x00, 0x00, 0x8C, 0x93, 0xCD, 0x93, 0xAD, 0x93, 0xAD, 0x93,
    0xAD, 0x93, 0xAD, 0x93, 0xAD, 0x93, 0xAD, 0x93, 0xAD, 0x93, 0xAD, 0x93, 0xAD, 0x93, 0xAD, 0x93,
    0xCD, 0x93, 0x8C, 0x93, 0x00, 0x00, 0xEF, 0x7B, 0x00, 0x00, 0x00, 0x00, 0x00, 0x00, 0x00, 0x00,
    0x00, 0x00, 0x00, 0x00, 0x00, 0x00, 0x00, 0x00, 0x00, 0x00, 0x00, 0x00, 0x00, 0x00, 0x00, 0x00,
    0x00, 0x00, 0xAA, 0xAA, 0x00, 0x00, 0xAC, 0x93, 0x0E, 0xA4, 0xAC, 0x93, 0xAD, 0x93, 0xAD, 0x93,
    0xAD, 0x93, 0xAD, 0x93, 0xAD, 0x93, 0xAD, 0x93, 0xAC, 0x93, 0x0E, 0xA4, 0xAC, 0x93, 0x00, 0x00,
    0xAA, 0xAA, 0x00, 0x00, 0x00, 0x00, 0x00, 0x00, 0x00, 0x00, 0x00, 0x00, 0x00, 0x00, 0x00, 0x00,
    0x00, 0x00, 0x00, 0x00, 0x00, 0x00, 0x00, 0x00, 0x00, 0x00, 0x00, 0x00, 0x00, 0x00, 0x00, 0xF8,
    0xAA, 0x52, 0xEC, 0x9B, 0xAD, 0x93, 0x0E, 0xA4, 0xAD, 0x93, 0xAD, 0x93, 0xAC, 0x93, 0xAC, 0x93,
    0xAD, 0x93, 0xAD, 0x93, 0x0E, 0xA4, 0xAD, 0x93, 0xEC, 0x9B, 0xAA, 0x52, 0x00, 0xF8, 0x00, 0x00,
    0x00, 0x00, 0x00, 0x00, 0x00, 0x00, 0x00, 0x00, 0x00, 0x00, 0x00, 0x00, 0x00, 0x00, 0x00, 0x00,
    0x00, 0x00, 0x00, 0x00, 0x00, 0x00, 0x00, 0x00, 0x00, 0x00, 0x00, 0x00, 0x00, 0xF8, 0x00, 0x00,
    0xEF, 0x7B, 0xAD, 0x9B, 0xCD, 0x9B, 0xED, 0x9B, 0xEE, 0xA3, 0xEE, 0xA3, 0xED, 0x9B, 0xCD, 0x9B,
    0xAD, 0x9B, 0xEF, 0x7B, 0x00, 0x00, 0x00, 0xF8, 0x00, 0x00, 0x00, 0x00, 0x00, 0x00, 0x00, 0x00,
    0x00, 0x00, 0x00, 0x00, 0x00, 0x00, 0x00, 0x00, 0x00, 0x00, 0x00, 0x00, 0x00, 0x00, 0x00, 0x00,
    0x00, 0x00, 0x00, 0x00, 0x00, 0x00, 0x00, 0x00, 0x00, 0x00, 0x00, 0xF8, 0x00, 0x00, 0x00, 0x00,
    0x8D, 0x93, 0xAD, 0x9B, 0xCD, 0x9B, 0xCD, 0x9B, 0xAD, 0x9B, 0x8D, 0x93, 0x00, 0x00, 0x00, 0x00,
    0x00, 0xF8, 0x00, 0x00, 0x00, 0x00, 0x00, 0x00, 0x00, 0x00, 0x00, 0x00, 0x00, 0x00, 0x00, 0x00,
    0x00, 0x00, 0x00, 0x00, 0x00, 0x00, 0x00, 0x00, 0x00, 0x00, 0x00, 0x00, 0x00, 0x00, 0x00, 0x00,
    0x00, 0x00, 0x00, 0x00, 0x00, 0x00, 0x00, 0x00, 0x00, 0x00, 0xAA, 0xAA, 0x00, 0x00, 0x00, 0x00,
    0x00, 0x00, 0x00, 0x00, 0x00, 0x00, 0x00, 0x00, 0xAA, 0xAA, 0x00, 0x00, 0x00, 0x00, 0x00, 0x00,
    0x00, 0x00, 0x00, 0x00, 0x00, 0x00, 0x00, 0x00, 0x00, 0x00, 0x00, 0x00, 0x00, 0x00, 0x00, 0x00,
    0x00, 0x00, 0x00, 0x00, 0x00, 0x00, 0x00, 0x00, 0x00, 0x00, 0x00, 0x00, 0x00, 0x00, 0x00, 0x00,
    0x00, 0x00, 0x00, 0x00, 0x00, 0x00, 0x00, 0x00, 0xFF, 0xFF, 0x4A, 0xAD, 0xEF, 0x7B, 0xEF, 0x7B,
    0x4A, 0xAD, 0xFF, 0xFF, 0x00, 0x00, 0x00, 0x00, 0x00, 0x00, 0x00, 0x00, 0x00, 0x00, 0x00, 0x00,
    0x00, 0x00, 0x00, 0x00, 0x00, 0x00, 0x00, 0x00, 0x00, 0x00, 0x00, 0x00, 0x00, 0x00, 0x00, 0x00,
    0x00, 0x00, 0x00, 0x00, 0x00, 0x00, 0x00, 0x00, 0x00, 0x00, 0x00, 0x00, 0x00, 0x00, 0x00, 0x00,
    0x00, 0x00, 0x00, 0x00, 0x00, 0x00, 0x00, 0x00, 0x00, 0x00, 0x00, 0x00, 0x00, 0x00, 0x00, 0x00,
    0x00, 0x00, 0x00, 0x00, 0x00, 0x00, 0x00, 0x00, 0x00, 0x00, 0x00, 0x00, 0x00, 0x00, 0x00, 0x00,
    0x00, 0x00, 0x00, 0x00, 0x00, 0x00, 0x00, 0x00, 0x00, 0x00, 0x00, 0x00, 0x00, 0x00, 0x00, 0x00,
    0x00, 0x00, 0x00, 0x00, 0x02, 0x03, 0x01, 0x00, 0x02, 0x03, 0x01, 0x00, 0x00, 0x00, 0x00, 0x00,
    0x00, 0x00, 0x00, 0x00, 0x00, 0x00, 0x00, 0x00, 0x00, 0x00, 0x00, 0x00, 0x00, 0x00, 0x00, 0x00,
    0x00, 0x02, 0x00, 0x00, 0x00, 0x03, 0x00, 0x00, 0x00, 0x02, 0x00, 0x00, 0x00, 0x00, 0x00, 0x00,
    0x00, 0x00, 0x00, 0x00, 0x00, 0x00, 0x00, 0x00, 0x00, 0x00, 0x00, 0x00, 0x00, 0x00, 0x01, 0x00,
    0x2C, 0x3D, 0x03, 0x00, 0x1B, 0x41, 0x11, 0x00, 0x02, 0x00, 0x00, 0x00, 0x00, 0x00, 0x00, 0x00,
    0x00, 0x00, 0x00, 0x00, 0x00, 0x00, 0x00, 0x00, 0x00, 0x00, 0x00, 0x02, 0x00, 0x86, 0xFD, 0xFF,
    0xBF, 0x6C, 0xEE, 0xFF, 0xE3, 0x3C, 0x00, 0x02, 0x00, 0x00, 0x00, 0x00, 0x00, 0x00, 0x00, 0x00,
    0x00, 0x00, 0x00, 0x00, 0x00, 0x00, 0x01, 0x03, 0x06, 0x04, 0x52, 0xFF, 0xFD, 0xFD, 0xFF, 0xFF,
    0xFF, 0xFB, 0xFF, 0xE5, 0x12, 0x04, 0x04, 0x02, 0x00, 0x00, 0x00, 0x00, 0x00, 0x00, 0x00, 0x00,
    0x00, 0x00, 0x00, 0x00, 0x00, 0x00, 0x00, 0x00, 0xBF, 0xFD, 0xFB, 0xFF, 0xFD, 0xFC, 0xFE, 0xFF,
    0xFA, 0xFF, 0x58, 0x00, 0x00, 0x00, 0x01, 0x00, 0x00, 0x00, 0x00, 0x00, 0x00, 0x00, 0x00, 0x00,
    0x01, 0x01, 0x07, 0x85, 0xBA, 0x7D, 0xE4, 0xFF, 0xFE, 0xFF, 0xFF, 0xFF, 0xFF, 0xFF, 0xFD, 0xFE,
    0xC1, 0xAD, 0xAE, 0x2E, 0x00, 0x02, 0x00, 0x00, 0x00, 0x00, 0x00, 0x00, 0x00, 0x00, 0x02, 0x00,
    0xA9, 0xFF, 0xFF, 0xFF, 0xFF, 0xFF, 0xFF, 0xFF, 0xFF, 0xFF, 0xFF, 0xFF, 0xFF, 0xFF, 0xFF, 0xFF,
    0xFF, 0xEE, 0x22, 0x01, 0x02, 0x00, 0x00, 0x00, 0x00, 0x00, 0x00, 0x03, 0x00, 0x37, 0xFF, 0xFA,
    0xFC, 0xFC, 0xFF, 0xFE, 0xFF, 0xFF, 0xFE, 0xFC, 0xFF, 0xFF, 0xFF, 0xFF, 0xFD, 0xFC, 0xF8, 0xFF,
    0x95, 0x00, 0x04, 0x00, 0x00, 0x00, 0x00, 0x00, 0x00, 0x04, 0x00, 0x76, 0xFE, 0xFB, 0xFF, 0xFF,
    0xFF, 0xFF, 0xFB, 0xFB, 0xFF, 0xFF, 0xFC, 0xFB, 0xFD, 0xFF, 0xFF, 0xFF, 0xFD, 0xFE, 0xD0, 0x00,
    0x01, 0x01, 0x00, 0x00, 0x00, 0x00, 0x00, 0x04, 0x00, 0x81, 0xFE, 0xFB, 0xFF, 0xFF, 0xFD, 0xFA,
    0xFF, 0xFF, 0xF7, 0xC2, 0xFF, 0xFF, 0xFF, 0xFE, 0xFF, 0xFF, 0xFD, 0xFF, 0xD9, 0x00, 0x00, 0x01,
    0x00, 0x00, 0x00, 0x00, 0x00, 0x04, 0x00, 0x53, 0xFF, 0xFA, 0xFE, 0xFC, 0xFF, 0x49, 0x7C, 0x9C,
    0x3C, 0x01, 0x6B, 0x9E, 0x58, 0xCD, 0xFC, 0xFC, 0xFA, 0xFD, 0xB3, 0x00, 0x03, 0x00, 0x00, 0x00,
    0x00, 0x00, 0x00, 0x01, 0x01, 0x0D, 0xE2, 0xFF, 0xFB, 0xFF, 0xC9, 0x01, 0x00, 0x00, 0x00, 0x00,
    0x00, 0x00, 0x00, 0x6B, 0xFF, 0xFD, 0xFF, 0xFF, 0x4D, 0x00, 0x03, 0x00, 0x00, 0x00, 0x00, 0x00,
    0x00, 0x00, 0x02, 0x00, 0x35, 0xD7, 0xFA, 0xCA, 0x25, 0x00, 0x00, 0x22, 0x41, 0x3F, 0x22, 0x00,
    0x00, 0x03, 0x93, 0xF9, 0xF4, 0x7B, 0x00, 0x02, 0x00, 0x00, 0x00, 0x00, 0x00, 0x00, 0x00, 0x00,
    0x00, 0x01, 0x00, 0x08, 0x27, 0x04, 0x00, 0x4E, 0xBF, 0xF5, 0xFF, 0xFF, 0xF5, 0xBF, 0x4D, 0x00,
    0x00, 0x20, 0x1B, 0x00, 0x01, 0x00, 0x00, 0x00, 0x00, 0x00, 0x00, 0x00, 0x00, 0x00, 0x00, 0x00,
    0x02, 0x00, 0x00, 0x00, 0x88, 0xFF, 0xFF, 0xFF, 0xFD, 0xFD, 0xFF, 0xFF, 0xFF, 0x87, 0x00, 0x00,
    0x00, 0x03, 0x00, 0x00, 0x00, 0x00, 0x00, 0x00, 0x00, 0x00, 0x00, 0x00, 0x00, 0x00, 0x00, 0x04,
    0x00, 0x6D, 0xFF, 0xFB, 0xFC, 0xFE, 0xFF, 0xFF, 0xFE, 0xFC, 0xFB, 0xFF, 0x6D, 0x00, 0x05, 0x00,
    0x00, 0x00, 0x00, 0x00, 0x00, 0x00, 0x00, 0x00, 0x00, 0x00, 0x00, 0x00, 0x01, 0x00, 0x14, 0xF0,
    0xFC, 0xFD, 0xFF, 0xFF, 0xFF, 0xFF, 0xFF, 0xFF, 0xFD, 0xFC, 0xF0, 0x14, 0x00, 0x01, 0x00, 0x00,
    0x00, 0x00, 0x00, 0x00, 0x00, 0x00, 0x00, 0x00, 0x00, 0x00, 0x04, 0x00, 0x65, 0xFF, 0xFB, 0xFF,
    0xFF, 0xFF, 0xFF, 0xFF, 0xFF, 0xFF, 0xFF, 0xFB, 0xFF, 0x65, 0x00, 0x04, 0x00, 0x00, 0x00, 0x00,
    0x00, 0x00, 0x00, 0x00, 0x00, 0x00, 0x00, 0x00, 0x04, 0x00, 0x9A, 0xFE, 0xFB, 0xFF, 0xFF, 0xFF,
    0xFF, 0xFF, 0xFF, 0xFF, 0xFF, 0xFB, 0xFE, 0x9A, 0x00, 0x04, 0x00, 0x00, 0x00, 0x00, 0x00, 0x00,
    0x00, 0x00, 0x00, 0x00, 0x00, 0x00, 0x04, 0x00, 0x9F, 0xFF, 0xFB, 0xFF, 0xFF, 0xFF, 0xFF, 0xFF,
    0xFF, 0xFF, 0xFF, 0xFB, 0xFF, 0x9F, 0x00, 0x04, 0x00, 0x00, 0x00, 0x00, 0x00, 0x00, 0x00, 0x00,
    0x00, 0x00, 0x00, 0x00, 0x04, 0x00, 0x77, 0xFF, 0xFB, 0xFF, 0xFF, 0xFF, 0xFF, 0xFF, 0xFF, 0xFF,
    0xFF, 0xFB, 0xFF, 0x77, 0x00, 0x04, 0x00, 0x00, 0x00, 0x00, 0x00, 0x00, 0x00, 0x00, 0x00, 0x00,
    0x00, 0x00, 0x02, 0x00, 0x26, 0xFC, 0xFC, 0xFE, 0xFF, 0xFF, 0xFF, 0xFF, 0xFF, 0xFF, 0xFE, 0xFC,
    0xFC, 0x26, 0x00, 0x02, 0x00, 0x00, 0x00, 0x00, 0x00, 0x00, 0x00, 0x00, 0x00, 0x00, 0x00, 0x00,
    0x00, 0x03, 0x00, 0x97, 0xFF, 0xF9, 0xFE, 0xFF, 0xFF, 0xFF, 0xFF, 0xFE, 0xF9, 0xFF, 0x97, 0x00,
    0x03, 0x00, 0x00, 0x00, 0x00, 0x00, 0x00, 0x00, 0x00, 0x00, 0x00, 0x00, 0x00, 0x00, 0x00, 0x01,
    0x03, 0x0A, 0xBC, 0xFF, 0xFF, 0xFC, 0xFB, 0xFB, 0xFC, 0xFF, 0xFF, 0xBC, 0x0A, 0x03, 0x01, 0x00,
    0x00, 0x00, 0x00, 0x00, 0x00, 0x00, 0x00, 0x00, 0x00, 0x00, 0x00, 0x00, 0x00, 0x00, 0x01, 0x00,
    0x04, 0x87, 0xED, 0xFF, 0xFF, 0xFF, 0xFF, 0xED, 0x87, 0x04, 0x00, 0x01, 0x00, 0x00, 0x00, 0x00,
    0x00, 0x00, 0x00, 0x00, 0x00, 0x00, 0x00, 0x00, 0x00, 0x00, 0x00, 0x00, 0x00, 0x01, 0x00, 0x00,
    0x16, 0x53, 0x7B, 0x7B, 0x53, 0x16, 0x00, 0x00, 0x01, 0x00, 0x00, 0x00, 0x00, 0x00, 0x00, 0x00,
    0x00, 0x00, 0x00, 0x00, 0x00, 0x00, 0x00, 0x00, 0x00, 0x00, 0x00, 0x00, 0x01, 0x03, 0x00, 0x00,
    0x00, 0x00, 0x00, 0x00, 0x03, 0x01, 0x00, 0x00, 0x00, 0x00, 0x00, 0x00, 0x00, 0x00, 0x00, 0x00,
    0x00, 0x00, 0x00, 0x00, 0x00, 0x00, 0x00, 0x00, 0x00, 0x00, 0x00, 0x00, 0x01, 0x03, 0x04, 0x04,
    0x03, 0x01, 0x00, 0x00, 0x00, 0x00, 0x00, 0x00, 0x00, 0x00, 0x00, 0x00, 0x00, 0x00, 0x00, 0x00,
    0x00, 0x00, 0x00, 0x00, 0x00, 0x00, 0x00, 0x00, 0x00, 0x00, 0x00, 0x00, 0x00, 0x00, 0x00, 0x00,
    0x00, 0x00, 0x00, 0x00, 0x00, 0x00, 0x00, 0x00, 0x00, 0x00, 0x00, 0x00
};

